date,kind,id
,fdtd,00163d05
,fdtd,00e5bc58
,fdtd,01ba60dd
,fdtd,049da201
,fdtd,120e0889
,fdtd,13e37bbe
,fdtd,18df6995
,fdtd,1cca68ce
,fdtd,1d77f724
,fdtd,210e9ebe
,fdtd,2145c3fa
,fdtd,2506f485
,fdtd,2f00211d
,fdtd,36b136bb
,fdtd,37eb68fc
,fdtd,41990b08
,fdtd,48945f43
,fdtd,500580cb
,fdtd,5849ae92
,fdtd,589331ea
,fdtd,639ef0bd
,fdtd,6ba7dc96
,fdtd,6c12a516
,fdtd,7e256ee4
,fdtd,88d0e329
,fdtd,8ddb5605
,fdtd,8e7dde27
,fdtd,b5b6414d
,fdtd,bc1d4cfb
,fdtd,bf2bc13c
,fdtd,c45e21c8
,fdtd,c603a9a9
,fdtd,cab5c050
,fdtd,cb7406d7
,fdtd,ce234eba
,fdtd,d0dcf4a9
,fdtd,d13045b4
,fdtd,d33f1388
,fdtd,d62abf97
,fdtd,e2295518
,fdtd,e6e606c3
,fdtd,f572bc7d
,fdtd,f9679412
,fdtd,fb83bb08
,fdtd,fe976938
2025-07,fdtd,016056c5
2025-07,fdtd,05532084
2025-07,fdtd,1c59110a
2025-07,fdtd,57638c33
2025-07,fdtd,580040de
2025-07,fdtd,68efd18c
2025-07,fdtd,71b5b6f0
2025-07,fdtd,7f800513
2025-07,fdtd,90cfe8b3
2025-07,fdtd,960f551f
2025-07,fdtd,9928ad73
2025-07,fdtd,acd3012d
2025-07,fdtd,adbd533c
2025-07,fdtd,c12fcaaf
2025-07,fdtd,dbfce447
2025-08,fdtd,016afc5d
2025-08,fdtd,01dbe339
2025-08,fdtd,0473a9d9
2025-08,fdtd,05c99055
2025-08,fdtd,0660e1af
2025-08,fdtd,07ac2f08
2025-08,fdtd,08c032ad
2025-08,fdtd,08faab9e
2025-08,fdtd,09a62f54
2025-08,fdtd,0a398b2f
2025-08,fdtd,0b72f340
2025-08,fdtd,0c39b761
2025-08,fdtd,0c670cf2
2025-08,fdtd,0ca644e4
2025-08,fdtd,0ce4d9c8
2025-08,fdtd,1037ac6b
2025-08,fdtd,108909bc
2025-08,fdtd,138fb09c
2025-08,fdtd,143befc8
2025-08,fdtd,15b678aa
2025-08,fdtd,1641e75d
2025-08,fdtd,18f55cf5
2025-08,fdtd,192c5b0c
2025-08,fdtd,19b64110
2025-08,fdtd,1a05ef1e
2025-08,fdtd,1a4bc2fd
2025-08,fdtd,1a739bf0
2025-08,fdtd,1ea7f072
2025-08,fdtd,2005f888
2025-08,fdtd,2127426e
2025-08,fdtd,23212062
2025-08,fdtd,23b3ddd8
2025-08,fdtd,24519ef6
2025-08,fdtd,269c3f16
2025-08,fdtd,277ba5b2
2025-08,fdtd,2870d01d
2025-08,fdtd,298555fa
2025-08,fdtd,2b2ee5ea
2025-08,fdtd,2b8951da
2025-08,fdtd,2cf45247
2025-08,fdtd,2d5efd81
2025-08,fdtd,2df87926
2025-08,fdtd,2fded3fd
2025-08,fdtd,2ff418b2
2025-08,fdtd,317b23a8
2025-08,fdtd,319df600
2025-08,fdtd,33540bb5
2025-08,fdtd,350bf63f
2025-08,fdtd,35fac135
2025-08,fdtd,37ad2b75
2025-08,fdtd,382723aa
2025-08,fdtd,39600c93
2025-08,fdtd,398cb4e8
2025-08,fdtd,3a6ec036
2025-08,fdtd,3aa137b3
2025-08,fdtd,3e2a090a
2025-08,fdtd,3ec1ef11
2025-08,fdtd,3ef1cf51
2025-08,fdtd,4068e0d8
2025-08,fdtd,4202576b
2025-08,fdtd,42534392
2025-08,fdtd,47422966
2025-08,fdtd,48909260
2025-08,fdtd,4985a500
2025-08,fdtd,4b353bd4
2025-08,fdtd,4b54c970
2025-08,fdtd,4c8c3ae4
2025-08,fdtd,4d5b7dea
2025-08,fdtd,507a54ba
2025-08,fdtd,5281b98e
2025-08,fdtd,5444c8c9
2025-08,fdtd,573f37b7
2025-08,fdtd,57cf153e
2025-08,fdtd,57d65689
2025-08,fdtd,57dbf596
2025-08,fdtd,591cb965
2025-08,fdtd,594930e3
2025-08,fdtd,59698de5
2025-08,fdtd,597567e8
2025-08,fdtd,59880a57
2025-08,fdtd,5af85fd8
2025-08,fdtd,5b73d296
2025-08,fdtd,5bc212d7
2025-08,fdtd,5e9a4dc0
2025-08,fdtd,5fc484bf
2025-08,fdtd,6060f06c
2025-08,fdtd,6075168d
2025-08,fdtd,624dcbad
2025-08,fdtd,62711b5d
2025-08,fdtd,633dfa0d
2025-08,fdtd,6484b87e
2025-08,fdtd,6578676d
2025-08,fdtd,663ad284
2025-08,fdtd,67e33c98
2025-08,fdtd,69bb4344
2025-08,fdtd,69bed9a2
2025-08,fdtd,6a1e25e4
2025-08,fdtd,6b7a28db
2025-08,fdtd,70951827
2025-08,fdtd,7147a85b
2025-08,fdtd,7249f1fd
2025-08,fdtd,72c3134a
2025-08,fdtd,74b4c5e2
2025-08,fdtd,755f300b
2025-08,fdtd,7603e759
2025-08,fdtd,772322ac
2025-08,fdtd,77804b63
2025-08,fdtd,7976159e
2025-08,fdtd,7a8ce616
2025-08,fdtd,7b63c526
2025-08,fdtd,7e0109dc
2025-08,fdtd,7f53068b
2025-08,fdtd,803ea398
2025-08,fdtd,804b479e
2025-08,fdtd,80fbb2a3
2025-08,fdtd,81695c91
2025-08,fdtd,81962d6e
2025-08,fdtd,81c77c0e
2025-08,fdtd,831f7d09
2025-08,fdtd,83d9c48f
2025-08,fdtd,86ec20d1
2025-08,fdtd,8842f479
2025-08,fdtd,8990a25f
2025-08,fdtd,8a9a9deb
2025-08,fdtd,8c4664ec
2025-08,fdtd,8d8c5684
2025-08,fdtd,8e450889
2025-08,fdtd,8f307885
2025-08,fdtd,93560bf1
2025-08,fdtd,955951f0
2025-08,fdtd,963e5953
2025-08,fdtd,96fdf00d
2025-08,fdtd,990e1f4f
2025-08,fdtd,9941d34e
2025-08,fdtd,9b4ee31d
2025-08,fdtd,9bbe145e
2025-08,fdtd,9ce10810
2025-08,fdtd,9d1f3e2a
2025-08,fdtd,9e08d0de
2025-08,fdtd,9ea33f99
2025-08,fdtd,a4d82ffc
2025-08,fdtd,a5bb3b49
2025-08,fdtd,a6b2593a
2025-08,fdtd,a85b5b23
2025-08,fdtd,a8859540
2025-08,fdtd,a9156755
2025-08,fdtd,a95ac9ae
2025-08,fdtd,a9f9986f
2025-08,fdtd,ac58a996
2025-08,fdtd,ad050d78
2025-08,fdtd,af16e133
2025-08,fdtd,aff0d999
2025-08,fdtd,b044bfea
2025-08,fdtd,b0e9cc34
2025-08,fdtd,b72df6e6
2025-08,fdtd,b83147d3
2025-08,fdtd,b8f259da
2025-08,fdtd,b9fcdc87
2025-08,fdtd,bbe8a39b
2025-08,fdtd,bceeaae2
2025-08,fdtd,bde06915
2025-08,fdtd,c0d99829
2025-08,fdtd,c130d44d
2025-08,fdtd,c27c8d7d
2025-08,fdtd,c4146aca
2025-08,fdtd,c4cbd01d
2025-08,fdtd,c59af74b
2025-08,fdtd,c6ba4599
2025-08,fdtd,c7579447
2025-08,fdtd,c88a30d7
2025-08,fdtd,ca021066
2025-08,fdtd,cc1d2034
2025-08,fdtd,cc91104f
2025-08,fdtd,cd5c40a2
2025-08,fdtd,cee45f29
2025-08,fdtd,d06df63b
2025-08,fdtd,d137138b
2025-08,fdtd,d4358d7b
2025-08,fdtd,d659fae4
2025-08,fdtd,d67bc4e2
2025-08,fdtd,dd5b8f23
2025-08,fdtd,de73a17c
2025-08,fdtd,dfa9d8aa
2025-08,fdtd,e1a44687
2025-08,fdtd,e2323127
2025-08,fdtd,e336e490
2025-08,fdtd,e36275cc
2025-08,fdtd,e41c95b7
2025-08,fdtd,e45897ef
2025-08,fdtd,e5116d70
2025-08,fdtd,e52aafce
2025-08,fdtd,e61782b1
2025-08,fdtd,e676594b
2025-08,fdtd,e7595dab
2025-08,fdtd,e7c41667
2025-08,fdtd,e8bcf228
2025-08,fdtd,e9f56030
2025-08,fdtd,ea15f19e
2025-08,fdtd,edc0c761
2025-08,fdtd,f0ed66fe
2025-08,fdtd,f17bfef8
2025-08,fdtd,f1da3f08
2025-08,fdtd,f34031bf
2025-08,fdtd,f422102d
2025-08,fdtd,f663a258
2025-08,fdtd,f809952c
2025-08,fdtd,f9720ef7
2025-08,fdtd,fcfd1ba5
2025-08,fdtd,fd67d947
2025-08,fdtd,fe7af690
2025-09,fdtd,00560f59
2025-09,fdtd,00f13bf4
2025-09,fdtd,00fce19c
2025-09,fdtd,01000572
2025-09,fdtd,01c2a92c
2025-09,fdtd,02088426
2025-09,fdtd,022c2e28
2025-09,fdtd,02358fd9
2025-09,fdtd,02c131c6
2025-09,fdtd,02e768fb
2025-09,fdtd,0320c4d4
2025-09,fdtd,03256892
2025-09,fdtd,04c18af8
2025-09,fdtd,04df7642
2025-09,fdtd,0692458f
2025-09,fdtd,07ab1024
2025-09,fdtd,08339e40
2025-09,fdtd,08922cf3
2025-09,fdtd,089b9490
2025-09,fdtd,09406114
2025-09,fdtd,0a1a9dfe
2025-09,fdtd,0ac0836d
2025-09,fdtd,0ad354f1
2025-09,fdtd,0b78503d
2025-09,fdtd,0b85a393
2025-09,fdtd,0bba4560
2025-09,fdtd,0bc0e73f
2025-09,fdtd,0c361047
2025-09,fdtd,0cf97706
2025-09,fdtd,0d354ee7
2025-09,fdtd,0fbf35d3
2025-09,fdtd,106f1bed
2025-09,fdtd,10d6c05f
2025-09,fdtd,10ece984
2025-09,fdtd,115e1433
2025-09,fdtd,11a2fb16
2025-09,fdtd,12a3be11
2025-09,fdtd,1305710b
2025-09,fdtd,13e72b32
2025-09,fdtd,14518274
2025-09,fdtd,14b6a5a9
2025-09,fdtd,16646fd9
2025-09,fdtd,17646c51
2025-09,fdtd,17d6f838
2025-09,fdtd,18329731
2025-09,fdtd,18ade045
2025-09,fdtd,18febeca
2025-09,fdtd,199714ac
2025-09,fdtd,199d1196
2025-09,fdtd,1ac0af81
2025-09,fdtd,1b58794f
2025-09,fdtd,1b9b8fa6
2025-09,fdtd,1c02eed6
2025-09,fdtd,1dab5a65
2025-09,fdtd,1e6acf10
2025-09,fdtd,1ed17c7b
2025-09,fdtd,1f07c536
2025-09,fdtd,1f61a009
2025-09,fdtd,20296bbf
2025-09,fdtd,204b1dd4
2025-09,fdtd,2084c22f
2025-09,fdtd,21b3316f
2025-09,fdtd,2276ba46
2025-09,fdtd,2367cb0a
2025-09,fdtd,237ee67e
2025-09,fdtd,240c09d5
2025-09,fdtd,240d6785
2025-09,fdtd,25f014c9
2025-09,fdtd,265c4f45
2025-09,fdtd,272a0bf6
2025-09,fdtd,289cd70b
2025-09,fdtd,2b5dc913
2025-09,fdtd,2c10be25
2025-09,fdtd,2c15941c
2025-09,fdtd,2c1ddcf2
2025-09,fdtd,2c3c5393
2025-09,fdtd,2cd931ac
2025-09,fdtd,2d2120f6
2025-09,fdtd,2d9eab80
2025-09,fdtd,2dbe46ab
2025-09,fdtd,2de2966a
2025-09,fdtd,2f4eae38
2025-09,fdtd,2fd2779f
2025-09,fdtd,2fe62bd5
2025-09,fdtd,304a4513
2025-09,fdtd,319e0859
2025-09,fdtd,31afd360
2025-09,fdtd,331119e8
2025-09,fdtd,33e590f8
2025-09,fdtd,35373b4b
2025-09,fdtd,357cdedd
2025-09,fdtd,36339aaf
2025-09,fdtd,370313fc
2025-09,fdtd,370cfc8a
2025-09,fdtd,37140110
2025-09,fdtd,37b75f1b
2025-09,fdtd,38156a0b
2025-09,fdtd,391aab4e
2025-09,fdtd,391e24b3
2025-09,fdtd,3a4c7416
2025-09,fdtd,3ae83d54
2025-09,fdtd,3b182f1c
2025-09,fdtd,3b659464
2025-09,fdtd,3bbe07df
2025-09,fdtd,3c8cf56a
2025-09,fdtd,3e634cbf
2025-09,fdtd,3e78ec5c
2025-09,fdtd,3eb18e5d
2025-09,fdtd,3eb5a1b7
2025-09,fdtd,3fbae2af
2025-09,fdtd,41763cb2
2025-09,fdtd,41991cd0
2025-09,fdtd,41e025f1
2025-09,fdtd,434b8561
2025-09,fdtd,43a413b0
2025-09,fdtd,43d8bfa0
2025-09,fdtd,442da76a
2025-09,fdtd,44554c22
2025-09,fdtd,4460ef69
2025-09,fdtd,44eb5803
2025-09,fdtd,469e103d
2025-09,fdtd,486c89d4
2025-09,fdtd,486cf024
2025-09,fdtd,48c92cbe
2025-09,fdtd,49291c52
2025-09,fdtd,498a3066
2025-09,fdtd,4a8490da
2025-09,fdtd,4b6414ae
2025-09,fdtd,4bb4eacb
2025-09,fdtd,4c0de6ee
2025-09,fdtd,4e3edec5
2025-09,fdtd,4ea44bbc
2025-09,fdtd,4f3c2f22
2025-09,fdtd,4f7577fb
2025-09,fdtd,4f7bbad1
2025-09,fdtd,50ed01b6
2025-09,fdtd,524f84e4
2025-09,fdtd,5258a748
2025-09,fdtd,52e4b699
2025-09,fdtd,52f2e1ab
2025-09,fdtd,5352c89f
2025-09,fdtd,536f64e7
2025-09,fdtd,539d5679
2025-09,fdtd,54c530f1
2025-09,fdtd,551c1a8a
2025-09,fdtd,57349c80
2025-09,fdtd,5838de60
2025-09,fdtd,587f4b4c
2025-09,fdtd,58f3c4c9
2025-09,fdtd,592cb45d
2025-09,fdtd,59978d96
2025-09,fdtd,5a3aafdc
2025-09,fdtd,5a4f5059
2025-09,fdtd,5a72a0c3
2025-09,fdtd,5a772bd9
2025-09,fdtd,5a8c3cfd
2025-09,fdtd,5b586164
2025-09,fdtd,5c154ff8
2025-09,fdtd,5cc79feb
2025-09,fdtd,5d6fe262
2025-09,fdtd,5d987e0a
2025-09,fdtd,5e27ec1f
2025-09,fdtd,5ef185e7
2025-09,fdtd,5f478e14
2025-09,fdtd,5f595fdb
2025-09,fdtd,5f9f1921
2025-09,fdtd,60929b72
2025-09,fdtd,61c39e4e
2025-09,fdtd,61ced294
2025-09,fdtd,623f1410
2025-09,fdtd,6278d858
2025-09,fdtd,63609a55
2025-09,fdtd,637d6cb8
2025-09,fdtd,641a03ec
2025-09,fdtd,652ec4fa
2025-09,fdtd,6769e7c7
2025-09,fdtd,67879a4b
2025-09,fdtd,67df5592
2025-09,fdtd,68567b95
2025-09,fdtd,6883bdb5
2025-09,fdtd,68d01485
2025-09,fdtd,6cca30be
2025-09,fdtd,6d90bc39
2025-09,fdtd,6e22d846
2025-09,fdtd,6f0e0842
2025-09,fdtd,6f1e71d8
2025-09,fdtd,6f54b554
2025-09,fdtd,6ff21eb8
2025-09,fdtd,7058c1ec
2025-09,fdtd,70f22280
2025-09,fdtd,7183a4bc
2025-09,fdtd,71c2539c
2025-09,fdtd,7237a5e1
2025-09,fdtd,72ca1035
2025-09,fdtd,73c8a492
2025-09,fdtd,749a7f6a
2025-09,fdtd,74b1910d
2025-09,fdtd,750cfb7a
2025-09,fdtd,753065d2
2025-09,fdtd,753d5ccf
2025-09,fdtd,766cc683
2025-09,fdtd,77246112
2025-09,fdtd,781eab5b
2025-09,fdtd,78d09e42
2025-09,fdtd,78e4f57a
2025-09,fdtd,790169ae
2025-09,fdtd,79323c9c
2025-09,fdtd,79bf9dd2
2025-09,fdtd,79c7d5b1
2025-09,fdtd,7a5415b3
2025-09,fdtd,7adcafa9
2025-09,fdtd,7afa407b
2025-09,fdtd,7b0a6b25
2025-09,fdtd,7cda5091
2025-09,fdtd,7e4939f1
2025-09,fdtd,7edb37ba
2025-09,fdtd,7f368857
2025-09,fdtd,7f60e16e
2025-09,fdtd,7fdfd078
2025-09,fdtd,80639ffa
2025-09,fdtd,8335292b
2025-09,fdtd,84a3ca67
2025-09,fdtd,867ba145
2025-09,fdtd,8711452e
2025-09,fdtd,87a4a0cc
2025-09,fdtd,88cfbdba
2025-09,fdtd,8937bc1c
2025-09,fdtd,8a0a4c90
2025-09,fdtd,8a2a5a1e
2025-09,fdtd,8a3a0337
2025-09,fdtd,8a6b3f1a
2025-09,fdtd,8b93d01f
2025-09,fdtd,8bb94aa4
2025-09,fdtd,8c038013
2025-09,fdtd,8e25e930
2025-09,fdtd,8fa44991
2025-09,fdtd,900e4993
2025-09,fdtd,902d8ff6
2025-09,fdtd,90441777
2025-09,fdtd,905a89d9
2025-09,fdtd,90fe3264
2025-09,fdtd,913f6afe
2025-09,fdtd,91e1d50d
2025-09,fdtd,9223e743
2025-09,fdtd,929eb629
2025-09,fdtd,93aa9e2f
2025-09,fdtd,94e62792
2025-09,fdtd,952e8426
2025-09,fdtd,9685d7a0
2025-09,fdtd,97452c79
2025-09,fdtd,97461291
2025-09,fdtd,97bec257
2025-09,fdtd,981c6088
2025-09,fdtd,983ff841
2025-09,fdtd,9872088d
2025-09,fdtd,98d19a20
2025-09,fdtd,9935d4e7
2025-09,fdtd,998c8299
2025-09,fdtd,99f3f7b8
2025-09,fdtd,9a56126a
2025-09,fdtd,9cf0b3a1
2025-09,fdtd,9d11b83e
2025-09,fdtd,9db83a87
2025-09,fdtd,9e79fc44
2025-09,fdtd,9f4007e7
2025-09,fdtd,9f46520c
2025-09,fdtd,9f6fa572
2025-09,fdtd,9fdb77da
2025-09,fdtd,a093f8eb
2025-09,fdtd,a12d8012
2025-09,fdtd,a2d42247
2025-09,fdtd,a2dd64e5
2025-09,fdtd,a31fed1e
2025-09,fdtd,a33fcb15
2025-09,fdtd,a3fadeb6
2025-09,fdtd,a43a5ad8
2025-09,fdtd,a45e4927
2025-09,fdtd,a55e9fea
2025-09,fdtd,a5827020
2025-09,fdtd,a5d5a9c3
2025-09,fdtd,a6ec23ff
2025-09,fdtd,a796a724
2025-09,fdtd,a7ffaa7d
2025-09,fdtd,a8731f20
2025-09,fdtd,a8d84bb1
2025-09,fdtd,a963566d
2025-09,fdtd,aa07266a
2025-09,fdtd,aa29a53f
2025-09,fdtd,aa65c988
2025-09,fdtd,aac821a4
2025-09,fdtd,aae06cb2
2025-09,fdtd,ab52ce2f
2025-09,fdtd,abfffd79
2025-09,fdtd,ac6001e5
2025-09,fdtd,adae9c85
2025-09,fdtd,ae2b3bb1
2025-09,fdtd,b089567f
2025-09,fdtd,b1297277
2025-09,fdtd,b2354dc5
2025-09,fdtd,b2501c08
2025-09,fdtd,b29fae96
2025-09,fdtd,b2a644b1
2025-09,fdtd,b2fad04b
2025-09,fdtd,b33fe26e
2025-09,fdtd,b41374d2
2025-09,fdtd,b5d7ba81
2025-09,fdtd,b73275d4
2025-09,fdtd,b746208c
2025-09,fdtd,b8aa928b
2025-09,fdtd,b9d2e03c
2025-09,fdtd,ba8e685f
2025-09,fdtd,bae6c3f2
2025-09,fdtd,bb2a431e
2025-09,fdtd,bb43acc2
2025-09,fdtd,bb497c16
2025-09,fdtd,bb97183c
2025-09,fdtd,bc48d1b5
2025-09,fdtd,bc85b575
2025-09,fdtd,bce3a8e4
2025-09,fdtd,be621919
2025-09,fdtd,be77a6af
2025-09,fdtd,beec0e98
2025-09,fdtd,bf705376
2025-09,fdtd,c00f2779
2025-09,fdtd,c062cab4
2025-09,fdtd,c095f06b
2025-09,fdtd,c0ca8c61
2025-09,fdtd,c1d8d961
2025-09,fdtd,c1dd5af1
2025-09,fdtd,c2047c08
2025-09,fdtd,c2724680
2025-09,fdtd,c2c6cb66
2025-09,fdtd,c311666e
2025-09,fdtd,c43910e1
2025-09,fdtd,c5e69d4d
2025-09,fdtd,c85d4b3a
2025-09,fdtd,c88c9f43
2025-09,fdtd,c9aa3945
2025-09,fdtd,c9cfd409
2025-09,fdtd,c9f9eaa2
2025-09,fdtd,ca30f7e0
2025-09,fdtd,ca78515f
2025-09,fdtd,caca0e41
2025-09,fdtd,cc079077
2025-09,fdtd,ccd66af9
2025-09,fdtd,cd9a7502
2025-09,fdtd,cdbda413
2025-09,fdtd,cde28eda
2025-09,fdtd,cde7afd2
2025-09,fdtd,ce065348
2025-09,fdtd,ce2215a3
2025-09,fdtd,cfe932d9
2025-09,fdtd,cff02463
2025-09,fdtd,d024d9b0
2025-09,fdtd,d0261dfd
2025-09,fdtd,d0a96be7
2025-09,fdtd,d0e00216
2025-09,fdtd,d0f839d6
2025-09,fdtd,d348cefc
2025-09,fdtd,d34903d1
2025-09,fdtd,d3c62e9f
2025-09,fdtd,d3ec15c2
2025-09,fdtd,d3f57c6e
2025-09,fdtd,d4541c0a
2025-09,fdtd,d46b2db9
2025-09,fdtd,d629d53b
2025-09,fdtd,d728cfc3
2025-09,fdtd,d76770cb
2025-09,fdtd,d772bda6
2025-09,fdtd,d94cf45c
2025-09,fdtd,da80e729
2025-09,fdtd,dab85680
2025-09,fdtd,db40d650
2025-09,fdtd,db6fdc22
2025-09,fdtd,dc24ae0e
2025-09,fdtd,de40ada6
2025-09,fdtd,df893f7d
2025-09,fdtd,dfc5af53
2025-09,fdtd,e001f645
2025-09,fdtd,e1a27b57
2025-09,fdtd,e285ba3a
2025-09,fdtd,e33768bc
2025-09,fdtd,e68b0ce2
2025-09,fdtd,e75568d3
2025-09,fdtd,e75f1fe8
2025-09,fdtd,e7d57729
2025-09,fdtd,e848f141
2025-09,fdtd,e87fafad
2025-09,fdtd,e8d08ec0
2025-09,fdtd,e98eb4bc
2025-09,fdtd,ea7e3897
2025-09,fdtd,eb726da3
2025-09,fdtd,ec079e63
2025-09,fdtd,ef268e41
2025-09,fdtd,ef87d8ce
2025-09,fdtd,efad83f3
2025-09,fdtd,efd825e9
2025-09,fdtd,effe7e70
2025-09,fdtd,f01c6a52
2025-09,fdtd,f378cd76
2025-09,fdtd,f3ca8c63
2025-09,fdtd,f41a7a9b
2025-09,fdtd,f5492023
2025-09,fdtd,f6610664
2025-09,fdtd,f6fd7849
2025-09,fdtd,f76cfada
2025-09,fdtd,f7e305e0
2025-09,fdtd,f8314357
2025-09,fdtd,f8d3c152
2025-09,fdtd,f8d51dee
2025-09,fdtd,f9e46c1f
2025-09,fdtd,fa370fe9
2025-09,fdtd,fa907154
2025-09,fdtd,fafd3662
2025-09,fdtd,fb840d72
2025-09,fdtd,fb93974b
2025-09,fdtd,fba08a86
2025-09,fdtd,fd3ebd62
2025-09,fdtd,fdfdd397
2025-09,fdtd,fe31d1aa
2025-09,fdtd,feb5f452
2025-09,fdtd,ff457324
2025-09,fdtd,ff5a49e3
2025-09,fdtd,ffc847b9
2025-10,fdtd,009ac1d5
2025-10,fdtd,01cb97fb
2025-10,fdtd,02374c62
2025-10,fdtd,035a0ba5
2025-10,fdtd,036d624b
2025-10,fdtd,044992db
2025-10,fdtd,0563ad70
2025-10,fdtd,05c576c2
2025-10,fdtd,05d93c70
2025-10,fdtd,05f6d0f8
2025-10,fdtd,06cc52e9
2025-10,fdtd,070d6e0c
2025-10,fdtd,07a3b5cd
2025-10,fdtd,0805a828
2025-10,fdtd,080fd936
2025-10,fdtd,08837523
2025-10,fdtd,08f77d33
2025-10,fdtd,09d1344f
2025-10,fdtd,0bda9ee2
2025-10,fdtd,0c049329
2025-10,fdtd,0c23d1b6
2025-10,fdtd,0c492432
2025-10,fdtd,0c6e9b3c
2025-10,fdtd,0d2dee92
2025-10,fdtd,0eada478
2025-10,fdtd,0f311f46
2025-10,fdtd,0f80ba71
2025-10,fdtd,1034a953
2025-10,fdtd,10d8143a
2025-10,fdtd,1187011f
2025-10,fdtd,123b140c
2025-10,fdtd,1325870d
2025-10,fdtd,134d21ed
2025-10,fdtd,13e76e3f
2025-10,fdtd,1562b7be
2025-10,fdtd,16243abf
2025-10,fdtd,16dbac3e
2025-10,fdtd,18c73fc3
2025-10,fdtd,191a13be
2025-10,fdtd,19740c0a
2025-10,fdtd,199dd23c
2025-10,fdtd,1a111bf8
2025-10,fdtd,1a58db85
2025-10,fdtd,1aa0cf2f
2025-10,fdtd,1d159496
2025-10,fdtd,1dd5c264
2025-10,fdtd,1e72446a
2025-10,fdtd,1f24eeeb
2025-10,fdtd,1f4a58c9
2025-10,fdtd,21f0e8e1
2025-10,fdtd,22decf99
2025-10,fdtd,237b5ca2
2025-10,fdtd,25148040
2025-10,fdtd,2766d6f7
2025-10,fdtd,299918ee
2025-10,fdtd,299c0d3a
2025-10,fdtd,29cacb31
2025-10,fdtd,2ad89f39
2025-10,fdtd,2d9f4681
2025-10,fdtd,2de260b3
2025-10,fdtd,2df20524
2025-10,fdtd,2e74b2ee
2025-10,fdtd,2e8c9078
2025-10,fdtd,2eab47bf
2025-10,fdtd,2fa066e6
2025-10,fdtd,3180793e
2025-10,fdtd,3288cffe
2025-10,fdtd,338190c4
2025-10,fdtd,33d94e5f
2025-10,fdtd,34067418
2025-10,fdtd,34e7f3aa
2025-10,fdtd,36f4662d
2025-10,fdtd,3727f872
2025-10,fdtd,37505c60
2025-10,fdtd,37b658b4
2025-10,fdtd,37ec1117
2025-10,fdtd,38eb1b04
2025-10,fdtd,39e834ee
2025-10,fdtd,3bbd306d
2025-10,fdtd,3c96fa3e
2025-10,fdtd,3cedbc8a
2025-10,fdtd,3d8a182f
2025-10,fdtd,3e541e3a
2025-10,fdtd,3f6ea4ab
2025-10,fdtd,4147b026
2025-10,fdtd,415976ff
2025-10,fdtd,435168b9
2025-10,fdtd,4369f4cd
2025-10,fdtd,43794fc4
2025-10,fdtd,4391d218
2025-10,fdtd,43ea8ece
2025-10,fdtd,44287685
2025-10,fdtd,450552c6
2025-10,fdtd,4531c01a
2025-10,fdtd,453aee46
2025-10,fdtd,4552e404
2025-10,fdtd,45d7b13a
2025-10,fdtd,45dbe885
2025-10,fdtd,4763f29e
2025-10,fdtd,483e1d77
2025-10,fdtd,48ae2d26
2025-10,fdtd,48c1cd7e
2025-10,fdtd,4977f3e7
2025-10,fdtd,49c5a4d6
2025-10,fdtd,4a051c33
2025-10,fdtd,4abd3687
2025-10,fdtd,4c35f162
2025-10,fdtd,4d8b281e
2025-10,fdtd,4de286d9
2025-10,fdtd,4e4780b7
2025-10,fdtd,4e5c91a6
2025-10,fdtd,4f196945
2025-10,fdtd,4ff86134
2025-10,fdtd,50eb85a3
2025-10,fdtd,513e4409
2025-10,fdtd,529b3156
2025-10,fdtd,5350fe36
2025-10,fdtd,53f693d9
2025-10,fdtd,543fd44e
2025-10,fdtd,54b0b402
2025-10,fdtd,54e3b4d0
2025-10,fdtd,566b8ea2
2025-10,fdtd,585def9b
2025-10,fdtd,58e0ec20
2025-10,fdtd,58e11bb8
2025-10,fdtd,592640ad
2025-10,fdtd,5a7dc71f
2025-10,fdtd,5c251c66
2025-10,fdtd,5c266dea
2025-10,fdtd,5cc4c736
2025-10,fdtd,5e37de2a
2025-10,fdtd,5e6a8f70
2025-10,fdtd,623039f4
2025-10,fdtd,62ff43f3
2025-10,fdtd,631e0cf8
2025-10,fdtd,63201fde
2025-10,fdtd,6409740b
2025-10,fdtd,6472969f
2025-10,fdtd,64e8fc24
2025-10,fdtd,64ed8ec9
2025-10,fdtd,6540e2ae
2025-10,fdtd,65a21b80
2025-10,fdtd,69373eb4
2025-10,fdtd,696d284d
2025-10,fdtd,69bb6a67
2025-10,fdtd,6abbd1a4
2025-10,fdtd,6af49b32
2025-10,fdtd,6bc1a4f2
2025-10,fdtd,6c538c23
2025-10,fdtd,6c60d491
2025-10,fdtd,6cdcde8e
2025-10,fdtd,6cf919c3
2025-10,fdtd,6d5eac5c
2025-10,fdtd,6d980162
2025-10,fdtd,6fa901ea
2025-10,fdtd,6fc2c412
2025-10,fdtd,703d781b
2025-10,fdtd,718c52be
2025-10,fdtd,71ef2855
2025-10,fdtd,72221b17
2025-10,fdtd,723504f7
2025-10,fdtd,72cb0f7b
2025-10,fdtd,73b96502
2025-10,fdtd,771bf750
2025-10,fdtd,781dbb4a
2025-10,fdtd,795cbdfb
2025-10,fdtd,79f43e79
2025-10,fdtd,7a3a7f10
2025-10,fdtd,7b73a29a
2025-10,fdtd,7c02182d
2025-10,fdtd,7c096aa6
2025-10,fdtd,7c5162b4
2025-10,fdtd,7e5be60d
2025-10,fdtd,7e79e7b6
2025-10,fdtd,7fba8ab4
2025-10,fdtd,80629d27
2025-10,fdtd,82eefd5c
2025-10,fdtd,839425c8
2025-10,fdtd,84742b14
2025-10,fdtd,85723f2f
2025-10,fdtd,8580bf18
2025-10,fdtd,85c46b58
2025-10,fdtd,86792a58
2025-10,fdtd,86cad03f
2025-10,fdtd,87f92564
2025-10,fdtd,880771db
2025-10,fdtd,885401af
2025-10,fdtd,88aade11
2025-10,fdtd,8b087f24
2025-10,fdtd,8c12f9fb
2025-10,fdtd,8cb04f48
2025-10,fdtd,8cbf6fce
2025-10,fdtd,8d0f1baf
2025-10,fdtd,8d147d9d
2025-10,fdtd,8daa604a
2025-10,fdtd,8ebed782
2025-10,fdtd,9043fcaf
2025-10,fdtd,9149ab69
2025-10,fdtd,9293a902
2025-10,fdtd,92d96230
2025-10,fdtd,936d0b93
2025-10,fdtd,95b924f8
2025-10,fdtd,9795c068
2025-10,fdtd,98ff49c0
2025-10,fdtd,9ac74839
2025-10,fdtd,9b8ddec7
2025-10,fdtd,9ccc2a61
2025-10,fdtd,9dd08aad
2025-10,fdtd,9e1b5c31
2025-10,fdtd,9e1ff153
2025-10,fdtd,a06fe806
2025-10,fdtd,a24d3313
2025-10,fdtd,a2a037ea
2025-10,fdtd,a32235b1
2025-10,fdtd,a48947df
2025-10,fdtd,a4a24054
2025-10,fdtd,a602b8b4
2025-10,fdtd,a8208300
2025-10,fdtd,a8e9cff3
2025-10,fdtd,a9b3ec4e
2025-10,fdtd,ac72e68e
2025-10,fdtd,acf22475
2025-10,fdtd,af7f7bc7
2025-10,fdtd,af8c22f0
2025-10,fdtd,b0bb5740
2025-10,fdtd,b148756c
2025-10,fdtd,b2dba04c
2025-10,fdtd,b30ab2da
2025-10,fdtd,b3ad18c0
2025-10,fdtd,b3adad86
2025-10,fdtd,b3c97ff5
2025-10,fdtd,b4c9c66e
2025-10,fdtd,b5ae3917
2025-10,fdtd,b6d6b666
2025-10,fdtd,b7bb3c0d
2025-10,fdtd,b810fd32
2025-10,fdtd,b86b048f
2025-10,fdtd,b8997655
2025-10,fdtd,ba238d57
2025-10,fdtd,ba3b306a
2025-10,fdtd,bb2cc524
2025-10,fdtd,bd8aa2a2
2025-10,fdtd,bdd0a1f3
2025-10,fdtd,be5069c6
2025-10,fdtd,bfbe50e8
2025-10,fdtd,bfca652e
2025-10,fdtd,c203a615
2025-10,fdtd,c248681b
2025-10,fdtd,c3d8bde9
2025-10,fdtd,c610aee1
2025-10,fdtd,c6aa29aa
2025-10,fdtd,c6d4f4d2
2025-10,fdtd,c72c0ba8
2025-10,fdtd,c78d4a5c
2025-10,fdtd,c795df48
2025-10,fdtd,c823cb29
2025-10,fdtd,c873388c
2025-10,fdtd,c8733f31
2025-10,fdtd,cadbc8b1
2025-10,fdtd,cba99897
2025-10,fdtd,cbed99a0
2025-10,fdtd,cdb29314
2025-10,fdtd,cdcb6cb7
2025-10,fdtd,cf2b8e01
2025-10,fdtd,cf55f6b3
2025-10,fdtd,cffed2e6
2025-10,fdtd,d1867f74
2025-10,fdtd,d3bafeab
2025-10,fdtd,d3c0591a
2025-10,fdtd,d421f667
2025-10,fdtd,d5bcb2fa
2025-10,fdtd,d68f5b38
2025-10,fdtd,d6c0cf27
2025-10,fdtd,d6c62113
2025-10,fdtd,d76c4dbe
2025-10,fdtd,d7a46873
2025-10,fdtd,d7b1e971
2025-10,fdtd,d93a2175
2025-10,fdtd,dc506215
2025-10,fdtd,dc6779f9
2025-10,fdtd,dcbc8813
2025-10,fdtd,dcfc8612
2025-10,fdtd,dfd647a3
2025-10,fdtd,e0d58eb9
2025-10,fdtd,e0e18a7a
2025-10,fdtd,e1045764
2025-10,fdtd,e1d1144f
2025-10,fdtd,e229dd80
2025-10,fdtd,e23cfb5f
2025-10,fdtd,e2cbd2c7
2025-10,fdtd,e58d0070
2025-10,fdtd,e71858b6
2025-10,fdtd,e84d35a0
2025-10,fdtd,e95853d0
2025-10,fdtd,e97460e4
2025-10,fdtd,e9ac1a42
2025-10,fdtd,ea9e5865
2025-10,fdtd,eaadedec
2025-10,fdtd,eacb1bb7
2025-10,fdtd,eb6383f9
2025-10,fdtd,eb657f22
2025-10,fdtd,ee7e54e6
2025-10,fdtd,f0a0c42b
2025-10,fdtd,f244f518
2025-10,fdtd,f25b6f34
2025-10,fdtd,f4159351
2025-10,fdtd,f4bb4b73
2025-10,fdtd,f524e908
2025-10,fdtd,f539c06e
2025-10,fdtd,f6515fe5
2025-10,fdtd,f77da8c0
2025-10,fdtd,fa001067
2025-10,fdtd,fa0a5afc
2025-10,fdtd,fa28e488
2025-10,fdtd,fb710c8b
2025-10,fdtd,fbd25ed3
2025-10,fdtd,fbe91a8d
2025-10,fdtd,fbf63a33
2025-10,fdtd,fc24453a
2025-10,fdtd,fcafc295
2025-10,fdtd,fd08e2cb
2025-10,fdtd,ff09f6e9
2025-11,fdtd,007a498a
2025-11,fdtd,015ac972
2025-11,fdtd,02f0a658
2025-11,fdtd,031ad644
2025-11,fdtd,03e4002a
2025-11,fdtd,088fd098
2025-11,fdtd,0b0c08b8
2025-11,fdtd,101099e9
2025-11,fdtd,11f75f7d
2025-11,fdtd,128a2915
2025-11,fdtd,130e6c04
2025-11,fdtd,135b0816
2025-11,fdtd,14ef3a55
2025-11,fdtd,189009d7
2025-11,fdtd,1bd6e560
2025-11,fdtd,1d5fb705
2025-11,fdtd,206ac3c7
2025-11,fdtd,22ef580c
2025-11,fdtd,23f164f6
2025-11,fdtd,24b76bfb
2025-11,fdtd,25cb3cca
2025-11,fdtd,2614c440
2025-11,fdtd,2c3af9c1
2025-11,fdtd,311fa06e
2025-11,fdtd,34e8c5b3
2025-11,fdtd,3650253c
2025-11,fdtd,36a1be2b
2025-11,fdtd,36dd2a8b
2025-11,fdtd,36e51e24
2025-11,fdtd,3830034a
2025-11,fdtd,391457cf
2025-11,fdtd,3bb27d1d
2025-11,fdtd,3e2ec7f7
2025-11,fdtd,4423bfea
2025-11,fdtd,46f567a2
2025-11,fdtd,47e87fb4
2025-11,fdtd,500b16bb
2025-11,fdtd,51eb52f3
2025-11,fdtd,5345ec35
2025-11,fdtd,562a4a98
2025-11,fdtd,56d02781
2025-11,fdtd,59c05ca7
2025-11,fdtd,5a81ac97
2025-11,fdtd,61519680
2025-11,fdtd,6169918d
2025-11,fdtd,61a208c7
2025-11,fdtd,62cf5ebc
2025-11,fdtd,675c7bac
2025-11,fdtd,67ce1005
2025-11,fdtd,6a2c5526
2025-11,fdtd,6b37012d
2025-11,fdtd,6ea07a50
2025-11,fdtd,6ef6ff1b
2025-11,fdtd,6f5e62be
2025-11,fdtd,71dd38a2
2025-11,fdtd,7257abf2
2025-11,fdtd,72de2a7e
2025-11,fdtd,77098fb3
2025-11,fdtd,7ad30570
2025-11,fdtd,7d0af088
2025-11,fdtd,8925caf5
2025-11,fdtd,8ee3a4ad
2025-11,fdtd,8f864c93
2025-11,fdtd,915a4011
2025-11,fdtd,915c268a
2025-11,fdtd,91c6209a
2025-11,fdtd,943febd3
2025-11,fdtd,95a878e6
2025-11,fdtd,9b0316bf
2025-11,fdtd,a1e94def
2025-11,fdtd,a2f86943
2025-11,fdtd,a4bb022e
2025-11,fdtd,a7d9b103
2025-11,fdtd,a82a36b6
2025-11,fdtd,ab4c5e83
2025-11,fdtd,adfc180b
2025-11,fdtd,b2e83fb2
2025-11,fdtd,b48131ad
2025-11,fdtd,b4945bdc
2025-11,fdtd,bcb9ae03
2025-11,fdtd,bd55dc32
2025-11,fdtd,bf607da4
2025-11,fdtd,c0c8e318
2025-11,fdtd,c1533398
2025-11,fdtd,c17ef32e
2025-11,fdtd,c4371c8d
2025-11,fdtd,c55e96e2
2025-11,fdtd,c7398f8f
2025-11,fdtd,ccd09e26
2025-11,fdtd,ccfbaec4
2025-11,fdtd,ce77121a
2025-11,fdtd,cf06e1d1
2025-11,fdtd,d5b07a3e
2025-11,fdtd,dbcbc523
2025-11,fdtd,dcf70d3e
2025-11,fdtd,dd1aac40
2025-11,fdtd,ddf48aac
2025-11,fdtd,e1bbfe3b
2025-11,fdtd,e4afe9ed
2025-11,fdtd,e4dca1d7
2025-11,fdtd,e6364909
2025-11,fdtd,e855b6c1
2025-11,fdtd,e9b3a370
2025-11,fdtd,eb9dccee
2025-11,fdtd,edad0675
2025-11,fdtd,eeffedea
2025-11,fdtd,ef8a1f6c
2025-11,fdtd,efaa0b01
2025-11,fdtd,f14a65f5
2025-11,fdtd,f38b544f
2025-11,fdtd,f3ad7556
2025-11,fdtd,f4c0181d
2025-11,fdtd,f5a90185
2025-11,fdtd,f5da249e
2025-11,fdtd,f64fc9f4
2025-11,fdtd,fb3e9947
2025-11,fdtd,feacf443
2025-12,fdtd,0555b08f
2025-12,fdtd,149d581e
2025-12,fdtd,26d8fac8
2025-12,fdtd,2db9635e
2025-12,fdtd,38d385bd
2025-12,fdtd,38eca2a9
2025-12,fdtd,52c9b054
2025-12,fdtd,5833e8b0
2025-12,fdtd,5b4f37d8
2025-12,fdtd,651d93a1
2025-12,fdtd,7ae7296a
2025-12,fdtd,85fbc9b5
2025-12,fdtd,98a35208
2025-12,fdtd,b7e74d8d
2025-12,fdtd,ccbfb1ae
2025-12,fdtd,d407340f
2025-12,fdtd,dc1481da
2025-12,fdtd,dcdaa41c
2025-12,fdtd,e8455219
2025-12,fdtd,ec983ad0
2025-12,fdtd,ed0fc827
2025-12,fdtd,f501c8d0
2025-12,fdtd,f839f592
2026-01-06,fdtd,097839a2
2026-01-06,fdtd,2ff5fe4e
2026-01-06,fdtd,45142aa7
2026-01-06,fdtd,4bfe2e8f
2026-01-06,fdtd,546b1177
2026-01-06,fdtd,8a300401
2026-01-06,fdtd,e8ca25c8
2026-01-06,fdtd,fd659fab
2026-01-15,fdtd,156e1082
2026-01-15,fdtd,2f265931
2026-01-15,fdtd,359e49e7
2026-01-15,fdtd,5f6a12fe
2026-01-15,fdtd,6b4ec667
2026-01-15,fdtd,7d6be6d0
2026-01-15,fdtd,a3221329
2026-01-29,fdtd,0367798b
2026-01-29,fdtd,10840813
2026-01-29,fdtd,20978eb9
2026-01-29,fdtd,50bb6550
2026-01-29,fdtd,55f9bd2c
2026-01-29,fdtd,68f8b65d
2026-01-29,fdtd,94e04610
2026-01-29,fdtd,b1e44e0d
2026-01-29,fdtd,bb83610f
2026-01-29,fdtd,c221cfe6
2026-01-29,fdtd,d9c36941
2026-01-29,fdtd,df604f4c
2026-01-29,fdtd,e1c7d547
2026-01-29,fdtd,e40b354d
2026-02-02,mode_solver,05ebecee
2026-02-02,mode_solver,0f10b7f0
2026-02-02,mode_solver,2258e247
2026-02-02,mode_solver,24e29178
2026-02-02,mode_solver,2fa3224a
2026-02-02,mode_solver,3bce4850
2026-02-02,mode_solver,59ed6db5
2026-02-02,mode_solver,6a45a722
2026-02-02,mode_solver,6cfd9a1a
2026-02-02,mode_solver,78c7534a
2026-02-02,mode_solver,7aee875c
2026-02-02,mode_solver,87806c55
2026-02-02,mode_solver,8cdbbfa8
2026-02-02,mode_solver,b573b6af
2026-02-02,mode_solver,ba43836f
2026-02-02,mode_solver,d2f4aa78
2026-02-02,mode_solver,e5cb566a
2026-02-02,mode_solver,fd84f9fa
2026-02-03,fdtd,2e004159
2026-02-03,fdtd,9310a5f8
2026-02-03,mode_solver,00018358
2026-02-03,mode_solver,03548035
2026-02-03,mode_solver,047b5160
2026-02-03,mode_solver,05b6da5c
2026-02-03,mode_solver,061ee5dc
2026-02-03,mode_solver,067b1996
2026-02-03,mode_solver,07079ce4
2026-02-03,mode_solver,078da0b8
2026-02-03,mode_solver,07cdc3a8
2026-02-03,mode_solver,08bfc104
2026-02-03,mode_solver,09bbb788
2026-02-03,mode_solver,0a4a9c2a
2026-02-03,mode_solver,0aafe53a
2026-02-03,mode_solver,0ae20385
2026-02-03,mode_solver,0b3871b3
2026-02-03,mode_solver,11bfecaf
2026-02-03,mode_solver,1392fb77
2026-02-03,mode_solver,14d93d16
2026-02-03,mode_solver,151551ed
2026-02-03,mode_solver,164e4d00
2026-02-03,mode_solver,17a980a1
2026-02-03,mode_solver,18eea664
2026-02-03,mode_solver,1adccab7
2026-02-03,mode_solver,1c24c5b4
2026-02-03,mode_solver,1d9c3478
2026-02-03,mode_solver,1da975f6
2026-02-03,mode_solver,1ee1ad66
2026-02-03,mode_solver,200d2b85
2026-02-03,mode_solver,217789c1
2026-02-03,mode_solver,22182b63
2026-02-03,mode_solver,2251bc9e
2026-02-03,mode_solver,23cefbef
2026-02-03,mode_solver,23edb4da
2026-02-03,mode_solver,2612b317
2026-02-03,mode_solver,2923de61
2026-02-03,mode_solver,2dc12388
2026-02-03,mode_solver,2e5c788b
2026-02-03,mode_solver,2e8eb953
2026-02-03,mode_solver,304865e8
2026-02-03,mode_solver,311b5bcb
2026-02-03,mode_solver,3170a950
2026-02-03,mode_solver,322aa6f0
2026-02-03,mode_solver,343bd077
2026-02-03,mode_solver,3593a67b
2026-02-03,mode_solver,36c55b5a
2026-02-03,mode_solver,37897aaa
2026-02-03,mode_solver,3834cebb
2026-02-03,mode_solver,384a4c49
2026-02-03,mode_solver,38f6b3d0
2026-02-03,mode_solver,38fc1f6d
2026-02-03,mode_solver,39484b87
2026-02-03,mode_solver,3997f122
2026-02-03,mode_solver,3ac5197e
2026-02-03,mode_solver,3d501ea9
2026-02-03,mode_solver,3f0e7c19
2026-02-03,mode_solver,3fae1ae9
2026-02-03,mode_solver,3fbf8719
2026-02-03,mode_solver,42a747a4
2026-02-03,mode_solver,43952db7
2026-02-03,mode_solver,43c9b84e
2026-02-03,mode_solver,43f61dfb
2026-02-03,mode_solver,461b8ea1
2026-02-03,mode_solver,4687cbb2
2026-02-03,mode_solver,4ce7d7bd
2026-02-03,mode_solver,4daa881c
2026-02-03,mode_solver,4dfdf65c
2026-02-03,mode_solver,4f32a4a9
2026-02-03,mode_solver,51f56280
2026-02-03,mode_solver,53e7838f
2026-02-03,mode_solver,55c3d7a3
2026-02-03,mode_solver,5603a3c0
2026-02-03,mode_solver,565c1af5
2026-02-03,mode_solver,5731d089
2026-02-03,mode_solver,5b216622
2026-02-03,mode_solver,5d03bd0e
2026-02-03,mode_solver,5d126619
2026-02-03,mode_solver,5e4753c3
2026-02-03,mode_solver,5f04fc05
2026-02-03,mode_solver,5fb7b822
2026-02-03,mode_solver,6055895e
2026-02-03,mode_solver,607d55fb
2026-02-03,mode_solver,633e9fb0
2026-02-03,mode_solver,63e3dd18
2026-02-03,mode_solver,642d3ea9
2026-02-03,mode_solver,661ba1c1
2026-02-03,mode_solver,667c560e
2026-02-03,mode_solver,6af5150b
2026-02-03,mode_solver,6b9b7e59
2026-02-03,mode_solver,6da78514
2026-02-03,mode_solver,6ed2d7be
2026-02-03,mode_solver,715a7bcf
2026-02-03,mode_solver,718d89ad
2026-02-03,mode_solver,7240c251
2026-02-03,mode_solver,72888fcc
2026-02-03,mode_solver,73be6ddf
2026-02-03,mode_solver,7419b0ca
2026-02-03,mode_solver,7463f6e8
2026-02-03,mode_solver,782407e3
2026-02-03,mode_solver,79cfe2f4
2026-02-03,mode_solver,7b702625
2026-02-03,mode_solver,7e5a7f63
2026-02-03,mode_solver,7ecf50de
2026-02-03,mode_solver,7fd0bd5f
2026-02-03,mode_solver,8096458a
2026-02-03,mode_solver,81cc7190
2026-02-03,mode_solver,8329e785
2026-02-03,mode_solver,83786f5a
2026-02-03,mode_solver,83a0ee7c
2026-02-03,mode_solver,83ee55bc
2026-02-03,mode_solver,84ec4724
2026-02-03,mode_solver,853e4ed6
2026-02-03,mode_solver,87861af7
2026-02-03,mode_solver,87866f69
2026-02-03,mode_solver,8861b4a4
2026-02-03,mode_solver,886b19ce
2026-02-03,mode_solver,889d1c53
2026-02-03,mode_solver,8a92a471
2026-02-03,mode_solver,8ac6ad71
2026-02-03,mode_solver,8c3133f1
2026-02-03,mode_solver,8ea0f36b
2026-02-03,mode_solver,91ec5c85
2026-02-03,mode_solver,92fa3130
2026-02-03,mode_solver,9804cd5c
2026-02-03,mode_solver,99543123
2026-02-03,mode_solver,9bd1dfcd
2026-02-03,mode_solver,9c2c08ab
2026-02-03,mode_solver,9cbead0a
2026-02-03,mode_solver,9ce31373
2026-02-03,mode_solver,9da77928
2026-02-03,mode_solver,9decb351
2026-02-03,mode_solver,9eb94ca8
2026-02-03,mode_solver,9f62a094
2026-02-03,mode_solver,a1d05a4a
2026-02-03,mode_solver,a1f96e18
2026-02-03,mode_solver,a24a4928
2026-02-03,mode_solver,a611b4ec
2026-02-03,mode_solver,a7d40b53
2026-02-03,mode_solver,a839bd99
2026-02-03,mode_solver,aa2bd740
2026-02-03,mode_solver,ae0992a7
2026-02-03,mode_solver,b0668baf
2026-02-03,mode_solver,b0f2fdc0
2026-02-03,mode_solver,b2c744ec
2026-02-03,mode_solver,b31ee9c7
2026-02-03,mode_solver,b47688f4
2026-02-03,mode_solver,b66e6311
2026-02-03,mode_solver,b711515d
2026-02-03,mode_solver,b74321bd
2026-02-03,mode_solver,b8cac3d0
2026-02-03,mode_solver,b9a6a974
2026-02-03,mode_solver,ba623e66
2026-02-03,mode_solver,bac7883f
2026-02-03,mode_solver,bc6399d2
2026-02-03,mode_solver,be3f78b3
2026-02-03,mode_solver,be4074ec
2026-02-03,mode_solver,be5c9e96
2026-02-03,mode_solver,bfbcdf27
2026-02-03,mode_solver,c070c15e
2026-02-03,mode_solver,c5e6642f
2026-02-03,mode_solver,c6d86f55
2026-02-03,mode_solver,c6dc92a4
2026-02-03,mode_solver,c877489c
2026-02-03,mode_solver,c8da3186
2026-02-03,mode_solver,ca613c32
2026-02-03,mode_solver,cd8c1aed
2026-02-03,mode_solver,cdb42e8e
2026-02-03,mode_solver,d0d9173e
2026-02-03,mode_solver,d0de2bff
2026-02-03,mode_solver,d0f1e743
2026-02-03,mode_solver,d12b3021
2026-02-03,mode_solver,d3b7cc93
2026-02-03,mode_solver,d415050b
2026-02-03,mode_solver,d551f130
2026-02-03,mode_solver,d5776e60
2026-02-03,mode_solver,d65093c4
2026-02-03,mode_solver,d66a4cac
2026-02-03,mode_solver,d7335cc3
2026-02-03,mode_solver,dace3201
2026-02-03,mode_solver,db8303b5
2026-02-03,mode_solver,dbfda21b
2026-02-03,mode_solver,ddf3a341
2026-02-03,mode_solver,ddf7e6a0
2026-02-03,mode_solver,e03d0afb
2026-02-03,mode_solver,e1564e9f
2026-02-03,mode_solver,e22dedc2
2026-02-03,mode_solver,e43b25ac
2026-02-03,mode_solver,e44c43aa
2026-02-03,mode_solver,e4a91d02
2026-02-03,mode_solver,e791251f
2026-02-03,mode_solver,e90e102e
2026-02-03,mode_solver,ea669fef
2026-02-03,mode_solver,eac0dfd2
2026-02-03,mode_solver,eaec9444
2026-02-03,mode_solver,ee1ce0a8
2026-02-03,mode_solver,ee9cd264
2026-02-03,mode_solver,ef458b54
2026-02-03,mode_solver,f026041c
2026-02-03,mode_solver,f0a22f3a
2026-02-03,mode_solver,f16db176
2026-02-03,mode_solver,f37b6a6b
2026-02-03,mode_solver,f4b82417
2026-02-03,mode_solver,f5d537e0
2026-02-03,mode_solver,f72d8567
2026-02-03,mode_solver,f7b34476
2026-02-03,mode_solver,f7bb0edd
2026-02-03,mode_solver,f866d134
2026-02-03,mode_solver,f9dbbb79
2026-02-03,mode_solver,fdf39168
2026-02-04,fdtd,934e230f
2026-02-04,mode_solver,0b59cf2f
2026-02-04,mode_solver,15d7a7a3
2026-02-04,mode_solver,1cbf4efe
2026-02-04,mode_solver,2fc6d47b
2026-02-04,mode_solver,38d5dd9a
2026-02-04,mode_solver,3f6e9534
2026-02-04,mode_solver,4089fa05
2026-02-04,mode_solver,47678318
2026-02-04,mode_solver,482cd9ef
2026-02-04,mode_solver,5866b0da
2026-02-04,mode_solver,5b03d4f6
2026-02-04,mode_solver,61eb8fa3
2026-02-04,mode_solver,62dd8896
2026-02-04,mode_solver,696989de
2026-02-04,mode_solver,71569f8b
2026-02-04,mode_solver,8c2ce958
2026-02-04,mode_solver,9c0a1cde
2026-02-04,mode_solver,a64e1528
2026-02-04,mode_solver,b2690af5
2026-02-04,mode_solver,bee1d4b0
2026-02-04,mode_solver,c48de091
2026-02-04,mode_solver,c6fdde17
2026-02-04,mode_solver,db4d8b5d
2026-02-04,mode_solver,ddb22c16
2026-02-04,mode_solver,e94ddd17
2026-02-04,mode_solver,f416d23a
2026-02-05,fdtd,21433080
2026-02-05,fdtd,f5aa877f
2026-02-08,fdtd,857d96e2
2026-02-08,fdtd,ae44f564
2026-02-08,fdtd,c82a30b4
2026-02-09,fdtd,015486a9
2026-02-09,fdtd,08106f89
2026-02-09,fdtd,0c97fdc5
2026-02-09,fdtd,111db694
2026-02-09,fdtd,1a5abb5c
2026-02-09,fdtd,1ceea0f6
2026-02-09,fdtd,1db31cde
2026-02-09,fdtd,1f05e635
2026-02-09,fdtd,1f072d0c
2026-02-09,fdtd,212c65fb
2026-02-09,fdtd,2d67064a
2026-02-09,fdtd,2e987614
2026-02-09,fdtd,30f2a63c
2026-02-09,fdtd,31f50fba
2026-02-09,fdtd,32d52d14
2026-02-09,fdtd,5233de5e
2026-02-09,fdtd,53ab5253
2026-02-09,fdtd,5b68e490
2026-02-09,fdtd,627bf51b
2026-02-09,fdtd,6428519c
2026-02-09,fdtd,647f8330
2026-02-09,fdtd,839d174e
2026-02-09,fdtd,84f9a46b
2026-02-09,fdtd,8a75174f
2026-02-09,fdtd,92df1f8b
2026-02-09,fdtd,99a7eb3b
2026-02-09,fdtd,9d5e5d8b
2026-02-09,fdtd,a43cb26d
2026-02-09,fdtd,a4565b84
2026-02-09,fdtd,a8a2c445
2026-02-09,fdtd,b28ac8d6
2026-02-09,fdtd,b7b4146f
2026-02-09,fdtd,bfdd6e3d
2026-02-09,fdtd,c1feeb64
2026-02-09,fdtd,c6be2838
2026-02-09,fdtd,ca1bb6d3
2026-02-09,fdtd,ccaea59a
2026-02-09,fdtd,d0585864
2026-02-09,fdtd,d3eb37ea
2026-02-09,fdtd,d45cb37f
2026-02-09,fdtd,d628c9c3
2026-02-09,fdtd,e23b493c
2026-02-09,fdtd,e8feb9b4
2026-02-09,fdtd,e9361a1f
2026-02-09,fdtd,ef1a2a37
2026-02-09,fdtd,f15e9b9d
2026-02-09,fdtd,fbdd86be
2026-02-09,fdtd,fd15258c
2026-02-09,fdtd,fe99259e
2026-02-17,fdtd,02bd5b4c
2026-02-17,fdtd,19a24443
2026-02-17,fdtd,41ab9441
2026-02-17,fdtd,47ce4fa8
2026-02-17,fdtd,4fba13c3
2026-02-17,fdtd,59de1bc7
2026-02-17,fdtd,5e8b5d44
2026-02-17,fdtd,6542c963
2026-02-17,fdtd,6bae17bc
2026-02-17,fdtd,6e64997f
2026-02-17,fdtd,709fd2bc
2026-02-17,fdtd,7234eec5
2026-02-17,fdtd,72fada2b
2026-02-17,fdtd,7432aebc
2026-02-17,fdtd,76cdfa37
2026-02-17,fdtd,796d9499
2026-02-17,fdtd,8471089d
2026-02-17,fdtd,91a37702
2026-02-17,fdtd,94010821
2026-02-17,fdtd,98b438c5
2026-02-17,fdtd,9a4364d9
2026-02-17,fdtd,9df611fe
2026-02-17,fdtd,9f00a8f1
2026-02-17,fdtd,a46c6193
2026-02-17,fdtd,a91a2458
2026-02-17,fdtd,aa993fda
2026-02-17,fdtd,b5e79887
2026-02-17,fdtd,c624494b
2026-02-17,fdtd,c7c0cadd
2026-02-17,fdtd,c8fd157a
2026-02-17,fdtd,cf3928c4
2026-02-17,fdtd,da5231da
2026-02-17,fdtd,e01ccf51
2026-02-17,fdtd,e1e22083
2026-02-17,fdtd,e1e824eb
2026-02-17,fdtd,e772251f
2026-02-17,fdtd,edd23a03
2026-02-17,fdtd,eea286bf
2026-02-17,fdtd,f7790712
2026-02-17,fdtd,f88d6f5e
2026-02-17,fdtd,f8d12fec
2026-02-18,fdtd,0f3c6725
2026-02-18,fdtd,16bd7fa9
2026-02-18,fdtd,1bea7d0f
2026-02-18,fdtd,1c309a6a
2026-02-18,fdtd,23cdb732
2026-02-18,fdtd,264bb83c
2026-02-18,fdtd,312c51d8
2026-02-18,fdtd,33e17a38
2026-02-18,fdtd,38766315
2026-02-18,fdtd,3a14cbd5
2026-02-18,fdtd,3beee17a
2026-02-18,fdtd,424024e0
2026-02-18,fdtd,46abd82b
2026-02-18,fdtd,5706925f
2026-02-18,fdtd,5ca4ae96
2026-02-18,fdtd,5d3d7eaa
2026-02-18,fdtd,673fcffd
2026-02-18,fdtd,6a63213a
2026-02-18,fdtd,6cb95690
2026-02-18,fdtd,6d5912f0
2026-02-18,fdtd,7584b2a1
2026-02-18,fdtd,76d5ec0d
2026-02-18,fdtd,7ca91676
2026-02-18,fdtd,8261af71
2026-02-18,fdtd,8537d7b4
2026-02-18,fdtd,8c005c31
2026-02-18,fdtd,8e58c3f2
2026-02-18,fdtd,9567ac3a
2026-02-18,fdtd,98072d45
2026-02-18,fdtd,ab364560
2026-02-18,fdtd,ac3e166e
2026-02-18,fdtd,aed4b690
2026-02-18,fdtd,b475e501
2026-02-18,fdtd,ba38ec0f
2026-02-18,fdtd,c369f462
2026-02-18,fdtd,c3b71d5f
2026-02-18,fdtd,cea937b2
2026-02-18,fdtd,cfb6ad04
2026-02-18,fdtd,d2e4357b
2026-02-18,fdtd,da2f6fa6
2026-02-18,fdtd,ddfd87ea
2026-02-18,fdtd,df75bb00
2026-02-18,fdtd,f07677b3
2026-02-18,fdtd,f8718f8e
2026-02-18,fdtd,f8f27bf0
2026-02-18,fdtd,f9337b2b
2026-02-18,mode_solver,004d0212
2026-02-18,mode_solver,00631ebf
2026-02-18,mode_solver,007697ba
2026-02-18,mode_solver,00832dd7
2026-02-18,mode_solver,0092674c
2026-02-18,mode_solver,014d75c1
2026-02-18,mode_solver,01636f55
2026-02-18,mode_solver,01855b13
2026-02-18,mode_solver,01c93be2
2026-02-18,mode_solver,01efc23c
2026-02-18,mode_solver,0209e176
2026-02-18,mode_solver,02492523
2026-02-18,mode_solver,02578caf
2026-02-18,mode_solver,026b19c4
2026-02-18,mode_solver,02921d1c
2026-02-18,mode_solver,029cb00c
2026-02-18,mode_solver,029e0a08
2026-02-18,mode_solver,0328fa0a
2026-02-18,mode_solver,035b24d6
2026-02-18,mode_solver,03b738ef
2026-02-18,mode_solver,03e5f2a6
2026-02-18,mode_solver,03f1a73b
2026-02-18,mode_solver,041b14cc
2026-02-18,mode_solver,041fb557
2026-02-18,mode_solver,0451cc70
2026-02-18,mode_solver,046782d9
2026-02-18,mode_solver,0489648c
2026-02-18,mode_solver,04e1b838
2026-02-18,mode_solver,04e50650
2026-02-18,mode_solver,0500f615
2026-02-18,mode_solver,050be5ac
2026-02-18,mode_solver,052bbcdf
2026-02-18,mode_solver,052bbff4
2026-02-18,mode_solver,0531d886
2026-02-18,mode_solver,0622f7b8
2026-02-18,mode_solver,068d1b4b
2026-02-18,mode_solver,0717ff0c
2026-02-18,mode_solver,0780f343
2026-02-18,mode_solver,07b05b82
2026-02-18,mode_solver,0916d7df
2026-02-18,mode_solver,0938dcfd
2026-02-18,mode_solver,0971259b
2026-02-18,mode_solver,09aed6ca
2026-02-18,mode_solver,09c61d7b
2026-02-18,mode_solver,09c8486d
2026-02-18,mode_solver,09d9e610
2026-02-18,mode_solver,0a396135
2026-02-18,mode_solver,0a8b5f93
2026-02-18,mode_solver,0abfff37
2026-02-18,mode_solver,0acb36d3
2026-02-18,mode_solver,0acebb78
2026-02-18,mode_solver,0ba3d56c
2026-02-18,mode_solver,0bb1398e
2026-02-18,mode_solver,0c0349b1
2026-02-18,mode_solver,0c72475a
2026-02-18,mode_solver,0c7425f0
2026-02-18,mode_solver,0cf320ce
2026-02-18,mode_solver,0d1f5094
2026-02-18,mode_solver,0d38d1c2
2026-02-18,mode_solver,0d692c5b
2026-02-18,mode_solver,0df6a3fc
2026-02-18,mode_solver,0e7702cf
2026-02-18,mode_solver,0e7ea063
2026-02-18,mode_solver,0eaedc07
2026-02-18,mode_solver,0edc6391
2026-02-18,mode_solver,0ee0e648
2026-02-18,mode_solver,0f13a3f3
2026-02-18,mode_solver,0f33b31a
2026-02-18,mode_solver,0f340146
2026-02-18,mode_solver,0f4f05d3
2026-02-18,mode_solver,0fa1f144
2026-02-18,mode_solver,0fc434fa
2026-02-18,mode_solver,0fd60624
2026-02-18,mode_solver,114867b0
2026-02-18,mode_solver,114cdf5c
2026-02-18,mode_solver,11576618
2026-02-18,mode_solver,11ae469d
2026-02-18,mode_solver,12b8d9fd
2026-02-18,mode_solver,12c258b7
2026-02-18,mode_solver,12e023e1
2026-02-18,mode_solver,1327f381
2026-02-18,mode_solver,13506265
2026-02-18,mode_solver,13809d1f
2026-02-18,mode_solver,1419b1d8
2026-02-18,mode_solver,1507c1e0
2026-02-18,mode_solver,15130cd9
2026-02-18,mode_solver,15625a8d
2026-02-18,mode_solver,15799e06
2026-02-18,mode_solver,15a6a714
2026-02-18,mode_solver,15addbdd
2026-02-18,mode_solver,15e15a10
2026-02-18,mode_solver,16010c50
2026-02-18,mode_solver,161a020d
2026-02-18,mode_solver,165220a1
2026-02-18,mode_solver,16c23cc4
2026-02-18,mode_solver,16e0f773
2026-02-18,mode_solver,17195cfa
2026-02-18,mode_solver,1731b5ff
2026-02-18,mode_solver,176bb207
2026-02-18,mode_solver,17778446
2026-02-18,mode_solver,17ba9eab
2026-02-18,mode_solver,17db9a86
2026-02-18,mode_solver,1804927c
2026-02-18,mode_solver,180b3988
2026-02-18,mode_solver,181700aa
2026-02-18,mode_solver,18411b4a
2026-02-18,mode_solver,189e725c
2026-02-18,mode_solver,18a4f6b9
2026-02-18,mode_solver,1929b502
2026-02-18,mode_solver,19e78f66
2026-02-18,mode_solver,1a1eadb2
2026-02-18,mode_solver,1a3da50e
2026-02-18,mode_solver,1aa93e5c
2026-02-18,mode_solver,1ad240f9
2026-02-18,mode_solver,1af06024
2026-02-18,mode_solver,1afe170a
2026-02-18,mode_solver,1b22d858
2026-02-18,mode_solver,1b2cc3dd
2026-02-18,mode_solver,1b5d38b3
2026-02-18,mode_solver,1c66401d
2026-02-18,mode_solver,1cfdccd6
2026-02-18,mode_solver,1d32879e
2026-02-18,mode_solver,1d34e3c5
2026-02-18,mode_solver,1d63a69b
2026-02-18,mode_solver,1d7be649
2026-02-18,mode_solver,1e02307a
2026-02-18,mode_solver,1e10d1db
2026-02-18,mode_solver,1e6638c8
2026-02-18,mode_solver,1e6d1d04
2026-02-18,mode_solver,1eb56cad
2026-02-18,mode_solver,1ed4fbde
2026-02-18,mode_solver,1f27f4f2
2026-02-18,mode_solver,1f2f9560
2026-02-18,mode_solver,1f59747e
2026-02-18,mode_solver,2005fc83
2026-02-18,mode_solver,2015a921
2026-02-18,mode_solver,2029204c
2026-02-18,mode_solver,204853a8
2026-02-18,mode_solver,20a02148
2026-02-18,mode_solver,20f5e02c
2026-02-18,mode_solver,20fc725f
2026-02-18,mode_solver,213a1a6f
2026-02-18,mode_solver,214116f3
2026-02-18,mode_solver,21ed9a66
2026-02-18,mode_solver,21f547e9
2026-02-18,mode_solver,2206b66c
2026-02-18,mode_solver,22f45f48
2026-02-18,mode_solver,2328ad06
2026-02-18,mode_solver,235ac09a
2026-02-18,mode_solver,23d890f1
2026-02-18,mode_solver,241af10e
2026-02-18,mode_solver,241e503e
2026-02-18,mode_solver,2433980d
2026-02-18,mode_solver,2439bffc
2026-02-18,mode_solver,2481377d
2026-02-18,mode_solver,2494b896
2026-02-18,mode_solver,24aee447
2026-02-18,mode_solver,24ecbc35
2026-02-18,mode_solver,253b46df
2026-02-18,mode_solver,25d1fbb7
2026-02-18,mode_solver,2636c801
2026-02-18,mode_solver,26401394
2026-02-18,mode_solver,265df0db
2026-02-18,mode_solver,269143fc
2026-02-18,mode_solver,26ff0ef4
2026-02-18,mode_solver,2701969f
2026-02-18,mode_solver,272f68aa
2026-02-18,mode_solver,2743459a
2026-02-18,mode_solver,281e5726
2026-02-18,mode_solver,28743839
2026-02-18,mode_solver,2a197af5
2026-02-18,mode_solver,2a374e15
2026-02-18,mode_solver,2a8882ad
2026-02-18,mode_solver,2a997f34
2026-02-18,mode_solver,2ae60ed3
2026-02-18,mode_solver,2b1fdd7d
2026-02-18,mode_solver,2b85d0bd
2026-02-18,mode_solver,2b9c28a5
2026-02-18,mode_solver,2c1b6531
2026-02-18,mode_solver,2c3449ef
2026-02-18,mode_solver,2c44ad95
2026-02-18,mode_solver,2ca0bd4d
2026-02-18,mode_solver,2ca609bc
2026-02-18,mode_solver,2cc73d03
2026-02-18,mode_solver,2cccae82
2026-02-18,mode_solver,2d03b04d
2026-02-18,mode_solver,2d104a67
2026-02-18,mode_solver,2d2b0de9
2026-02-18,mode_solver,2d5ea102
2026-02-18,mode_solver,2dbb7446
2026-02-18,mode_solver,2dda08a7
2026-02-18,mode_solver,2e38bc9d
2026-02-18,mode_solver,2e565af8
2026-02-18,mode_solver,2e7f2ee9
2026-02-18,mode_solver,2e9eb1c2
2026-02-18,mode_solver,2ee67133
2026-02-18,mode_solver,2f342dc9
2026-02-18,mode_solver,2fdf8438
2026-02-18,mode_solver,304610e9
2026-02-18,mode_solver,304f0082
2026-02-18,mode_solver,30ab2388
2026-02-18,mode_solver,30dd6d3b
2026-02-18,mode_solver,30eef087
2026-02-18,mode_solver,30fb5a7f
2026-02-18,mode_solver,315a6c57
2026-02-18,mode_solver,316bf738
2026-02-18,mode_solver,31c9a3e0
2026-02-18,mode_solver,3200e28d
2026-02-18,mode_solver,320b04d2
2026-02-18,mode_solver,32606652
2026-02-18,mode_solver,32f3f2a4
2026-02-18,mode_solver,330f8699
2026-02-18,mode_solver,331ab79c
2026-02-18,mode_solver,338a84ed
2026-02-18,mode_solver,33cd0eee
2026-02-18,mode_solver,34160dbf
2026-02-18,mode_solver,343ded6c
2026-02-18,mode_solver,347aeaec
2026-02-18,mode_solver,34939e26
2026-02-18,mode_solver,354bd829
2026-02-18,mode_solver,367d3d65
2026-02-18,mode_solver,36aaa6b5
2026-02-18,mode_solver,36ae1447
2026-02-18,mode_solver,36b27c89
2026-02-18,mode_solver,36df6567
2026-02-18,mode_solver,36f24734
2026-02-18,mode_solver,371ff7a5
2026-02-18,mode_solver,37333602
2026-02-18,mode_solver,37569046
2026-02-18,mode_solver,37e4cd98
2026-02-18,mode_solver,37eacc1d
2026-02-18,mode_solver,37ecd7ed
2026-02-18,mode_solver,381a9b76
2026-02-18,mode_solver,38534047
2026-02-18,mode_solver,39a77111
2026-02-18,mode_solver,3a0449b3
2026-02-18,mode_solver,3a39c07f
2026-02-18,mode_solver,3a3b840b
2026-02-18,mode_solver,3a3f2671
2026-02-18,mode_solver,3a58f346
2026-02-18,mode_solver,3aaec6c4
2026-02-18,mode_solver,3ac5bcad
2026-02-18,mode_solver,3afb309d
2026-02-18,mode_solver,3bae4abc
2026-02-18,mode_solver,3bbb22b9
2026-02-18,mode_solver,3bf65a11
2026-02-18,mode_solver,3c00e721
2026-02-18,mode_solver,3c0abc43
2026-02-18,mode_solver,3c5b7edb
2026-02-18,mode_solver,3ce926a5
2026-02-18,mode_solver,3cec0310
2026-02-18,mode_solver,3cefa83a
2026-02-18,mode_solver,3cf32d88
2026-02-18,mode_solver,3d47332a
2026-02-18,mode_solver,3d6e9334
2026-02-18,mode_solver,3d756b4d
2026-02-18,mode_solver,3da7bbd5
2026-02-18,mode_solver,3de08807
2026-02-18,mode_solver,3deef2dc
2026-02-18,mode_solver,3df27335
2026-02-18,mode_solver,3e069f6e
2026-02-18,mode_solver,3e4c290c
2026-02-18,mode_solver,3ee0f8aa
2026-02-18,mode_solver,3f2fff15
2026-02-18,mode_solver,3f5d98d2
2026-02-18,mode_solver,3f657bdf
2026-02-18,mode_solver,3f8d3ee6
2026-02-18,mode_solver,3f9b196c
2026-02-18,mode_solver,400ceef6
2026-02-18,mode_solver,40513b34
2026-02-18,mode_solver,4059c378
2026-02-18,mode_solver,411d85f8
2026-02-18,mode_solver,4133921a
2026-02-18,mode_solver,41b1fa08
2026-02-18,mode_solver,41ce6fca
2026-02-18,mode_solver,41efa383
2026-02-18,mode_solver,42092bab
2026-02-18,mode_solver,4321d2be
2026-02-18,mode_solver,4392f89d
2026-02-18,mode_solver,446c6fb6
2026-02-18,mode_solver,447afeeb
2026-02-18,mode_solver,44845132
2026-02-18,mode_solver,44b2bbba
2026-02-18,mode_solver,44c50520
2026-02-18,mode_solver,45092be7
2026-02-18,mode_solver,4556d17d
2026-02-18,mode_solver,45aaa746
2026-02-18,mode_solver,45d04ccc
2026-02-18,mode_solver,4601ac2b
2026-02-18,mode_solver,46059dd7
2026-02-18,mode_solver,46221a61
2026-02-18,mode_solver,4682f5df
2026-02-18,mode_solver,46deca10
2026-02-18,mode_solver,46f3b6a0
2026-02-18,mode_solver,46fdc5d3
2026-02-18,mode_solver,47421f71
2026-02-18,mode_solver,47665011
2026-02-18,mode_solver,47a84b3f
2026-02-18,mode_solver,47c9ddd8
2026-02-18,mode_solver,47dac030
2026-02-18,mode_solver,48291b98
2026-02-18,mode_solver,4868d448
2026-02-18,mode_solver,48a5527a
2026-02-18,mode_solver,490e58ac
2026-02-18,mode_solver,496696ca
2026-02-18,mode_solver,497e095f
2026-02-18,mode_solver,4a4e6de7
2026-02-18,mode_solver,4aa2f969
2026-02-18,mode_solver,4ae26ae0
2026-02-18,mode_solver,4b26aff6
2026-02-18,mode_solver,4b50753f
2026-02-18,mode_solver,4ba5fda1
2026-02-18,mode_solver,4d1bcfe5
2026-02-18,mode_solver,4d5439b1
2026-02-18,mode_solver,4d6bf7cd
2026-02-18,mode_solver,4da01185
2026-02-18,mode_solver,4df6aaa3
2026-02-18,mode_solver,4e3e04eb
2026-02-18,mode_solver,4e894f19
2026-02-18,mode_solver,4f290c75
2026-02-18,mode_solver,4f50959d
2026-02-18,mode_solver,4f8dcba2
2026-02-18,mode_solver,4fe48347
2026-02-18,mode_solver,500bd28b
2026-02-18,mode_solver,50355b3a
2026-02-18,mode_solver,50a88348
2026-02-18,mode_solver,50ea1f86
2026-02-18,mode_solver,50ec6a06
2026-02-18,mode_solver,5110959b
2026-02-18,mode_solver,51149dda
2026-02-18,mode_solver,5157df7c
2026-02-18,mode_solver,51a92c7b
2026-02-18,mode_solver,51d486ba
2026-02-18,mode_solver,52824cf2
2026-02-18,mode_solver,546538e6
2026-02-18,mode_solver,54b8d5f6
2026-02-18,mode_solver,54e561af
2026-02-18,mode_solver,54e5d0ec
2026-02-18,mode_solver,552c2232
2026-02-18,mode_solver,5568677f
2026-02-18,mode_solver,55a6f7da
2026-02-18,mode_solver,561bdcdb
2026-02-18,mode_solver,562f8071
2026-02-18,mode_solver,5667e496
2026-02-18,mode_solver,5671f6fc
2026-02-18,mode_solver,56cdfe61
2026-02-18,mode_solver,56e7b1a3
2026-02-18,mode_solver,57a8eb34
2026-02-18,mode_solver,57c55a72
2026-02-18,mode_solver,57ca96a0
2026-02-18,mode_solver,57fb3dcd
2026-02-18,mode_solver,58166e06
2026-02-18,mode_solver,588a8815
2026-02-18,mode_solver,58add83c
2026-02-18,mode_solver,58c8b7e5
2026-02-18,mode_solver,59250ac0
2026-02-18,mode_solver,5a0861ce
2026-02-18,mode_solver,5a3e74f6
2026-02-18,mode_solver,5ab7e0f0
2026-02-18,mode_solver,5acd89a0
2026-02-18,mode_solver,5ad8e458
2026-02-18,mode_solver,5b2b0751
2026-02-18,mode_solver,5b4c6584
2026-02-18,mode_solver,5b683671
2026-02-18,mode_solver,5bc5a16d
2026-02-18,mode_solver,5c063d24
2026-02-18,mode_solver,5c90a132
2026-02-18,mode_solver,5cc51bcf
2026-02-18,mode_solver,5cdf3565
2026-02-18,mode_solver,5cdfd5a8
2026-02-18,mode_solver,5cf40311
2026-02-18,mode_solver,5d0c9644
2026-02-18,mode_solver,5d2f39ae
2026-02-18,mode_solver,5d851d4d
2026-02-18,mode_solver,5d8b8823
2026-02-18,mode_solver,5dd9328a
2026-02-18,mode_solver,5e0ab57e
2026-02-18,mode_solver,5e314e6d
2026-02-18,mode_solver,5e6808fd
2026-02-18,mode_solver,5ed797cc
2026-02-18,mode_solver,5ee6ccd1
2026-02-18,mode_solver,5ef257bd
2026-02-18,mode_solver,5f0261e1
2026-02-18,mode_solver,5f24506e
2026-02-18,mode_solver,5f80eb8c
2026-02-18,mode_solver,5fa76ad0
2026-02-18,mode_solver,601b9946
2026-02-18,mode_solver,60472fbc
2026-02-18,mode_solver,60597e10
2026-02-18,mode_solver,60e9d5a3
2026-02-18,mode_solver,613864af
2026-02-18,mode_solver,61587632
2026-02-18,mode_solver,615c0bac
2026-02-18,mode_solver,618f47a5
2026-02-18,mode_solver,619c9db2
2026-02-18,mode_solver,61a3fe47
2026-02-18,mode_solver,61c8f1de
2026-02-18,mode_solver,61caf614
2026-02-18,mode_solver,6238d6f7
2026-02-18,mode_solver,623fe643
2026-02-18,mode_solver,62ab8544
2026-02-18,mode_solver,62aecc82
2026-02-18,mode_solver,638d116f
2026-02-18,mode_solver,63d67e06
2026-02-18,mode_solver,643cbc7c
2026-02-18,mode_solver,64826d04
2026-02-18,mode_solver,649b4021
2026-02-18,mode_solver,652467bb
2026-02-18,mode_solver,65580fbb
2026-02-18,mode_solver,655bdf37
2026-02-18,mode_solver,658a3089
2026-02-18,mode_solver,65aad154
2026-02-18,mode_solver,65b61e26
2026-02-18,mode_solver,65c8c7b6
2026-02-18,mode_solver,6622b4a5
2026-02-18,mode_solver,663641d0
2026-02-18,mode_solver,664d0612
2026-02-18,mode_solver,6652864e
2026-02-18,mode_solver,66e58297
2026-02-18,mode_solver,673daeb3
2026-02-18,mode_solver,675a3241
2026-02-18,mode_solver,6761aabb
2026-02-18,mode_solver,67ba4bc5
2026-02-18,mode_solver,67fae6a9
2026-02-18,mode_solver,68438052
2026-02-18,mode_solver,6878b11c
2026-02-18,mode_solver,68cefc61
2026-02-18,mode_solver,68dac9ad
2026-02-18,mode_solver,68e82291
2026-02-18,mode_solver,68ec4f7c
2026-02-18,mode_solver,68f2411a
2026-02-18,mode_solver,692c498b
2026-02-18,mode_solver,697eff87
2026-02-18,mode_solver,69948113
2026-02-18,mode_solver,699c3f8b
2026-02-18,mode_solver,69c6147a
2026-02-18,mode_solver,69f8c565
2026-02-18,mode_solver,6a2abfbc
2026-02-18,mode_solver,6a52bd20
2026-02-18,mode_solver,6a930626
2026-02-18,mode_solver,6aa21431
2026-02-18,mode_solver,6ac5099b
2026-02-18,mode_solver,6af99e1c
2026-02-18,mode_solver,6b076a22
2026-02-18,mode_solver,6b0ab86e
2026-02-18,mode_solver,6b121b1c
2026-02-18,mode_solver,6b1bd285
2026-02-18,mode_solver,6b283d25
2026-02-18,mode_solver,6b767c34
2026-02-18,mode_solver,6b7cfeb1
2026-02-18,mode_solver,6baf311c
2026-02-18,mode_solver,6be330f5
2026-02-18,mode_solver,6c191e40
2026-02-18,mode_solver,6c2b7905
2026-02-18,mode_solver,6c38967c
2026-02-18,mode_solver,6c5265d8
2026-02-18,mode_solver,6c5d68d0
2026-02-18,mode_solver,6c8e40a4
2026-02-18,mode_solver,6c990d95
2026-02-18,mode_solver,6cdf7377
2026-02-18,mode_solver,6cf79a27
2026-02-18,mode_solver,6d1b3fb6
2026-02-18,mode_solver,6d329491
2026-02-18,mode_solver,6d4bfc39
2026-02-18,mode_solver,6dba3071
2026-02-18,mode_solver,6df63756
2026-02-18,mode_solver,6dfcad5e
2026-02-18,mode_solver,6e00d6f8
2026-02-18,mode_solver,6e4aa028
2026-02-18,mode_solver,6e4d9198
2026-02-18,mode_solver,6e5a044b
2026-02-18,mode_solver,6e5e637b
2026-02-18,mode_solver,6f4e8113
2026-02-18,mode_solver,6fb8cc3c
2026-02-18,mode_solver,6fe61111
2026-02-18,mode_solver,6fe6a763
2026-02-18,mode_solver,70218fca
2026-02-18,mode_solver,70513bad
2026-02-18,mode_solver,706727df
2026-02-18,mode_solver,7077c9c8
2026-02-18,mode_solver,71221948
2026-02-18,mode_solver,7133f8f0
2026-02-18,mode_solver,71395178
2026-02-18,mode_solver,71458291
2026-02-18,mode_solver,714e949a
2026-02-18,mode_solver,7163fae9
2026-02-18,mode_solver,71de88d2
2026-02-18,mode_solver,7222a19d
2026-02-18,mode_solver,722afd73
2026-02-18,mode_solver,7233b39f
2026-02-18,mode_solver,72b0998a
2026-02-18,mode_solver,731cea88
2026-02-18,mode_solver,731d3a7b
2026-02-18,mode_solver,731d4517
2026-02-18,mode_solver,7329193a
2026-02-18,mode_solver,7392022b
2026-02-18,mode_solver,73abf8a8
2026-02-18,mode_solver,73cb7734
2026-02-18,mode_solver,74259569
2026-02-18,mode_solver,7445abbe
2026-02-18,mode_solver,7452a176
2026-02-18,mode_solver,746bcc29
2026-02-18,mode_solver,746f47ac
2026-02-18,mode_solver,74f3b90f
2026-02-18,mode_solver,75390a37
2026-02-18,mode_solver,7577759e
2026-02-18,mode_solver,75b9d96f
2026-02-18,mode_solver,76767bb5
2026-02-18,mode_solver,76956c40
2026-02-18,mode_solver,7757eaa1
2026-02-18,mode_solver,77594e10
2026-02-18,mode_solver,77a7b74d
2026-02-18,mode_solver,78162255
2026-02-18,mode_solver,7838d55a
2026-02-18,mode_solver,78b58fbc
2026-02-18,mode_solver,791ace00
2026-02-18,mode_solver,793e3007
2026-02-18,mode_solver,7975b30f
2026-02-18,mode_solver,7980eca8
2026-02-18,mode_solver,7998f066
2026-02-18,mode_solver,79edb01c
2026-02-18,mode_solver,7aa1a882
2026-02-18,mode_solver,7abb7dc2
2026-02-18,mode_solver,7ad12e79
2026-02-18,mode_solver,7af4fb05
2026-02-18,mode_solver,7b01b5f6
2026-02-18,mode_solver,7b05b865
2026-02-18,mode_solver,7b230730
2026-02-18,mode_solver,7b28199f
2026-02-18,mode_solver,7b9ff0f0
2026-02-18,mode_solver,7bbd1b80
2026-02-18,mode_solver,7bc0d352
2026-02-18,mode_solver,7c010bf4
2026-02-18,mode_solver,7c434962
2026-02-18,mode_solver,7c78758e
2026-02-18,mode_solver,7d0f0396
2026-02-18,mode_solver,7d116fdc
2026-02-18,mode_solver,7d46a737
2026-02-18,mode_solver,7d97aa55
2026-02-18,mode_solver,7e39abe1
2026-02-18,mode_solver,7e642a67
2026-02-18,mode_solver,7e9b7e26
2026-02-18,mode_solver,7ea70b6c
2026-02-18,mode_solver,7ee67f9e
2026-02-18,mode_solver,7f3db232
2026-02-18,mode_solver,7f5993fe
2026-02-18,mode_solver,805cd6c9
2026-02-18,mode_solver,80649d49
2026-02-18,mode_solver,80f6d89a
2026-02-18,mode_solver,81e60b2b
2026-02-18,mode_solver,81fa4882
2026-02-18,mode_solver,822dd081
2026-02-18,mode_solver,82c6485a
2026-02-18,mode_solver,82dd03c0
2026-02-18,mode_solver,82ddfc38
2026-02-18,mode_solver,83195625
2026-02-18,mode_solver,834bff1f
2026-02-18,mode_solver,836bc49c
2026-02-18,mode_solver,837ef329
2026-02-18,mode_solver,839374c0
2026-02-18,mode_solver,83cb5f12
2026-02-18,mode_solver,8412c0a3
2026-02-18,mode_solver,84b47627
2026-02-18,mode_solver,84be2703
2026-02-18,mode_solver,850cd387
2026-02-18,mode_solver,857761a5
2026-02-18,mode_solver,8610f843
2026-02-18,mode_solver,862198d8
2026-02-18,mode_solver,869286fe
2026-02-18,mode_solver,86f1ca9e
2026-02-18,mode_solver,8749af93
2026-02-18,mode_solver,876337e5
2026-02-18,mode_solver,87b8983b
2026-02-18,mode_solver,87e0c935
2026-02-18,mode_solver,87ebb3b0
2026-02-18,mode_solver,87fb3d64
2026-02-18,mode_solver,882c30c8
2026-02-18,mode_solver,8838b26a
2026-02-18,mode_solver,886a3588
2026-02-18,mode_solver,88a2f9e8
2026-02-18,mode_solver,88d9c77c
2026-02-18,mode_solver,88ea65d4
2026-02-18,mode_solver,890a97a4
2026-02-18,mode_solver,891ef6e5
2026-02-18,mode_solver,895a8fba
2026-02-18,mode_solver,8a0165fb
2026-02-18,mode_solver,8a20a176
2026-02-18,mode_solver,8a6037e9
2026-02-18,mode_solver,8a8e63d3
2026-02-18,mode_solver,8ac9e6d8
2026-02-18,mode_solver,8b352efe
2026-02-18,mode_solver,8b4b1daa
2026-02-18,mode_solver,8bb5c12a
2026-02-18,mode_solver,8bf1d375
2026-02-18,mode_solver,8bfc4f3f
2026-02-18,mode_solver,8c219a8b
2026-02-18,mode_solver,8c37eb61
2026-02-18,mode_solver,8c8f875a
2026-02-18,mode_solver,8c97c4d6
2026-02-18,mode_solver,8ca42d85
2026-02-18,mode_solver,8caf2423
2026-02-18,mode_solver,8ccb5019
2026-02-18,mode_solver,8d540a89
2026-02-18,mode_solver,8d5ad0c7
2026-02-18,mode_solver,8de8365d
2026-02-18,mode_solver,8ded5155
2026-02-18,mode_solver,8e534580
2026-02-18,mode_solver,8e687d58
2026-02-18,mode_solver,8e9c96c9
2026-02-18,mode_solver,8ed822ac
2026-02-18,mode_solver,8f5c596d
2026-02-18,mode_solver,8fd64af3
2026-02-18,mode_solver,902b9a6b
2026-02-18,mode_solver,9089e366
2026-02-18,mode_solver,908df418
2026-02-18,mode_solver,90919817
2026-02-18,mode_solver,90e836ba
2026-02-18,mode_solver,91a8d8a6
2026-02-18,mode_solver,91aa0c41
2026-02-18,mode_solver,921c3b67
2026-02-18,mode_solver,92407a68
2026-02-18,mode_solver,92aa9329
2026-02-18,mode_solver,92eb8cb3
2026-02-18,mode_solver,938df941
2026-02-18,mode_solver,948788f7
2026-02-18,mode_solver,952ea555
2026-02-18,mode_solver,954d2fdc
2026-02-18,mode_solver,9618e671
2026-02-18,mode_solver,96569e90
2026-02-18,mode_solver,966ab3dc
2026-02-18,mode_solver,966b1504
2026-02-18,mode_solver,9699c09f
2026-02-18,mode_solver,96d2a2e1
2026-02-18,mode_solver,976eaa40
2026-02-18,mode_solver,978381ed
2026-02-18,mode_solver,9790be19
2026-02-18,mode_solver,982d9092
2026-02-18,mode_solver,9843417c
2026-02-18,mode_solver,98af61e9
2026-02-18,mode_solver,98b6dec7
2026-02-18,mode_solver,98ba6d99
2026-02-18,mode_solver,98f7e066
2026-02-18,mode_solver,99a42674
2026-02-18,mode_solver,99a8ff93
2026-02-18,mode_solver,9a3a9106
2026-02-18,mode_solver,9a8ce97c
2026-02-18,mode_solver,9a99be6b
2026-02-18,mode_solver,9ab4bb52
2026-02-18,mode_solver,9ab9c5d1
2026-02-18,mode_solver,9aeaeb26
2026-02-18,mode_solver,9aebd9fe
2026-02-18,mode_solver,9b0fcce3
2026-02-18,mode_solver,9b613023
2026-02-18,mode_solver,9ba842c0
2026-02-18,mode_solver,9c0d5ebd
2026-02-18,mode_solver,9c18aae5
2026-02-18,mode_solver,9c22b9d9
2026-02-18,mode_solver,9c383938
2026-02-18,mode_solver,9cbe90b4
2026-02-18,mode_solver,9cf89439
2026-02-18,mode_solver,9d75984d
2026-02-18,mode_solver,9dac1eb9
2026-02-18,mode_solver,9dbe3c4d
2026-02-18,mode_solver,9dc246f0
2026-02-18,mode_solver,9ddaba23
2026-02-18,mode_solver,9e3fe5f7
2026-02-18,mode_solver,9eeaa095
2026-02-18,mode_solver,9eebdd60
2026-02-18,mode_solver,9f0b4808
2026-02-18,mode_solver,9f5d487e
2026-02-18,mode_solver,9fa23b4c
2026-02-18,mode_solver,a00ccbd7
2026-02-18,mode_solver,a040b943
2026-02-18,mode_solver,a06bc6fb
2026-02-18,mode_solver,a0746fab
2026-02-18,mode_solver,a082edec
2026-02-18,mode_solver,a0b58173
2026-02-18,mode_solver,a0cbaf63
2026-02-18,mode_solver,a0e7a485
2026-02-18,mode_solver,a0fb90c0
2026-02-18,mode_solver,a12303d8
2026-02-18,mode_solver,a13cf2da
2026-02-18,mode_solver,a1e5931b
2026-02-18,mode_solver,a21b094f
2026-02-18,mode_solver,a2829abc
2026-02-18,mode_solver,a291b57c
2026-02-18,mode_solver,a2a59757
2026-02-18,mode_solver,a31472f7
2026-02-18,mode_solver,a3ccd976
2026-02-18,mode_solver,a441abef
2026-02-18,mode_solver,a48710ca
2026-02-18,mode_solver,a4d662c7
2026-02-18,mode_solver,a50e2529
2026-02-18,mode_solver,a53c4719
2026-02-18,mode_solver,a586db75
2026-02-18,mode_solver,a5b410cc
2026-02-18,mode_solver,a5c5b86f
2026-02-18,mode_solver,a5e24c17
2026-02-18,mode_solver,a5e2f708
2026-02-18,mode_solver,a5e3e8be
2026-02-18,mode_solver,a6313188
2026-02-18,mode_solver,a6457621
2026-02-18,mode_solver,a67fec8a
2026-02-18,mode_solver,a68f20a3
2026-02-18,mode_solver,a6995629
2026-02-18,mode_solver,a69bf4bd
2026-02-18,mode_solver,a6f978f6
2026-02-18,mode_solver,a7007590
2026-02-18,mode_solver,a716595f
2026-02-18,mode_solver,a72755fd
2026-02-18,mode_solver,a76a4863
2026-02-18,mode_solver,a78e04a4
2026-02-18,mode_solver,a7df8b03
2026-02-18,mode_solver,a7ffa350
2026-02-18,mode_solver,a80c31c4
2026-02-18,mode_solver,a855357a
2026-02-18,mode_solver,a86f4f9a
2026-02-18,mode_solver,a8a71753
2026-02-18,mode_solver,a8f834d4
2026-02-18,mode_solver,a99dc516
2026-02-18,mode_solver,a9e23cf8
2026-02-18,mode_solver,a9f49bef
2026-02-18,mode_solver,a9f84f19
2026-02-18,mode_solver,a9fde13c
2026-02-18,mode_solver,aa301eaf
2026-02-18,mode_solver,aa5213f9
2026-02-18,mode_solver,aa8ff141
2026-02-18,mode_solver,abb1ed2e
2026-02-18,mode_solver,abe618f2
2026-02-18,mode_solver,ac03ff63
2026-02-18,mode_solver,ac20ec30
2026-02-18,mode_solver,ad253ea6
2026-02-18,mode_solver,ad3817e6
2026-02-18,mode_solver,ad622cdc
2026-02-18,mode_solver,ad9423b7
2026-02-18,mode_solver,adbf5921
2026-02-18,mode_solver,ade5137d
2026-02-18,mode_solver,adf010a2
2026-02-18,mode_solver,ae489f83
2026-02-18,mode_solver,ae4ed5d6
2026-02-18,mode_solver,ae582138
2026-02-18,mode_solver,ae691a75
2026-02-18,mode_solver,ae7a58d1
2026-02-18,mode_solver,aee331f2
2026-02-18,mode_solver,af80a8ca
2026-02-18,mode_solver,af886611
2026-02-18,mode_solver,afc398a4
2026-02-18,mode_solver,aff0d546
2026-02-18,mode_solver,affc95ee
2026-02-18,mode_solver,b01575f1
2026-02-18,mode_solver,b04e1d07
2026-02-18,mode_solver,b0cc985a
2026-02-18,mode_solver,b10f6630
2026-02-18,mode_solver,b1d97c6a
2026-02-18,mode_solver,b2a0e646
2026-02-18,mode_solver,b2a8cc5b
2026-02-18,mode_solver,b2b15b73
2026-02-18,mode_solver,b2d73412
2026-02-18,mode_solver,b31c1b0d
2026-02-18,mode_solver,b3203082
2026-02-18,mode_solver,b327c661
2026-02-18,mode_solver,b3a89272
2026-02-18,mode_solver,b3bd0ed6
2026-02-18,mode_solver,b3cd4ea9
2026-02-18,mode_solver,b3d16417
2026-02-18,mode_solver,b42d2235
2026-02-18,mode_solver,b43006e8
2026-02-18,mode_solver,b475fc97
2026-02-18,mode_solver,b49eb41a
2026-02-18,mode_solver,b4a24e78
2026-02-18,mode_solver,b4bd0edb
2026-02-18,mode_solver,b4fada88
2026-02-18,mode_solver,b549790a
2026-02-18,mode_solver,b555a03c
2026-02-18,mode_solver,b5a9044c
2026-02-18,mode_solver,b5fa6256
2026-02-18,mode_solver,b6278917
2026-02-18,mode_solver,b632ba49
2026-02-18,mode_solver,b63e2089
2026-02-18,mode_solver,b641b4eb
2026-02-18,mode_solver,b6e18d14
2026-02-18,mode_solver,b6fa9c7b
2026-02-18,mode_solver,b70efa0d
2026-02-18,mode_solver,b799d1da
2026-02-18,mode_solver,b7b22436
2026-02-18,mode_solver,b7fb3d89
2026-02-18,mode_solver,b8059e21
2026-02-18,mode_solver,b8999457
2026-02-18,mode_solver,b8e3ea0d
2026-02-18,mode_solver,b8e6e91c
2026-02-18,mode_solver,b9075957
2026-02-18,mode_solver,b9451580
2026-02-18,mode_solver,b994c637
2026-02-18,mode_solver,b9ed5248
2026-02-18,mode_solver,bae4a85f
2026-02-18,mode_solver,bb28f210
2026-02-18,mode_solver,bb30d140
2026-02-18,mode_solver,bb8bac01
2026-02-18,mode_solver,bbe87d1f
2026-02-18,mode_solver,bc005745
2026-02-18,mode_solver,bc4ab1fe
2026-02-18,mode_solver,bc5e1c15
2026-02-18,mode_solver,bc76e6eb
2026-02-18,mode_solver,bc7a9f00
2026-02-18,mode_solver,bd58ea61
2026-02-18,mode_solver,bd7a5c06
2026-02-18,mode_solver,bd97024f
2026-02-18,mode_solver,bdc462d2
2026-02-18,mode_solver,be541cda
2026-02-18,mode_solver,be910151
2026-02-18,mode_solver,bf05b582
2026-02-18,mode_solver,bf99a8e2
2026-02-18,mode_solver,bfa8a71e
2026-02-18,mode_solver,bfaf83f9
2026-02-18,mode_solver,bfb1e8b5
2026-02-18,mode_solver,bfb1ec63
2026-02-18,mode_solver,c031ce8b
2026-02-18,mode_solver,c0325433
2026-02-18,mode_solver,c047c55c
2026-02-18,mode_solver,c0b99fc6
2026-02-18,mode_solver,c0d6f2e8
2026-02-18,mode_solver,c0d94b01
2026-02-18,mode_solver,c1263b32
2026-02-18,mode_solver,c1561518
2026-02-18,mode_solver,c17b2d01
2026-02-18,mode_solver,c1cb095e
2026-02-18,mode_solver,c1e405b6
2026-02-18,mode_solver,c1e709f2
2026-02-18,mode_solver,c225a056
2026-02-18,mode_solver,c23c27c8
2026-02-18,mode_solver,c2b2e8f3
2026-02-18,mode_solver,c2de7041
2026-02-18,mode_solver,c2e5f2e1
2026-02-18,mode_solver,c30fad56
2026-02-18,mode_solver,c3159fad
2026-02-18,mode_solver,c3a16f30
2026-02-18,mode_solver,c420ec7c
2026-02-18,mode_solver,c485c583
2026-02-18,mode_solver,c4c7f996
2026-02-18,mode_solver,c5344716
2026-02-18,mode_solver,c56c8679
2026-02-18,mode_solver,c5bf0ae7
2026-02-18,mode_solver,c5fe79a6
2026-02-18,mode_solver,c66f7dd9
2026-02-18,mode_solver,c6adf2e3
2026-02-18,mode_solver,c6d3f089
2026-02-18,mode_solver,c71c4d27
2026-02-18,mode_solver,c745ddd6
2026-02-18,mode_solver,c7f3b12d
2026-02-18,mode_solver,c864fd52
2026-02-18,mode_solver,c86c04f6
2026-02-18,mode_solver,c870a03e
2026-02-18,mode_solver,c97d3ddc
2026-02-18,mode_solver,ca6d8f77
2026-02-18,mode_solver,caf8c55e
2026-02-18,mode_solver,cb223f3f
2026-02-18,mode_solver,cb9fab59
2026-02-18,mode_solver,cbeeffe5
2026-02-18,mode_solver,cc6cc68b
2026-02-18,mode_solver,ccb53678
2026-02-18,mode_solver,ccd9f272
2026-02-18,mode_solver,cce16f77
2026-02-18,mode_solver,cce2850c
2026-02-18,mode_solver,cd447122
2026-02-18,mode_solver,cd4c7afd
2026-02-18,mode_solver,cda9936a
2026-02-18,mode_solver,cdaa4510
2026-02-18,mode_solver,cdbf9a60
2026-02-18,mode_solver,ce7bc313
2026-02-18,mode_solver,ceacea2a
2026-02-18,mode_solver,ced0a388
2026-02-18,mode_solver,cf5b9b5b
2026-02-18,mode_solver,cf71cd02
2026-02-18,mode_solver,cfe04641
2026-02-18,mode_solver,cffd8eff
2026-02-18,mode_solver,d00470cb
2026-02-18,mode_solver,d0985e6e
2026-02-18,mode_solver,d0b023f4
2026-02-18,mode_solver,d11915a1
2026-02-18,mode_solver,d1251845
2026-02-18,mode_solver,d1a044b0
2026-02-18,mode_solver,d1e81022
2026-02-18,mode_solver,d2036ecd
2026-02-18,mode_solver,d226ed16
2026-02-18,mode_solver,d2302530
2026-02-18,mode_solver,d3f4b25b
2026-02-18,mode_solver,d4478d1c
2026-02-18,mode_solver,d4952735
2026-02-18,mode_solver,d49cffbe
2026-02-18,mode_solver,d4f6d518
2026-02-18,mode_solver,d518f7c3
2026-02-18,mode_solver,d54f63ef
2026-02-18,mode_solver,d577d11a
2026-02-18,mode_solver,d5c5072d
2026-02-18,mode_solver,d6001485
2026-02-18,mode_solver,d640f82d
2026-02-18,mode_solver,d6a064ab
2026-02-18,mode_solver,d6a4f615
2026-02-18,mode_solver,d6dea819
2026-02-18,mode_solver,d6f48e14
2026-02-18,mode_solver,d72d88aa
2026-02-18,mode_solver,d74b43ba
2026-02-18,mode_solver,d7f5762e
2026-02-18,mode_solver,d81a851a
2026-02-18,mode_solver,d8273a83
2026-02-18,mode_solver,d830d701
2026-02-18,mode_solver,d84ce4cd
2026-02-18,mode_solver,d8744873
2026-02-18,mode_solver,d8f718ba
2026-02-18,mode_solver,d93331ca
2026-02-18,mode_solver,d9590104
2026-02-18,mode_solver,da299c0f
2026-02-18,mode_solver,da4e56ff
2026-02-18,mode_solver,da729994
2026-02-18,mode_solver,da89b04c
2026-02-18,mode_solver,dacfe221
2026-02-18,mode_solver,daebfa82
2026-02-18,mode_solver,db389b40
2026-02-18,mode_solver,db8b926d
2026-02-18,mode_solver,dc69b050
2026-02-18,mode_solver,dc88e159
2026-02-18,mode_solver,dcee0b1b
2026-02-18,mode_solver,dcfa434b
2026-02-18,mode_solver,dd68a155
2026-02-18,mode_solver,dd7b998a
2026-02-18,mode_solver,dd7de294
2026-02-18,mode_solver,dd9b920f
2026-02-18,mode_solver,ddd12a7a
2026-02-18,mode_solver,ddfa9f7e
2026-02-18,mode_solver,de0a547b
2026-02-18,mode_solver,de7bc9d4
2026-02-18,mode_solver,de983793
2026-02-18,mode_solver,de9e0889
2026-02-18,mode_solver,dece4c47
2026-02-18,mode_solver,df02715c
2026-02-18,mode_solver,df492ed3
2026-02-18,mode_solver,e00dd685
2026-02-18,mode_solver,e0992620
2026-02-18,mode_solver,e0e2c048
2026-02-18,mode_solver,e13629b9
2026-02-18,mode_solver,e17276fa
2026-02-18,mode_solver,e1c7f443
2026-02-18,mode_solver,e1cee9be
2026-02-18,mode_solver,e30c33f1
2026-02-18,mode_solver,e36474d8
2026-02-18,mode_solver,e378632b
2026-02-18,mode_solver,e3860528
2026-02-18,mode_solver,e3a48264
2026-02-18,mode_solver,e3e00011
2026-02-18,mode_solver,e404d00b
2026-02-18,mode_solver,e45a866b
2026-02-18,mode_solver,e48d642a
2026-02-18,mode_solver,e490569c
2026-02-18,mode_solver,e4f24584
2026-02-18,mode_solver,e5044edf
2026-02-18,mode_solver,e51bce94
2026-02-18,mode_solver,e52f3c7a
2026-02-18,mode_solver,e54434a4
2026-02-18,mode_solver,e54b60c3
2026-02-18,mode_solver,e56241e4
2026-02-18,mode_solver,e5ce99b5
2026-02-18,mode_solver,e5e7bad9
2026-02-18,mode_solver,e62c0eeb
2026-02-18,mode_solver,e702fb0f
2026-02-18,mode_solver,e7121e4c
2026-02-18,mode_solver,e7ad2e10
2026-02-18,mode_solver,e7b1bfb7
2026-02-18,mode_solver,e86228ee
2026-02-18,mode_solver,e8a1f24b
2026-02-18,mode_solver,e90ffd5b
2026-02-18,mode_solver,e95450c7
2026-02-18,mode_solver,e9b34fcd
2026-02-18,mode_solver,e9db15b0
2026-02-18,mode_solver,e9f65a36
2026-02-18,mode_solver,e9faefd4
2026-02-18,mode_solver,ea111e1a
2026-02-18,mode_solver,ea6b68eb
2026-02-18,mode_solver,ea8024d5
2026-02-18,mode_solver,ea8aa74b
2026-02-18,mode_solver,ead63489
2026-02-18,mode_solver,eae0de12
2026-02-18,mode_solver,eae8d351
2026-02-18,mode_solver,eaeb66d9
2026-02-18,mode_solver,eb5c1651
2026-02-18,mode_solver,ebad3228
2026-02-18,mode_solver,ebc6c567
2026-02-18,mode_solver,ebdf780f
2026-02-18,mode_solver,ec74a6bc
2026-02-18,mode_solver,ec94f2e6
2026-02-18,mode_solver,ec99a2ce
2026-02-18,mode_solver,ecaaf500
2026-02-18,mode_solver,ecbbccbf
2026-02-18,mode_solver,ed26275d
2026-02-18,mode_solver,ed5fe11c
2026-02-18,mode_solver,ed76dcf7
2026-02-18,mode_solver,ee301a92
2026-02-18,mode_solver,ee5a54c6
2026-02-18,mode_solver,ef68e1ce
2026-02-18,mode_solver,efafd15d
2026-02-18,mode_solver,efc56037
2026-02-18,mode_solver,efccd1c2
2026-02-18,mode_solver,f0ba3065
2026-02-18,mode_solver,f13369e5
2026-02-18,mode_solver,f1eea16d
2026-02-18,mode_solver,f1ff3ada
2026-02-18,mode_solver,f249edc2
2026-02-18,mode_solver,f2923948
2026-02-18,mode_solver,f2a4309e
2026-02-18,mode_solver,f2c77990
2026-02-18,mode_solver,f2ccb702
2026-02-18,mode_solver,f3192b88
2026-02-18,mode_solver,f32de378
2026-02-18,mode_solver,f3320b70
2026-02-18,mode_solver,f3c2c46d
2026-02-18,mode_solver,f3c76b78
2026-02-18,mode_solver,f3d745f6
2026-02-18,mode_solver,f4446647
2026-02-18,mode_solver,f47a8c29
2026-02-18,mode_solver,f49bdd3a
2026-02-18,mode_solver,f4b011d5
2026-02-18,mode_solver,f4ec6e5c
2026-02-18,mode_solver,f5006db5
2026-02-18,mode_solver,f573b023
2026-02-18,mode_solver,f5b3d50e
2026-02-18,mode_solver,f5c1a6b2
2026-02-18,mode_solver,f5e1c314
2026-02-18,mode_solver,f64033ee
2026-02-18,mode_solver,f68823c6
2026-02-18,mode_solver,f6ce46ed
2026-02-18,mode_solver,f6de4dfb
2026-02-18,mode_solver,f7529fdb
2026-02-18,mode_solver,f7551560
2026-02-18,mode_solver,f7ea4c90
2026-02-18,mode_solver,f7ecb4a4
2026-02-18,mode_solver,f84a2582
2026-02-18,mode_solver,f9034b80
2026-02-18,mode_solver,f90625eb
2026-02-18,mode_solver,f9201b6d
2026-02-18,mode_solver,f950b858
2026-02-18,mode_solver,fa08edfd
2026-02-18,mode_solver,fa27a703
2026-02-18,mode_solver,fa3cacdd
2026-02-18,mode_solver,facf2d67
2026-02-18,mode_solver,fae5dcf6
2026-02-18,mode_solver,faef18c8
2026-02-18,mode_solver,fb1cd0f8
2026-02-18,mode_solver,fb1dda23
2026-02-18,mode_solver,fb7a6e3a
2026-02-18,mode_solver,fbb4b6ba
2026-02-18,mode_solver,fbdd0904
2026-02-18,mode_solver,fc68410a
2026-02-18,mode_solver,fc68d409
2026-02-18,mode_solver,fc846e7e
2026-02-18,mode_solver,fc9e760e
2026-02-18,mode_solver,fca5f82d
2026-02-18,mode_solver,fcd201b1
2026-02-18,mode_solver,fceed3be
2026-02-18,mode_solver,fd0b5c1b
2026-02-18,mode_solver,fd0c1e8e
2026-02-18,mode_solver,fd45ba62
2026-02-18,mode_solver,fd4d3f64
2026-02-18,mode_solver,fd637e85
2026-02-18,mode_solver,fda8d57d
2026-02-18,mode_solver,fdac1c07
2026-02-18,mode_solver,fdf9d941
2026-02-18,mode_solver,fe551502
2026-02-18,mode_solver,fe83362c
2026-02-18,mode_solver,fe875299
2026-02-18,mode_solver,feb8a81a
2026-02-18,mode_solver,fee6fc81
2026-02-18,mode_solver,fef44c6e
2026-02-18,mode_solver,ff5433d1
2026-02-18,mode_solver,ff5e73fc
2026-02-18,mode_solver,ff67b085
2026-02-18,mode_solver,ffca8fcc
2026-02-19,mode_solver,020aafc1
2026-02-19,mode_solver,02a006bc
2026-02-19,mode_solver,04a35519
2026-02-19,mode_solver,0514a7a1
2026-02-19,mode_solver,075137b0
2026-02-19,mode_solver,0a9f27a8
2026-02-19,mode_solver,0ac4bec3
2026-02-19,mode_solver,0c565711
2026-02-19,mode_solver,0cac904a
2026-02-19,mode_solver,0d163dad
2026-02-19,mode_solver,13b95cb0
2026-02-19,mode_solver,16b2ea2b
2026-02-19,mode_solver,17b3763c
2026-02-19,mode_solver,1960f73f
2026-02-19,mode_solver,1d52411c
2026-02-19,mode_solver,1f339751
2026-02-19,mode_solver,1ff6def5
2026-02-19,mode_solver,20068b41
2026-02-19,mode_solver,21317bef
2026-02-19,mode_solver,2205d1bd
2026-02-19,mode_solver,247593b2
2026-02-19,mode_solver,2549e49c
2026-02-19,mode_solver,26d75cd6
2026-02-19,mode_solver,27269e36
2026-02-19,mode_solver,27c58391
2026-02-19,mode_solver,27d182c3
2026-02-19,mode_solver,27dfc126
2026-02-19,mode_solver,28ccb1ca
2026-02-19,mode_solver,2be21d16
2026-02-19,mode_solver,2d1bf384
2026-02-19,mode_solver,2dc9ac47
2026-02-19,mode_solver,2e36ff6d
2026-02-19,mode_solver,2e66d57e
2026-02-19,mode_solver,2ed49132
2026-02-19,mode_solver,32a2b86c
2026-02-19,mode_solver,35516beb
2026-02-19,mode_solver,3577e1f4
2026-02-19,mode_solver,35cbd6b2
2026-02-19,mode_solver,385e50b9
2026-02-19,mode_solver,3884b892
2026-02-19,mode_solver,3915d1fa
2026-02-19,mode_solver,39c829f0
2026-02-19,mode_solver,3c11f314
2026-02-19,mode_solver,3c55d2f3
2026-02-19,mode_solver,3e3efdf2
2026-02-19,mode_solver,4007bb93
2026-02-19,mode_solver,41127100
2026-02-19,mode_solver,41f0d776
2026-02-19,mode_solver,433cfed5
2026-02-19,mode_solver,44465e11
2026-02-19,mode_solver,469fd693
2026-02-19,mode_solver,4753e448
2026-02-19,mode_solver,4a70735e
2026-02-19,mode_solver,4a816fc0
2026-02-19,mode_solver,4a964a92
2026-02-19,mode_solver,4e3409a9
2026-02-19,mode_solver,4ebb7cbf
2026-02-19,mode_solver,52d70fd4
2026-02-19,mode_solver,54811be5
2026-02-19,mode_solver,556bac25
2026-02-19,mode_solver,56687723
2026-02-19,mode_solver,569447d9
2026-02-19,mode_solver,57dcf717
2026-02-19,mode_solver,57f0d535
2026-02-19,mode_solver,5a1992d8
2026-02-19,mode_solver,5a32b6da
2026-02-19,mode_solver,5a5757db
2026-02-19,mode_solver,5afd136e
2026-02-19,mode_solver,5ba7c87e
2026-02-19,mode_solver,5bdfd809
2026-02-19,mode_solver,5e4e4537
2026-02-19,mode_solver,609a686d
2026-02-19,mode_solver,6273e31f
2026-02-19,mode_solver,6283e4fb
2026-02-19,mode_solver,6353c62c
2026-02-19,mode_solver,63847bd8
2026-02-19,mode_solver,6579479c
2026-02-19,mode_solver,65e174dc
2026-02-19,mode_solver,660b76c2
2026-02-19,mode_solver,66811163
2026-02-19,mode_solver,6682bc78
2026-02-19,mode_solver,674c6ec8
2026-02-19,mode_solver,67850d10
2026-02-19,mode_solver,67af2b04
2026-02-19,mode_solver,67e68d45
2026-02-19,mode_solver,6818079d
2026-02-19,mode_solver,6820a29c
2026-02-19,mode_solver,68fde546
2026-02-19,mode_solver,6b31a8b9
2026-02-19,mode_solver,6b75aa33
2026-02-19,mode_solver,6c33ecef
2026-02-19,mode_solver,6fcdf744
2026-02-19,mode_solver,70c523f9
2026-02-19,mode_solver,70ddc8b9
2026-02-19,mode_solver,71254d0e
2026-02-19,mode_solver,713899e1
2026-02-19,mode_solver,73091938
2026-02-19,mode_solver,733a8333
2026-02-19,mode_solver,7355c9b1
2026-02-19,mode_solver,73662432
2026-02-19,mode_solver,74814fac
2026-02-19,mode_solver,756a7d8d
2026-02-19,mode_solver,773eb27c
2026-02-19,mode_solver,7797f0ac
2026-02-19,mode_solver,788ac5fb
2026-02-19,mode_solver,789c4489
2026-02-19,mode_solver,7a3c3108
2026-02-19,mode_solver,7e4a42fc
2026-02-19,mode_solver,7ef7e7ed
2026-02-19,mode_solver,80369a0d
2026-02-19,mode_solver,80729a41
2026-02-19,mode_solver,866afe17
2026-02-19,mode_solver,8969e6fb
2026-02-19,mode_solver,8ada1726
2026-02-19,mode_solver,8bbbbb3c
2026-02-19,mode_solver,8bc0446f
2026-02-19,mode_solver,8c098b6e
2026-02-19,mode_solver,8c5fb7c4
2026-02-19,mode_solver,8e195f3f
2026-02-19,mode_solver,976a3681
2026-02-19,mode_solver,985eaa7c
2026-02-19,mode_solver,989d1680
2026-02-19,mode_solver,98ccd6d7
2026-02-19,mode_solver,9d541d34
2026-02-19,mode_solver,9e7cbfb9
2026-02-19,mode_solver,9ec588dc
2026-02-19,mode_solver,9fb68e94
2026-02-19,mode_solver,a148ec44
2026-02-19,mode_solver,a1be07e6
2026-02-19,mode_solver,a234ca3b
2026-02-19,mode_solver,a5889726
2026-02-19,mode_solver,a5dec07b
2026-02-19,mode_solver,a5ef1c14
2026-02-19,mode_solver,a5f9bb63
2026-02-19,mode_solver,a6058037
2026-02-19,mode_solver,a73cba0d
2026-02-19,mode_solver,a913540e
2026-02-19,mode_solver,ab089eae
2026-02-19,mode_solver,ab4c92bd
2026-02-19,mode_solver,acce8348
2026-02-19,mode_solver,ae7d423a
2026-02-19,mode_solver,aeb01414
2026-02-19,mode_solver,aee4a40a
2026-02-19,mode_solver,affce1e0
2026-02-19,mode_solver,b020dad4
2026-02-19,mode_solver,b05ae0da
2026-02-19,mode_solver,b14dd1f1
2026-02-19,mode_solver,b229fb38
2026-02-19,mode_solver,b41fb537
2026-02-19,mode_solver,b4d0ae46
2026-02-19,mode_solver,b6ecb0e1
2026-02-19,mode_solver,b939b124
2026-02-19,mode_solver,baa5c844
2026-02-19,mode_solver,bb97274a
2026-02-19,mode_solver,bbc594b6
2026-02-19,mode_solver,bcba02b5
2026-02-19,mode_solver,bce02469
2026-02-19,mode_solver,bf7cc87a
2026-02-19,mode_solver,c334ef2a
2026-02-19,mode_solver,c49cf687
2026-02-19,mode_solver,c4e07f3b
2026-02-19,mode_solver,c6838702
2026-02-19,mode_solver,c6fe3829
2026-02-19,mode_solver,c7381210
2026-02-19,mode_solver,c8205eaa
2026-02-19,mode_solver,c9199054
2026-02-19,mode_solver,cb0b2d80
2026-02-19,mode_solver,cbd31b7d
2026-02-19,mode_solver,ccc96b37
2026-02-19,mode_solver,cd38b3b4
2026-02-19,mode_solver,cd5d90d2
2026-02-19,mode_solver,d026c048
2026-02-19,mode_solver,d06522f4
2026-02-19,mode_solver,d3a178c2
2026-02-19,mode_solver,d4e47913
2026-02-19,mode_solver,d558ca14
2026-02-19,mode_solver,d5ddecd4
2026-02-19,mode_solver,d6d991e5
2026-02-19,mode_solver,dadb4997
2026-02-19,mode_solver,db55dd0c
2026-02-19,mode_solver,dc3f2c2f
2026-02-19,mode_solver,dd64fc5d
2026-02-19,mode_solver,def3fd1d
2026-02-19,mode_solver,e07d7caf
2026-02-19,mode_solver,e0ab6969
2026-02-19,mode_solver,e2a27fb4
2026-02-19,mode_solver,e2c33814
2026-02-19,mode_solver,e2f6e472
2026-02-19,mode_solver,e40ff19a
2026-02-19,mode_solver,e572de8a
2026-02-19,mode_solver,e5f5bd7b
2026-02-19,mode_solver,e60e3f97
2026-02-19,mode_solver,e77da828
2026-02-19,mode_solver,e8b5c0cd
2026-02-19,mode_solver,e9790f87
2026-02-19,mode_solver,ea3622bb
2026-02-19,mode_solver,ebcc0334
2026-02-19,mode_solver,ee286813
2026-02-19,mode_solver,ef6d5ef3
2026-02-19,mode_solver,f2f5913a
2026-02-19,mode_solver,f39de90f
2026-02-19,mode_solver,f7df4c32
2026-02-19,mode_solver,f97128c8
2026-02-19,mode_solver,fbcbce2c
2026-02-19,mode_solver,fc6bbc60
2026-02-19,mode_solver,fce5f0cb
2026-02-19,mode_solver,fe55d2db
2026-02-20,fdtd,038f5aa7
2026-02-20,fdtd,03c46175
2026-02-20,fdtd,0707a298
2026-02-20,fdtd,090ac680
2026-02-20,fdtd,0972c8d5
2026-02-20,fdtd,0d90d7c0
2026-02-20,fdtd,0fc56dcb
2026-02-20,fdtd,10475914
2026-02-20,fdtd,105756ed
2026-02-20,fdtd,107bb401
2026-02-20,fdtd,10958c2d
2026-02-20,fdtd,11df2107
2026-02-20,fdtd,132f0c11
2026-02-20,fdtd,135eddd6
2026-02-20,fdtd,13a90b70
2026-02-20,fdtd,158a26da
2026-02-20,fdtd,161dcaa3
2026-02-20,fdtd,16656b64
2026-02-20,fdtd,179a5a4e
2026-02-20,fdtd,17fdeee6
2026-02-20,fdtd,19a5026b
2026-02-20,fdtd,19e246b6
2026-02-20,fdtd,1b1750b7
2026-02-20,fdtd,1c3e6643
2026-02-20,fdtd,1d733deb
2026-02-20,fdtd,1d849b95
2026-02-20,fdtd,201de773
2026-02-20,fdtd,20516125
2026-02-20,fdtd,208243bb
2026-02-20,fdtd,215c7eed
2026-02-20,fdtd,22108d2c
2026-02-20,fdtd,22c39255
2026-02-20,fdtd,22e32440
2026-02-20,fdtd,23b53e46
2026-02-20,fdtd,23d40eda
2026-02-20,fdtd,23e0a6c0
2026-02-20,fdtd,24f67b30
2026-02-20,fdtd,255ab780
2026-02-20,fdtd,272a7814
2026-02-20,fdtd,297d399d
2026-02-20,fdtd,2a26b065
2026-02-20,fdtd,2a470719
2026-02-20,fdtd,2a5801d7
2026-02-20,fdtd,2a5fb68c
2026-02-20,fdtd,2a8bc922
2026-02-20,fdtd,2a8d7a97
2026-02-20,fdtd,2b891a1d
2026-02-20,fdtd,2d0755c0
2026-02-20,fdtd,2d2b3d56
2026-02-20,fdtd,2e9ffd9b
2026-02-20,fdtd,2f6d84f6
2026-02-20,fdtd,2f8b3284
2026-02-20,fdtd,2fc57240
2026-02-20,fdtd,31b9169b
2026-02-20,fdtd,3237f707
2026-02-20,fdtd,330c50cd
2026-02-20,fdtd,3367aef1
2026-02-20,fdtd,33e383b5
2026-02-20,fdtd,372771b0
2026-02-20,fdtd,378a55ea
2026-02-20,fdtd,3b261851
2026-02-20,fdtd,3c77c8b8
2026-02-20,fdtd,3d6283e8
2026-02-20,fdtd,3ea001cc
2026-02-20,fdtd,3f1bf44a
2026-02-20,fdtd,402ac514
2026-02-20,fdtd,41d7814b
2026-02-20,fdtd,41ef264e
2026-02-20,fdtd,44066174
2026-02-20,fdtd,44403b09
2026-02-20,fdtd,445bb05e
2026-02-20,fdtd,44bd2aee
2026-02-20,fdtd,45bc4849
2026-02-20,fdtd,46e6f28c
2026-02-20,fdtd,4753a3f9
2026-02-20,fdtd,47f0ecb1
2026-02-20,fdtd,48037500
2026-02-20,fdtd,48591412
2026-02-20,fdtd,49123561
2026-02-20,fdtd,4966599a
2026-02-20,fdtd,4a2a2535
2026-02-20,fdtd,4a48c6ec
2026-02-20,fdtd,4a9d4e6e
2026-02-20,fdtd,4ab46ae6
2026-02-20,fdtd,4ac3a04d
2026-02-20,fdtd,4afe5f48
2026-02-20,fdtd,4cc878b9
2026-02-20,fdtd,4ccd0d65
2026-02-20,fdtd,4d23d92a
2026-02-20,fdtd,4e6005b2
2026-02-20,fdtd,50cf067d
2026-02-20,fdtd,50f7808f
2026-02-20,fdtd,512550d2
2026-02-20,fdtd,520d1d16
2026-02-20,fdtd,53d34595
2026-02-20,fdtd,53da6088
2026-02-20,fdtd,55f563a0
2026-02-20,fdtd,569c4d6c
2026-02-20,fdtd,56dc2d51
2026-02-20,fdtd,5796073b
2026-02-20,fdtd,586f97cb
2026-02-20,fdtd,59152b93
2026-02-20,fdtd,59509210
2026-02-20,fdtd,59589f32
2026-02-20,fdtd,5a18fe3b
2026-02-20,fdtd,5c9c9353
2026-02-20,fdtd,5db6fd5c
2026-02-20,fdtd,5df04ae6
2026-02-20,fdtd,5e392914
2026-02-20,fdtd,5f621169
2026-02-20,fdtd,61e8b470
2026-02-20,fdtd,64071116
2026-02-20,fdtd,65618092
2026-02-20,fdtd,662eadda
2026-02-20,fdtd,6b9e7304
2026-02-20,fdtd,6c30ad67
2026-02-20,fdtd,6c7c83eb
2026-02-20,fdtd,6d2d9f8e
2026-02-20,fdtd,6db0ab07
2026-02-20,fdtd,6e31aec6
2026-02-20,fdtd,6fbc34cc
2026-02-20,fdtd,7066aebf
2026-02-20,fdtd,70a2208d
2026-02-20,fdtd,72313506
2026-02-20,fdtd,72679d1b
2026-02-20,fdtd,7335a0f2
2026-02-20,fdtd,7397b6ac
2026-02-20,fdtd,762987dd
2026-02-20,fdtd,7738873c
2026-02-20,fdtd,78cd66ef
2026-02-20,fdtd,79a58bb4
2026-02-20,fdtd,7bafd447
2026-02-20,fdtd,7c2aed8c
2026-02-20,fdtd,7d801638
2026-02-20,fdtd,7dee0360
2026-02-20,fdtd,7df10422
2026-02-20,fdtd,8056cb59
2026-02-20,fdtd,818c3760
2026-02-20,fdtd,81a53687
2026-02-20,fdtd,867adae6
2026-02-20,fdtd,867b63b5
2026-02-20,fdtd,869bce19
2026-02-20,fdtd,89045562
2026-02-20,fdtd,897faa59
2026-02-20,fdtd,899d9e76
2026-02-20,fdtd,8ab566f7
2026-02-20,fdtd,8bed30fc
2026-02-20,fdtd,8ca04da1
2026-02-20,fdtd,8cfc54ba
2026-02-20,fdtd,8d8ff51d
2026-02-20,fdtd,8e1be45d
2026-02-20,fdtd,8f2a8d97
2026-02-20,fdtd,8f95e95e
2026-02-20,fdtd,9086abb4
2026-02-20,fdtd,9089bdac
2026-02-20,fdtd,91b32275
2026-02-20,fdtd,92117eb0
2026-02-20,fdtd,923c4b73
2026-02-20,fdtd,92554c4b
2026-02-20,fdtd,925c9bd6
2026-02-20,fdtd,927f48d1
2026-02-20,fdtd,932508b9
2026-02-20,fdtd,938de049
2026-02-20,fdtd,94f6b482
2026-02-20,fdtd,950f59ba
2026-02-20,fdtd,97334b6a
2026-02-20,fdtd,97b6b866
2026-02-20,fdtd,97d93f50
2026-02-20,fdtd,97e9c220
2026-02-20,fdtd,9831eb05
2026-02-20,fdtd,98983e1c
2026-02-20,fdtd,98bd41cf
2026-02-20,fdtd,99505420
2026-02-20,fdtd,9af36c5f
2026-02-20,fdtd,9cc9ffb6
2026-02-20,fdtd,9edc3c28
2026-02-20,fdtd,a07d8ec7
2026-02-20,fdtd,a16314fa
2026-02-20,fdtd,a31e6890
2026-02-20,fdtd,a392106b
2026-02-20,fdtd,a3e56f24
2026-02-20,fdtd,a6bcc418
2026-02-20,fdtd,a791929d
2026-02-20,fdtd,abb8caea
2026-02-20,fdtd,aea82f7a
2026-02-20,fdtd,afb28e0f
2026-02-20,fdtd,b19c7412
2026-02-20,fdtd,b286de99
2026-02-20,fdtd,b3c4aeba
2026-02-20,fdtd,b5119f05
2026-02-20,fdtd,b52e36d4
2026-02-20,fdtd,b5c08350
2026-02-20,fdtd,b687a9b2
2026-02-20,fdtd,b7e4c407
2026-02-20,fdtd,b80b1f8c
2026-02-20,fdtd,b8b06dc7
2026-02-20,fdtd,b8cb4a53
2026-02-20,fdtd,b9b28f6a
2026-02-20,fdtd,ba9341f9
2026-02-20,fdtd,bac76a59
2026-02-20,fdtd,bc0ca165
2026-02-20,fdtd,be00c137
2026-02-20,fdtd,be023736
2026-02-20,fdtd,bee63ec4
2026-02-20,fdtd,bfed45df
2026-02-20,fdtd,c02f983c
2026-02-20,fdtd,c06e7029
2026-02-20,fdtd,c114f7af
2026-02-20,fdtd,c1405d2d
2026-02-20,fdtd,c42d9465
2026-02-20,fdtd,c601282d
2026-02-20,fdtd,c6cc5ebf
2026-02-20,fdtd,cb6a47c5
2026-02-20,fdtd,cc56e04b
2026-02-20,fdtd,cc5c1836
2026-02-20,fdtd,cca140a4
2026-02-20,fdtd,ccb4721b
2026-02-20,fdtd,ccf06474
2026-02-20,fdtd,ce5a8bc3
2026-02-20,fdtd,cea9db41
2026-02-20,fdtd,cf6d9661
2026-02-20,fdtd,cfe0db15
2026-02-20,fdtd,d00070e4
2026-02-20,fdtd,d025b1ad
2026-02-20,fdtd,d0f4588f
2026-02-20,fdtd,d0f4b17a
2026-02-20,fdtd,d30a3a1c
2026-02-20,fdtd,d362455b
2026-02-20,fdtd,d4740032
2026-02-20,fdtd,d5ad3b40
2026-02-20,fdtd,d5c94f70
2026-02-20,fdtd,d5d4dcd7
2026-02-20,fdtd,d704dc1e
2026-02-20,fdtd,d8315710
2026-02-20,fdtd,d8c2f9a2
2026-02-20,fdtd,d8cb1012
2026-02-20,fdtd,d90fa34a
2026-02-20,fdtd,d9ac0f88
2026-02-20,fdtd,daed6ea5
2026-02-20,fdtd,db0bcc26
2026-02-20,fdtd,dda52c48
2026-02-20,fdtd,ddc365d2
2026-02-20,fdtd,de53da9e
2026-02-20,fdtd,de92798b
2026-02-20,fdtd,df20684c
2026-02-20,fdtd,e05135a7
2026-02-20,fdtd,e1a09ff3
2026-02-20,fdtd,e1d4ebbf
2026-02-20,fdtd,e3925004
2026-02-20,fdtd,e4c016d5
2026-02-20,fdtd,e51e6a91
2026-02-20,fdtd,e5faac55
2026-02-20,fdtd,e662ad4f
2026-02-20,fdtd,e7a7896b
2026-02-20,fdtd,e7b3800c
2026-02-20,fdtd,e8d544a6
2026-02-20,fdtd,eac2eae4
2026-02-20,fdtd,ebf239c9
2026-02-20,fdtd,ed130083
2026-02-20,fdtd,edef838e
2026-02-20,fdtd,ef4ca5bf
2026-02-20,fdtd,efebd748
2026-02-20,fdtd,f07f051b
2026-02-20,fdtd,f10381ee
2026-02-20,fdtd,f13a6a16
2026-02-20,fdtd,f215ea8e
2026-02-20,fdtd,f338573c
2026-02-20,fdtd,f64d6dc7
2026-02-20,fdtd,f6a566e8
2026-02-20,fdtd,f6bbca62
2026-02-20,fdtd,f72c6e01
2026-02-20,fdtd,f7e9b894
2026-02-20,fdtd,f9f421c3
2026-02-20,mode_solver,035eedf5
2026-02-20,mode_solver,06c1e039
2026-02-20,mode_solver,1125f256
2026-02-20,mode_solver,14a87464
2026-02-20,mode_solver,162295ca
2026-02-20,mode_solver,1acbee60
2026-02-20,mode_solver,1e0aef12
2026-02-20,mode_solver,1e572b19
2026-02-20,mode_solver,2861b5ef
2026-02-20,mode_solver,2c301b77
2026-02-20,mode_solver,2f2079ca
2026-02-20,mode_solver,306a5f1f
2026-02-20,mode_solver,31f3b604
2026-02-20,mode_solver,38c1fe3a
2026-02-20,mode_solver,3f0a7871
2026-02-20,mode_solver,477d17c2
2026-02-20,mode_solver,4e520375
2026-02-20,mode_solver,525f03e1
2026-02-20,mode_solver,5593b6fc
2026-02-20,mode_solver,578b63d3
2026-02-20,mode_solver,58145fba
2026-02-20,mode_solver,59238404
2026-02-20,mode_solver,5cf95da3
2026-02-20,mode_solver,5d0eb9cd
2026-02-20,mode_solver,5febe5fb
2026-02-20,mode_solver,612b9c00
2026-02-20,mode_solver,6860b5ef
2026-02-20,mode_solver,6b598672
2026-02-20,mode_solver,6b691f81
2026-02-20,mode_solver,6cbe600b
2026-02-20,mode_solver,6df7774a
2026-02-20,mode_solver,709f6d7c
2026-02-20,mode_solver,7251806e
2026-02-20,mode_solver,751b5ace
2026-02-20,mode_solver,78fe19c1
2026-02-20,mode_solver,79ecdde4
2026-02-20,mode_solver,82786ce7
2026-02-20,mode_solver,832e358b
2026-02-20,mode_solver,88455f60
2026-02-20,mode_solver,96d69ef1
2026-02-20,mode_solver,97973854
2026-02-20,mode_solver,9872d433
2026-02-20,mode_solver,99209b39
2026-02-20,mode_solver,9abe1d88
2026-02-20,mode_solver,9c0d5d48
2026-02-20,mode_solver,a1f7dbb8
2026-02-20,mode_solver,ac34487e
2026-02-20,mode_solver,b088fa12
2026-02-20,mode_solver,b1c50c27
2026-02-20,mode_solver,b40ba0bd
2026-02-20,mode_solver,b5b32b96
2026-02-20,mode_solver,be3d4b4e
2026-02-20,mode_solver,be8ef690
2026-02-20,mode_solver,c1ffc96f
2026-02-20,mode_solver,c3047f6c
2026-02-20,mode_solver,c30ede4c
2026-02-20,mode_solver,d2e9bc60
2026-02-20,mode_solver,d921841b
2026-02-20,mode_solver,dadc9e16
2026-02-20,mode_solver,e16d278e
2026-02-20,mode_solver,e20a64eb
2026-02-20,mode_solver,e383e34a
2026-02-20,mode_solver,e81911e7
2026-02-20,mode_solver,f026b35e
2026-02-20,mode_solver,f3fd1814
2026-02-20,mode_solver,f83a6e09
2026-02-21,fdtd,0fcecebd
2026-02-21,fdtd,1e6f4fcc
2026-02-21,fdtd,201992cd
2026-02-21,fdtd,231f6a09
2026-02-21,fdtd,7c4a91c4
2026-02-21,fdtd,8a77db1d
2026-02-21,fdtd,8d8d00dd
2026-02-21,fdtd,9b05331a
2026-02-21,fdtd,a82887fc
2026-02-21,fdtd,aaf0d0e1
2026-02-21,fdtd,b0038ed9
2026-02-21,fdtd,b14d9dbd
2026-02-21,fdtd,b8cfe3c0
2026-02-21,fdtd,ce16aecc
2026-02-21,fdtd,de44705d
2026-02-21,fdtd,e24c0ddf
2026-02-21,fdtd,e30f9369
2026-02-21,fdtd,fafb0d7f
2026-02-21,mode_solver,016ff98d
2026-02-21,mode_solver,0178595c
2026-02-21,mode_solver,07d7c0c5
2026-02-21,mode_solver,0846607f
2026-02-21,mode_solver,09658e8b
2026-02-21,mode_solver,0976d453
2026-02-21,mode_solver,0c8520a4
2026-02-21,mode_solver,0cda424f
2026-02-21,mode_solver,11b148fe
2026-02-21,mode_solver,14d25bf1
2026-02-21,mode_solver,15ce44d7
2026-02-21,mode_solver,166ff4eb
2026-02-21,mode_solver,16be412c
2026-02-21,mode_solver,17ad8cff
2026-02-21,mode_solver,1c9bdf8c
2026-02-21,mode_solver,1e1d899c
2026-02-21,mode_solver,2278d7ea
2026-02-21,mode_solver,25dcfac1
2026-02-21,mode_solver,2655609b
2026-02-21,mode_solver,26fdc481
2026-02-21,mode_solver,28874b98
2026-02-21,mode_solver,294170fd
2026-02-21,mode_solver,29e77bd7
2026-02-21,mode_solver,2a38b4ef
2026-02-21,mode_solver,2c994b07
2026-02-21,mode_solver,2ca64ff2
2026-02-21,mode_solver,2f6d9dac
2026-02-21,mode_solver,4524cd2a
2026-02-21,mode_solver,456ca8cf
2026-02-21,mode_solver,46394c4d
2026-02-21,mode_solver,49eb1fb3
2026-02-21,mode_solver,4a68e014
2026-02-21,mode_solver,4a9cffe3
2026-02-21,mode_solver,4c6af491
2026-02-21,mode_solver,4d03799f
2026-02-21,mode_solver,55e10b81
2026-02-21,mode_solver,57b0dc9a
2026-02-21,mode_solver,57c54cf4
2026-02-21,mode_solver,5a9d279c
2026-02-21,mode_solver,5ba757a8
2026-02-21,mode_solver,5bb7f6ff
2026-02-21,mode_solver,5bf614d0
2026-02-21,mode_solver,62c217d8
2026-02-21,mode_solver,6430ae87
2026-02-21,mode_solver,6b2547e9
2026-02-21,mode_solver,741c9997
2026-02-21,mode_solver,74d8f635
2026-02-21,mode_solver,79680c1e
2026-02-21,mode_solver,79ff6f62
2026-02-21,mode_solver,7b94871f
2026-02-21,mode_solver,7bee8820
2026-02-21,mode_solver,7d406c43
2026-02-21,mode_solver,7fe17a85
2026-02-21,mode_solver,88a0d401
2026-02-21,mode_solver,891be634
2026-02-21,mode_solver,89415f74
2026-02-21,mode_solver,8e5def21
2026-02-21,mode_solver,918061cd
2026-02-21,mode_solver,9502bef5
2026-02-21,mode_solver,956f0899
2026-02-21,mode_solver,95c69edf
2026-02-21,mode_solver,9b3735f5
2026-02-21,mode_solver,9caef8ff
2026-02-21,mode_solver,9fb0a2e8
2026-02-21,mode_solver,9fb1a700
2026-02-21,mode_solver,a76ce637
2026-02-21,mode_solver,ac68ea57
2026-02-21,mode_solver,af8cb40f
2026-02-21,mode_solver,b100f7fa
2026-02-21,mode_solver,b247217e
2026-02-21,mode_solver,b7692e08
2026-02-21,mode_solver,ba7c73d4
2026-02-21,mode_solver,bcea0cb7
2026-02-21,mode_solver,be3d4da8
2026-02-21,mode_solver,c0f4dbac
2026-02-21,mode_solver,c56a48ce
2026-02-21,mode_solver,c5f2ea02
2026-02-21,mode_solver,c69d7bfa
2026-02-21,mode_solver,c87f6371
2026-02-21,mode_solver,cbbc2355
2026-02-21,mode_solver,cc4a33ae
2026-02-21,mode_solver,ccd6ac37
2026-02-21,mode_solver,ce12d858
2026-02-21,mode_solver,d50b9593
2026-02-21,mode_solver,d6d37749
2026-02-21,mode_solver,d77f5b4e
2026-02-21,mode_solver,d836ed3c
2026-02-21,mode_solver,dc554d24
2026-02-21,mode_solver,de1b98f2
2026-02-21,mode_solver,e0f86cc5
2026-02-21,mode_solver,e3d2802c
2026-02-21,mode_solver,e81e7710
2026-02-21,mode_solver,ed7eba16
2026-02-21,mode_solver,ef7eb665
2026-02-21,mode_solver,f020d4e6
2026-02-21,mode_solver,f0aea2b1
2026-02-21,mode_solver,f0c5c666
2026-02-21,mode_solver,f57d94f1
2026-02-21,mode_solver,f5f7f274
2026-02-21,mode_solver,f788e06d
2026-02-21,mode_solver,fcb931ec
2026-02-21,mode_solver,fef716bd
2026-02-21,mode_solver,ff412dc3
2026-02-21,mode_solver,fff52a25
2026-02-21,mode_solver,fff9d530
2026-02-22,fdtd,1e74c63b
2026-02-22,fdtd,691f34c4
2026-02-22,fdtd,86f9f18a
2026-02-22,fdtd,88661da3
2026-02-22,fdtd,dcc8806f
2026-02-22,mode_solver,37cf4fd1
2026-02-22,mode_solver,5cd2db13
2026-02-23,mode_solver,086e14c9
2026-02-23,mode_solver,0ef8b1ee
2026-02-23,mode_solver,0f7cbf47
2026-02-23,mode_solver,18119b89
2026-02-23,mode_solver,1e9aa4a7
2026-02-23,mode_solver,1ec4235b
2026-02-23,mode_solver,22226847
2026-02-23,mode_solver,42261376
2026-02-23,mode_solver,49568cda
2026-02-23,mode_solver,4a82bc63
2026-02-23,mode_solver,4d0a23e8
2026-02-23,mode_solver,4ef13462
2026-02-23,mode_solver,5ca34aa7
2026-02-23,mode_solver,5ffc4b7b
2026-02-23,mode_solver,607c4768
2026-02-23,mode_solver,7755a800
2026-02-23,mode_solver,7fba12b0
2026-02-23,mode_solver,92eb730d
2026-02-23,mode_solver,95793dd9
2026-02-23,mode_solver,a67547df
2026-02-23,mode_solver,aa39e618
2026-02-23,mode_solver,b1a1c672
2026-02-23,mode_solver,be4bdc3c
2026-02-23,mode_solver,ca585ab1
2026-02-23,mode_solver,d3ccfeb6
2026-02-23,mode_solver,d6ef9fda
2026-02-23,mode_solver,dc71bec3
2026-02-23,mode_solver,df3f95c4
2026-02-23,mode_solver,e12e4d3e
2026-02-23,mode_solver,e25fef12
2026-02-23,mode_solver,e9f42d79
2026-02-23,mode_solver,eb497a60
2026-02-23,mode_solver,f061ac01
2026-02-23,mode_solver,f39f2ab7
2026-02-23,mode_solver,f67280af
2026-02-23,mode_solver,f7fa6e00
2026-02-23,mode_solver,f999cd48
2026-02-23,mode_solver,f9ce0e57
2026-02-23,mode_solver,fd3c74ff
2026-02-23,mode_solver,fe76f1d4
2026-03-11,fdtd,0c5d26cd
2026-03-11,fdtd,1113106b
2026-03-11,fdtd,28e96cbb
2026-03-11,fdtd,35d68139
2026-03-11,fdtd,40c57ea4
2026-03-11,fdtd,47821dd3
2026-03-11,fdtd,55098dbb
2026-03-11,fdtd,5f8d3bd4
2026-03-11,fdtd,658e2db3
2026-03-11,fdtd,74d82079
2026-03-11,fdtd,86ef20b4
2026-03-11,fdtd,a5967085
2026-03-11,fdtd,b6f5e708
2026-03-11,fdtd,c4bdea54
2026-03-11,fdtd,ce28da40
2026-03-11,fdtd,d0ed948e
2026-03-11,fdtd,d9a0ffb9
2026-03-11,fdtd,e63f8be3
2026-03-11,fdtd,f70a239d
2026-03-12,fdtd,08b40ba6
2026-03-12,fdtd,0e890ed2
2026-03-12,fdtd,129b9b9b
2026-03-12,fdtd,201d06f8
2026-03-12,fdtd,2301a2fe
2026-03-12,fdtd,3095d5a0
2026-03-12,fdtd,33ca58e8
2026-03-12,fdtd,6e8dd32f
2026-03-12,fdtd,7fcee8e2
2026-03-12,fdtd,8012ecd8
2026-03-12,fdtd,8b3fde97
2026-03-12,fdtd,cbc0b1a0
2026-03-12,fdtd,cdbe7908
2026-03-12,fdtd,d5d4e355
2026-03-12,fdtd,d6ba69f3
2026-03-12,fdtd,dc0878f8
2026-03-12,fdtd,e4a55316
2026-03-12,fdtd,e999aa57
2026-03-12,fdtd,f00834e4
2026-03-16,fdtd,04908ed8
2026-03-16,fdtd,08bffb31
2026-03-16,fdtd,0a73ddde
2026-03-16,fdtd,15adbdfd
2026-03-16,fdtd,1dbc15bb
2026-03-16,fdtd,2187d040
2026-03-16,fdtd,24e635fb
2026-03-16,fdtd,279c0f07
2026-03-16,fdtd,29914ba3
2026-03-16,fdtd,2d42a3d1
2026-03-16,fdtd,2d6b78b0
2026-03-16,fdtd,2f195c65
2026-03-16,fdtd,31d27cc9
2026-03-16,fdtd,4a06a7d6
2026-03-16,fdtd,5433c66e
2026-03-16,fdtd,5837420f
2026-03-16,fdtd,5c9b223c
2026-03-16,fdtd,5e07fe9a
2026-03-16,fdtd,61d24cf7
2026-03-16,fdtd,635004a4
2026-03-16,fdtd,67a8932d
2026-03-16,fdtd,6ac237bc
2026-03-16,fdtd,6c8f9505
2026-03-16,fdtd,6f946226
2026-03-16,fdtd,71d27e52
2026-03-16,fdtd,76093480
2026-03-16,fdtd,7670f521
2026-03-16,fdtd,769d6f76
2026-03-16,fdtd,86f28059
2026-03-16,fdtd,89fee9ec
2026-03-16,fdtd,8b7f4b4e
2026-03-16,fdtd,8fdde485
2026-03-16,fdtd,988a1979
2026-03-16,fdtd,9942abf1
2026-03-16,fdtd,a1cd0a1d
2026-03-16,fdtd,b07af438
2026-03-16,fdtd,b1c62158
2026-03-16,fdtd,b6434831
2026-03-16,fdtd,c0df5e91
2026-03-16,fdtd,c0f052a9
2026-03-16,fdtd,c508d050
2026-03-16,fdtd,c5e25073
2026-03-16,fdtd,cc526c55
2026-03-16,fdtd,cd85842f
2026-03-16,fdtd,d00012f8
2026-03-16,fdtd,d1d143cf
2026-03-16,fdtd,d947ad21
2026-03-16,fdtd,dee5af68
2026-03-16,fdtd,dfa47d71
2026-03-16,fdtd,e75cf025
2026-03-16,fdtd,e974d50e
2026-03-16,fdtd,e97d1707
2026-03-16,fdtd,ea3a69e1
2026-03-16,fdtd,ec7cbecf
2026-03-16,fdtd,ed683f7e
2026-03-16,fdtd,f03c6b1b
2026-03-16,fdtd,f32e4206
2026-03-16,fdtd,f493b2be
2026-03-16,fdtd,f8948ef8
2026-03-16,fdtd,fa9fdb7a
2026-03-17,fdtd,02ef710a
2026-03-17,fdtd,03b7bd45
2026-03-17,fdtd,03d93ba6
2026-03-17,fdtd,058abb37
2026-03-17,fdtd,06676f2b
2026-03-17,fdtd,08f0952d
2026-03-17,fdtd,0da9a3d7
2026-03-17,fdtd,11abded2
2026-03-17,fdtd,15caefe4
2026-03-17,fdtd,166d8b71
2026-03-17,fdtd,17baef54
2026-03-17,fdtd,19f8159b
2026-03-17,fdtd,1bfa5d55
2026-03-17,fdtd,22a12a9e
2026-03-17,fdtd,236821e4
2026-03-17,fdtd,2384be54
2026-03-17,fdtd,23a0b9f2
2026-03-17,fdtd,24460107
2026-03-17,fdtd,2a9ba166
2026-03-17,fdtd,2ae15d02
2026-03-17,fdtd,2b32762b
2026-03-17,fdtd,33b93927
2026-03-17,fdtd,35ea5a5d
2026-03-17,fdtd,3ced3cb2
2026-03-17,fdtd,42a46f0f
2026-03-17,fdtd,4586e4a2
2026-03-17,fdtd,4981e303
2026-03-17,fdtd,4ebac1e2
2026-03-17,fdtd,50290d07
2026-03-17,fdtd,527c5e34
2026-03-17,fdtd,55af7373
2026-03-17,fdtd,561bad3e
2026-03-17,fdtd,58e6aed0
2026-03-17,fdtd,5a91c89f
2026-03-17,fdtd,5ae9ba0b
2026-03-17,fdtd,5e7ca1f7
2026-03-17,fdtd,5fd4d1f4
2026-03-17,fdtd,626c53db
2026-03-17,fdtd,645e572d
2026-03-17,fdtd,666a43cc
2026-03-17,fdtd,681b8dcf
2026-03-17,fdtd,6b6399db
2026-03-17,fdtd,6f1e769b
2026-03-17,fdtd,76437cce
2026-03-17,fdtd,76880ca7
2026-03-17,fdtd,774668c6
2026-03-17,fdtd,77a59b0c
2026-03-17,fdtd,787d9a2a
2026-03-17,fdtd,79b0e8d2
2026-03-17,fdtd,7de22237
2026-03-17,fdtd,7e76ce75
2026-03-17,fdtd,83fc3d28
2026-03-17,fdtd,8951addc
2026-03-17,fdtd,8ce6ba74
2026-03-17,fdtd,8cffcd85
2026-03-17,fdtd,8d2375ef
2026-03-17,fdtd,8db6a7e4
2026-03-17,fdtd,8e835673
2026-03-17,fdtd,917bbab5
2026-03-17,fdtd,92820bc4
2026-03-17,fdtd,939e60f8
2026-03-17,fdtd,95bfac8d
2026-03-17,fdtd,96d44b58
2026-03-17,fdtd,9794b948
2026-03-17,fdtd,9ae0e783
2026-03-17,fdtd,9e22fbcc
2026-03-17,fdtd,a0d8a0a4
2026-03-17,fdtd,a11a97f3
2026-03-17,fdtd,a2bb3fd6
2026-03-17,fdtd,a3d68661
2026-03-17,fdtd,a7c69c89
2026-03-17,fdtd,ab76fbf6
2026-03-17,fdtd,ac86db64
2026-03-17,fdtd,ae020aaf
2026-03-17,fdtd,af397cd9
2026-03-17,fdtd,b2b183d6
2026-03-17,fdtd,bd1d3c7c
2026-03-17,fdtd,bd6ad738
2026-03-17,fdtd,be96ba13
2026-03-17,fdtd,beac0f3b
2026-03-17,fdtd,c01fb470
2026-03-17,fdtd,c6113248
2026-03-17,fdtd,c86d4e02
2026-03-17,fdtd,c8bd4b1e
2026-03-17,fdtd,cd0c22fd
2026-03-17,fdtd,cdd6a595
2026-03-17,fdtd,ce9ec955
2026-03-17,fdtd,d464b2bb
2026-03-17,fdtd,da49a263
2026-03-17,fdtd,dac8b49e
2026-03-17,fdtd,db0217d0
2026-03-17,fdtd,db0be1d9
2026-03-17,fdtd,dd418774
2026-03-17,fdtd,dfb7e7d0
2026-03-17,fdtd,e4d602c6
2026-03-17,fdtd,e4e99565
2026-03-17,fdtd,e7080269
2026-03-17,fdtd,e7880c81
2026-03-17,fdtd,f22d6f13
2026-03-17,fdtd,f3147a33
2026-03-17,fdtd,f4fe8820
2026-03-17,fdtd,f4fe9aee
2026-03-17,fdtd,f5478b26
2026-03-17,fdtd,f9200a69
2026-03-17,fdtd,f9f4a4f3
2026-03-17,fdtd,fc3b7226
2026-03-17,fdtd,ff372324
2026-03-18,fdtd,041de4cb
2026-03-18,fdtd,04e42dad
2026-03-18,fdtd,0730ea36
2026-03-18,fdtd,0836de29
2026-03-18,fdtd,0c3543c1
2026-03-18,fdtd,0cf743ae
2026-03-18,fdtd,0e288be7
2026-03-18,fdtd,0f8bfe37
2026-03-18,fdtd,106919e1
2026-03-18,fdtd,115a214e
2026-03-18,fdtd,135bbcb9
2026-03-18,fdtd,13f43227
2026-03-18,fdtd,14c3939a
2026-03-18,fdtd,1977ccbe
2026-03-18,fdtd,1992d0be
2026-03-18,fdtd,1ad45a25
2026-03-18,fdtd,1f008645
2026-03-18,fdtd,1f17aaa4
2026-03-18,fdtd,21069ed0
2026-03-18,fdtd,222822ea
2026-03-18,fdtd,267cdca7
2026-03-18,fdtd,28461c9f
2026-03-18,fdtd,2c601c32
2026-03-18,fdtd,2db018dc
2026-03-18,fdtd,31a1b7b6
2026-03-18,fdtd,31bcbf02
2026-03-18,fdtd,32fa9d1d
2026-03-18,fdtd,33623949
2026-03-18,fdtd,3c5f0058
2026-03-18,fdtd,3ee8ef8e
2026-03-18,fdtd,4131c719
2026-03-18,fdtd,4282f2a9
2026-03-18,fdtd,43f8a46d
2026-03-18,fdtd,4482edf4
2026-03-18,fdtd,44bc6d2c
2026-03-18,fdtd,4576842e
2026-03-18,fdtd,45de9320
2026-03-18,fdtd,4a347733
2026-03-18,fdtd,4b1c7001
2026-03-18,fdtd,4b977762
2026-03-18,fdtd,4bdb73bd
2026-03-18,fdtd,4c9efe62
2026-03-18,fdtd,4ee08bbb
2026-03-18,fdtd,513efc2e
2026-03-18,fdtd,51a9d034
2026-03-18,fdtd,569002ea
2026-03-18,fdtd,56fb7d63
2026-03-18,fdtd,5827875f
2026-03-18,fdtd,587f0d23
2026-03-18,fdtd,591b8171
2026-03-18,fdtd,5b6d629c
2026-03-18,fdtd,5e23a175
2026-03-18,fdtd,5e799750
2026-03-18,fdtd,5f5f5106
2026-03-18,fdtd,638814e0
2026-03-18,fdtd,67f68b47
2026-03-18,fdtd,694c1816
2026-03-18,fdtd,70c5ae67
2026-03-18,fdtd,70f3ec5b
2026-03-18,fdtd,7174065c
2026-03-18,fdtd,74a89421
2026-03-18,fdtd,75a06e2b
2026-03-18,fdtd,7749addb
2026-03-18,fdtd,79e8b8cd
2026-03-18,fdtd,7dc81d60
2026-03-18,fdtd,7e43bb98
2026-03-18,fdtd,839c3314
2026-03-18,fdtd,84186377
2026-03-18,fdtd,84f810e6
2026-03-18,fdtd,856afb34
2026-03-18,fdtd,86f0db0f
2026-03-18,fdtd,8a19f054
2026-03-18,fdtd,8d704bb3
2026-03-18,fdtd,8fb6e255
2026-03-18,fdtd,8fe63f59
2026-03-18,fdtd,9450f3c9
2026-03-18,fdtd,95acb3b3
2026-03-18,fdtd,9617f6e6
2026-03-18,fdtd,97c7503a
2026-03-18,fdtd,98a55fdf
2026-03-18,fdtd,9b664617
2026-03-18,fdtd,9d9d8f77
2026-03-18,fdtd,9eaff9f3
2026-03-18,fdtd,a2b5999d
2026-03-18,fdtd,a3563d08
2026-03-18,fdtd,a386fa10
2026-03-18,fdtd,a3c1197c
2026-03-18,fdtd,a4845537
2026-03-18,fdtd,a7596b8e
2026-03-18,fdtd,a95e227c
2026-03-18,fdtd,aa342e20
2026-03-18,fdtd,aa42b6fc
2026-03-18,fdtd,ab603962
2026-03-18,fdtd,abe81e7a
2026-03-18,fdtd,ad4b8a59
2026-03-18,fdtd,b052c690
2026-03-18,fdtd,b11c2086
2026-03-18,fdtd,b129a600
2026-03-18,fdtd,b13fe2d6
2026-03-18,fdtd,b212883b
2026-03-18,fdtd,b500a9bd
2026-03-18,fdtd,b5c49489
2026-03-18,fdtd,b6449b82
2026-03-18,fdtd,b780547d
2026-03-18,fdtd,b7c658a6
2026-03-18,fdtd,b8987e4f
2026-03-18,fdtd,b95414a4
2026-03-18,fdtd,ba994e6b
2026-03-18,fdtd,bcc338db
2026-03-18,fdtd,bd6eecd8
2026-03-18,fdtd,be81a328
2026-03-18,fdtd,bebbac64
2026-03-18,fdtd,bed89f88
2026-03-18,fdtd,c2f4444e
2026-03-18,fdtd,c3e9e28b
2026-03-18,fdtd,c5cb3d3b
2026-03-18,fdtd,c816c2f7
2026-03-18,fdtd,c832fd41
2026-03-18,fdtd,cbc47f7b
2026-03-18,fdtd,cc8615ec
2026-03-18,fdtd,cfaaafa9
2026-03-18,fdtd,d0838a45
2026-03-18,fdtd,d11a5151
2026-03-18,fdtd,d1ea4704
2026-03-18,fdtd,d5c63ab1
2026-03-18,fdtd,d620e455
2026-03-18,fdtd,d7e2c847
2026-03-18,fdtd,dbf67d19
2026-03-18,fdtd,e345d7d3
2026-03-18,fdtd,e4327ead
2026-03-18,fdtd,e9ffb413
2026-03-18,fdtd,f05d5bce
2026-03-18,fdtd,f4aa26e5
2026-03-18,fdtd,f591a257
2026-03-18,fdtd,f6960180
2026-03-18,fdtd,f75d5492
2026-03-18,fdtd,f790dfc5
2026-03-18,fdtd,f7d5f7cb
2026-03-18,fdtd,f8094ec5
2026-03-18,fdtd,fc81940b
2026-03-19,fdtd,0097fb6c
2026-03-19,fdtd,01e6c275
2026-03-19,fdtd,03a45b00
2026-03-19,fdtd,059e31b4
2026-03-19,fdtd,084894dd
2026-03-19,fdtd,0ceb8e80
2026-03-19,fdtd,0f5bd6fc
2026-03-19,fdtd,11f54778
2026-03-19,fdtd,12082113
2026-03-19,fdtd,19b97631
2026-03-19,fdtd,1a6e18e8
2026-03-19,fdtd,1bad286c
2026-03-19,fdtd,1be06e6d
2026-03-19,fdtd,1d4cadc3
2026-03-19,fdtd,243c63ff
2026-03-19,fdtd,2a26277b
2026-03-19,fdtd,2ca0d25a
2026-03-19,fdtd,2e5c295d
2026-03-19,fdtd,2eca25f9
2026-03-19,fdtd,366fba86
2026-03-19,fdtd,3a34d22c
2026-03-19,fdtd,3a45fdb3
2026-03-19,fdtd,3e09b5ab
2026-03-19,fdtd,3f14d390
2026-03-19,fdtd,430cb30f
2026-03-19,fdtd,452fe5b7
2026-03-19,fdtd,49b480b1
2026-03-19,fdtd,4c887c91
2026-03-19,fdtd,4d9c8bf6
2026-03-19,fdtd,52a9000c
2026-03-19,fdtd,532afaf4
2026-03-19,fdtd,53874d15
2026-03-19,fdtd,539bc1d8
2026-03-19,fdtd,541652f1
2026-03-19,fdtd,58d56228
2026-03-19,fdtd,5b729b98
2026-03-19,fdtd,5f92fe2b
2026-03-19,fdtd,62107614
2026-03-19,fdtd,66dcc833
2026-03-19,fdtd,686450ed
2026-03-19,fdtd,6afe6a7e
2026-03-19,fdtd,71ccd1b7
2026-03-19,fdtd,736d18de
2026-03-19,fdtd,768e078e
2026-03-19,fdtd,76e7bcd0
2026-03-19,fdtd,776150ac
2026-03-19,fdtd,77e3b467
2026-03-19,fdtd,7cafd764
2026-03-19,fdtd,82c4f68e
2026-03-19,fdtd,85fb7784
2026-03-19,fdtd,869e48ab
2026-03-19,fdtd,889ea85e
2026-03-19,fdtd,8ad60e90
2026-03-19,fdtd,951a1b7a
2026-03-19,fdtd,97f6318d
2026-03-19,fdtd,a697f4d8
2026-03-19,fdtd,a6d00f15
2026-03-19,fdtd,a7590f0c
2026-03-19,fdtd,a7781079
2026-03-19,fdtd,af2df260
2026-03-19,fdtd,b5d276f7
2026-03-19,fdtd,b6bf80de
2026-03-19,fdtd,b7370490
2026-03-19,fdtd,b879c827
2026-03-19,fdtd,b8bb8b33
2026-03-19,fdtd,baa470dd
2026-03-19,fdtd,bd1579e3
2026-03-19,fdtd,be2881e1
2026-03-19,fdtd,c22bc920
2026-03-19,fdtd,c2331d5d
2026-03-19,fdtd,c3fc08d8
2026-03-19,fdtd,c4064d87
2026-03-19,fdtd,c68e70e1
2026-03-19,fdtd,c9fbf203
2026-03-19,fdtd,cc8dc0a6
2026-03-19,fdtd,ccdd0446
2026-03-19,fdtd,cf5ac387
2026-03-19,fdtd,d56fa7d1
2026-03-19,fdtd,d6d31b67
2026-03-19,fdtd,d6f6c3ef
2026-03-19,fdtd,dad5df3a
2026-03-19,fdtd,df1c7863
2026-03-19,fdtd,e8484d98
2026-03-19,fdtd,ea4e0a1d
2026-03-19,fdtd,f1c3a951
2026-03-19,fdtd,f1ff0366
2026-03-19,fdtd,f4391cbd
2026-03-19,fdtd,f6950b7b
2026-03-19,fdtd,fd524cf6
2026-03-19,fdtd,fe8ddd78
2026-03-20,mode_solver,01b4da59
2026-03-20,mode_solver,033195ee
2026-03-20,mode_solver,05089d42
2026-03-20,mode_solver,057611cc
2026-03-20,mode_solver,072d5f80
2026-03-20,mode_solver,08a4c853
2026-03-20,mode_solver,0b442163
2026-03-20,mode_solver,0ba96635
2026-03-20,mode_solver,0c01428b
2026-03-20,mode_solver,0c8580c6
2026-03-20,mode_solver,0da942e6
2026-03-20,mode_solver,0f4fa802
2026-03-20,mode_solver,100c03af
2026-03-20,mode_solver,1136f480
2026-03-20,mode_solver,137dcc11
2026-03-20,mode_solver,15c68f73
2026-03-20,mode_solver,18eb8f3e
2026-03-20,mode_solver,18f01412
2026-03-20,mode_solver,196a5ffd
2026-03-20,mode_solver,1b0509bc
2026-03-20,mode_solver,1b8f754c
2026-03-20,mode_solver,1e7e5f04
2026-03-20,mode_solver,2534140e
2026-03-20,mode_solver,255343a3
2026-03-20,mode_solver,272d56b8
2026-03-20,mode_solver,2db15b6a
2026-03-20,mode_solver,2ee68c0e
2026-03-20,mode_solver,3085280d
2026-03-20,mode_solver,32443331
2026-03-20,mode_solver,32788b21
2026-03-20,mode_solver,32a38743
2026-03-20,mode_solver,34e7b00a
2026-03-20,mode_solver,35b0d141
2026-03-20,mode_solver,35f5e28f
2026-03-20,mode_solver,36f61f59
2026-03-20,mode_solver,38e05102
2026-03-20,mode_solver,3c7bdfa8
2026-03-20,mode_solver,3c86f6ca
2026-03-20,mode_solver,3cdcb357
2026-03-20,mode_solver,416fbe6e
2026-03-20,mode_solver,41819171
2026-03-20,mode_solver,463d97c8
2026-03-20,mode_solver,47ede949
2026-03-20,mode_solver,488efed2
2026-03-20,mode_solver,48d6201e
2026-03-20,mode_solver,4a1dc80c
2026-03-20,mode_solver,4b07c759
2026-03-20,mode_solver,4b955838
2026-03-20,mode_solver,4bd959a8
2026-03-20,mode_solver,4d430070
2026-03-20,mode_solver,4f7677b9
2026-03-20,mode_solver,4f91391c
2026-03-20,mode_solver,5064e38d
2026-03-20,mode_solver,50790c9a
2026-03-20,mode_solver,5097a36b
2026-03-20,mode_solver,50db4f22
2026-03-20,mode_solver,51ebb264
2026-03-20,mode_solver,5268464a
2026-03-20,mode_solver,54e7b3ce
2026-03-20,mode_solver,55dbd3fa
2026-03-20,mode_solver,56a52660
2026-03-20,mode_solver,5cdff448
2026-03-20,mode_solver,5cff9657
2026-03-20,mode_solver,5e44f915
2026-03-20,mode_solver,5feed947
2026-03-20,mode_solver,608a787b
2026-03-20,mode_solver,613ec870
2026-03-20,mode_solver,62f225d1
2026-03-20,mode_solver,639b6a3e
2026-03-20,mode_solver,63a20068
2026-03-20,mode_solver,645d1b1c
2026-03-20,mode_solver,66940c64
2026-03-20,mode_solver,674cc576
2026-03-20,mode_solver,6a80da98
2026-03-20,mode_solver,6be93ddb
2026-03-20,mode_solver,6befd6b1
2026-03-20,mode_solver,6cc26961
2026-03-20,mode_solver,6dccc6cc
2026-03-20,mode_solver,6e96786d
2026-03-20,mode_solver,6f29234f
2026-03-20,mode_solver,6f724009
2026-03-20,mode_solver,6f8436c0
2026-03-20,mode_solver,6fc5d8b9
2026-03-20,mode_solver,70da9517
2026-03-20,mode_solver,7112eba4
2026-03-20,mode_solver,72676322
2026-03-20,mode_solver,726dcbcd
2026-03-20,mode_solver,744490df
2026-03-20,mode_solver,7519022b
2026-03-20,mode_solver,75eaf0e6
2026-03-20,mode_solver,7626c45e
2026-03-20,mode_solver,77f3c7a2
2026-03-20,mode_solver,78ffdeba
2026-03-20,mode_solver,797b6765
2026-03-20,mode_solver,79fb4657
2026-03-20,mode_solver,7b2c9fb5
2026-03-20,mode_solver,7b9e7e2d
2026-03-20,mode_solver,7dfdf45c
2026-03-20,mode_solver,7e44cb4b
2026-03-20,mode_solver,7ebe2ace
2026-03-20,mode_solver,807f8781
2026-03-20,mode_solver,829b7571
2026-03-20,mode_solver,82ac7071
2026-03-20,mode_solver,83831c03
2026-03-20,mode_solver,86229af7
2026-03-20,mode_solver,88219614
2026-03-20,mode_solver,89c7f16f
2026-03-20,mode_solver,8afa88a4
2026-03-20,mode_solver,8e06a205
2026-03-20,mode_solver,8e12e047
2026-03-20,mode_solver,90e46444
2026-03-20,mode_solver,92de70dd
2026-03-20,mode_solver,939490d8
2026-03-20,mode_solver,94337cb6
2026-03-20,mode_solver,950a0124
2026-03-20,mode_solver,95673512
2026-03-20,mode_solver,96853755
2026-03-20,mode_solver,96d99fee
2026-03-20,mode_solver,96f82bfc
2026-03-20,mode_solver,9aed81fd
2026-03-20,mode_solver,9d44a49c
2026-03-20,mode_solver,9d7fe80c
2026-03-20,mode_solver,a2759596
2026-03-20,mode_solver,a288476e
2026-03-20,mode_solver,a3654bbb
2026-03-20,mode_solver,a5a35370
2026-03-20,mode_solver,a5d8c2d6
2026-03-20,mode_solver,a6264be7
2026-03-20,mode_solver,a8f2609f
2026-03-20,mode_solver,a9026d83
2026-03-20,mode_solver,a9ebf381
2026-03-20,mode_solver,abab1732
2026-03-20,mode_solver,acea1e1c
2026-03-20,mode_solver,ad6f39a6
2026-03-20,mode_solver,ad8f93d4
2026-03-20,mode_solver,add39cb0
2026-03-20,mode_solver,aef3685b
2026-03-20,mode_solver,b2a86dd5
2026-03-20,mode_solver,b8c8495f
2026-03-20,mode_solver,b8e85335
2026-03-20,mode_solver,b904bf1c
2026-03-20,mode_solver,b9487acb
2026-03-20,mode_solver,b9c0d161
2026-03-20,mode_solver,bc5e7c28
2026-03-20,mode_solver,bd51f775
2026-03-20,mode_solver,be0d210f
2026-03-20,mode_solver,bf2d495f
2026-03-20,mode_solver,bfdd9b7c
2026-03-20,mode_solver,c11f8682
2026-03-20,mode_solver,c1dc43fe
2026-03-20,mode_solver,c2854d0a
2026-03-20,mode_solver,c3010ec0
2026-03-20,mode_solver,c3636388
2026-03-20,mode_solver,c3f43e36
2026-03-20,mode_solver,c6a813ae
2026-03-20,mode_solver,c80d9b91
2026-03-20,mode_solver,c8f4b730
2026-03-20,mode_solver,c94824bb
2026-03-20,mode_solver,ca29f6c6
2026-03-20,mode_solver,ca92176f
2026-03-20,mode_solver,ca9600f2
2026-03-20,mode_solver,cc760ea3
2026-03-20,mode_solver,ccd045df
2026-03-20,mode_solver,cce4bbda
2026-03-20,mode_solver,cd66b588
2026-03-20,mode_solver,ce4fa688
2026-03-20,mode_solver,d1bb728d
2026-03-20,mode_solver,d2f47913
2026-03-20,mode_solver,d4180b4d
2026-03-20,mode_solver,d62bccf5
2026-03-20,mode_solver,d88db128
2026-03-20,mode_solver,d9730dc2
2026-03-20,mode_solver,d99babb3
2026-03-20,mode_solver,db11105f
2026-03-20,mode_solver,dd86a312
2026-03-20,mode_solver,dd89944d
2026-03-20,mode_solver,e285d7da
2026-03-20,mode_solver,e2988f80
2026-03-20,mode_solver,e2a8f0bf
2026-03-20,mode_solver,e3b87c2b
2026-03-20,mode_solver,e59f0113
2026-03-20,mode_solver,e8c92d02
2026-03-20,mode_solver,e9b0df52
2026-03-20,mode_solver,e9ea23a2
2026-03-20,mode_solver,ea398612
2026-03-20,mode_solver,eaa8ce6d
2026-03-20,mode_solver,eb251cc4
2026-03-20,mode_solver,edafe032
2026-03-20,mode_solver,edb099f9
2026-03-20,mode_solver,ee0c679f
2026-03-20,mode_solver,f00701dc
2026-03-20,mode_solver,f1c984fd
2026-03-20,mode_solver,f47b0f63
2026-03-20,mode_solver,f4f68609
2026-03-20,mode_solver,f5337c1b
2026-03-20,mode_solver,f7438449
2026-03-20,mode_solver,f872e70b
2026-03-20,mode_solver,fe884a69
2026-03-21,fdtd,001a291e
2026-03-21,fdtd,009db0b6
2026-03-21,fdtd,03151036
2026-03-21,fdtd,03728d5b
2026-03-21,fdtd,04943526
2026-03-21,fdtd,09a24e63
2026-03-21,fdtd,09ff6b10
2026-03-21,fdtd,0cd07ae4
2026-03-21,fdtd,0d36ac8c
2026-03-21,fdtd,0e029448
2026-03-21,fdtd,0e489a12
2026-03-21,fdtd,0eb9cdb1
2026-03-21,fdtd,11f868f3
2026-03-21,fdtd,17bfa6c0
2026-03-21,fdtd,17e86dfc
2026-03-21,fdtd,1c36a3b1
2026-03-21,fdtd,2108c390
2026-03-21,fdtd,218ab2d2
2026-03-21,fdtd,220a2312
2026-03-21,fdtd,26c47cd1
2026-03-21,fdtd,287f8f6a
2026-03-21,fdtd,2a40fc70
2026-03-21,fdtd,2baef208
2026-03-21,fdtd,2c0c9547
2026-03-21,fdtd,2d0dd297
2026-03-21,fdtd,2d93af8e
2026-03-21,fdtd,2e7d656b
2026-03-21,fdtd,2ec5e509
2026-03-21,fdtd,2edd6ec4
2026-03-21,fdtd,3643ecf9
2026-03-21,fdtd,36b2401f
2026-03-21,fdtd,3813a568
2026-03-21,fdtd,3d4def8c
2026-03-21,fdtd,3e1e923b
2026-03-21,fdtd,3e6c0a3f
2026-03-21,fdtd,3ee60f0b
2026-03-21,fdtd,4246db6c
2026-03-21,fdtd,43aff499
2026-03-21,fdtd,46051a80
2026-03-21,fdtd,47eebf45
2026-03-21,fdtd,493cb165
2026-03-21,fdtd,4ba297c5
2026-03-21,fdtd,4c17fc8e
2026-03-21,fdtd,4e2bc375
2026-03-21,fdtd,500bd751
2026-03-21,fdtd,508c2420
2026-03-21,fdtd,51e01c8e
2026-03-21,fdtd,52ddab2b
2026-03-21,fdtd,53389e88
2026-03-21,fdtd,53fc4634
2026-03-21,fdtd,550d9d89
2026-03-21,fdtd,556978cc
2026-03-21,fdtd,56f12620
2026-03-21,fdtd,58ea86cb
2026-03-21,fdtd,5997dea5
2026-03-21,fdtd,5b70f30c
2026-03-21,fdtd,5b7ef2f2
2026-03-21,fdtd,5d679e6c
2026-03-21,fdtd,5eddca17
2026-03-21,fdtd,5f425f8f
2026-03-21,fdtd,6056af79
2026-03-21,fdtd,6222c8a8
2026-03-21,fdtd,62483aa5
2026-03-21,fdtd,628fd816
2026-03-21,fdtd,63cee99a
2026-03-21,fdtd,64de8c88
2026-03-21,fdtd,65f88a79
2026-03-21,fdtd,69defdb3
2026-03-21,fdtd,6ab2ab3c
2026-03-21,fdtd,6ccc28be
2026-03-21,fdtd,6d83ad26
2026-03-21,fdtd,6db356b0
2026-03-21,fdtd,7060ee70
2026-03-21,fdtd,706a03b0
2026-03-21,fdtd,71f430ba
2026-03-21,fdtd,72499e86
2026-03-21,fdtd,725e460c
2026-03-21,fdtd,75197dab
2026-03-21,fdtd,77518f99
2026-03-21,fdtd,7cdacb56
2026-03-21,fdtd,7df4faa5
2026-03-21,fdtd,7e5b3e67
2026-03-21,fdtd,7fb514b2
2026-03-21,fdtd,80c561d9
2026-03-21,fdtd,81086926
2026-03-21,fdtd,85301753
2026-03-21,fdtd,85be944f
2026-03-21,fdtd,875f434f
2026-03-21,fdtd,893d8d8c
2026-03-21,fdtd,8c21dc39
2026-03-21,fdtd,8d7fba75
2026-03-21,fdtd,901b2871
2026-03-21,fdtd,91610981
2026-03-21,fdtd,9276d18f
2026-03-21,fdtd,9324ef7e
2026-03-21,fdtd,9495adbc
2026-03-21,fdtd,95184ced
2026-03-21,fdtd,9556d6b1
2026-03-21,fdtd,9564bb1e
2026-03-21,fdtd,99846160
2026-03-21,fdtd,9b8b318e
2026-03-21,fdtd,9e57d1ad
2026-03-21,fdtd,9f65013d
2026-03-21,fdtd,a18ce314
2026-03-21,fdtd,a71fe37a
2026-03-21,fdtd,a7c2b4a7
2026-03-21,fdtd,ac5db3b4
2026-03-21,fdtd,ac95d989
2026-03-21,fdtd,ad5a4eab
2026-03-21,fdtd,afb2f223
2026-03-21,fdtd,b1f13ae9
2026-03-21,fdtd,b49d1a5b
2026-03-21,fdtd,b5a4b425
2026-03-21,fdtd,b60ed14a
2026-03-21,fdtd,b628db62
2026-03-21,fdtd,b74157e6
2026-03-21,fdtd,b7961a2a
2026-03-21,fdtd,b8024ea3
2026-03-21,fdtd,b9552987
2026-03-21,fdtd,b97657e8
2026-03-21,fdtd,ba28fcb8
2026-03-21,fdtd,bc48aa4a
2026-03-21,fdtd,bc81a1e0
2026-03-21,fdtd,bc82cb92
2026-03-21,fdtd,bd09ecc8
2026-03-21,fdtd,c1cc2879
2026-03-21,fdtd,c47046a0
2026-03-21,fdtd,c4957303
2026-03-21,fdtd,c579e23b
2026-03-21,fdtd,c794276f
2026-03-21,fdtd,c7a3a45e
2026-03-21,fdtd,c7aea367
2026-03-21,fdtd,c7b605e5
2026-03-21,fdtd,c84bad90
2026-03-21,fdtd,c90dd5cb
2026-03-21,fdtd,c9a0ddd4
2026-03-21,fdtd,ca96a623
2026-03-21,fdtd,cc1b534c
2026-03-21,fdtd,ce9091af
2026-03-21,fdtd,cee35805
2026-03-21,fdtd,cee40c85
2026-03-21,fdtd,dbe170be
2026-03-21,fdtd,dc2ae571
2026-03-21,fdtd,dd3ef8c0
2026-03-21,fdtd,dd764009
2026-03-21,fdtd,dda7a416
2026-03-21,fdtd,df7a2cdf
2026-03-21,fdtd,e0bb6cce
2026-03-21,fdtd,e14c76f2
2026-03-21,fdtd,e2a2e29f
2026-03-21,fdtd,e399ac5e
2026-03-21,fdtd,e73490e7
2026-03-21,fdtd,e8208845
2026-03-21,fdtd,e8836ce4
2026-03-21,fdtd,e9e8d599
2026-03-21,fdtd,ecd0ff60
2026-03-21,fdtd,ecf3f5d4
2026-03-21,fdtd,eeb568f3
2026-03-21,fdtd,f17bad9e
2026-03-21,fdtd,f1ab95f1
2026-03-21,fdtd,f2331449
2026-03-21,fdtd,f2afe749
2026-03-21,fdtd,f3450227
2026-03-21,fdtd,f4cff3cd
2026-03-21,fdtd,f5f20fd9
2026-03-21,fdtd,f8b922a7
2026-03-21,fdtd,f90d5af6
2026-03-21,fdtd,f97a9945
2026-03-21,fdtd,fc5d2f7d
2026-03-21,fdtd,fd7f44e1
2026-03-21,mode_solver,022da5b5
2026-03-21,mode_solver,05f7862e
2026-03-21,mode_solver,429d7513
2026-03-21,mode_solver,51e00f0f
2026-03-21,mode_solver,a129eec0
2026-03-21,mode_solver,c9fde113
2026-03-22,fdtd,0435e536
2026-03-22,fdtd,063154cf
2026-03-22,fdtd,16642da9
2026-03-22,fdtd,166846fe
2026-03-22,fdtd,17a72bf1
2026-03-22,fdtd,18518392
2026-03-22,fdtd,22eecb3c
2026-03-22,fdtd,2717f680
2026-03-22,fdtd,2f73fdb3
2026-03-22,fdtd,32f47485
2026-03-22,fdtd,349bfbc3
2026-03-22,fdtd,368310cc
2026-03-22,fdtd,40d0ee0f
2026-03-22,fdtd,476e4830
2026-03-22,fdtd,4eda592e
2026-03-22,fdtd,50247fdb
2026-03-22,fdtd,533a2042
2026-03-22,fdtd,599d8351
2026-03-22,fdtd,5a95e13b
2026-03-22,fdtd,5d10cb14
2026-03-22,fdtd,653a5021
2026-03-22,fdtd,65774828
2026-03-22,fdtd,78aa27c5
2026-03-22,fdtd,817866b7
2026-03-22,fdtd,8ddd0b96
2026-03-22,fdtd,8ee10407
2026-03-22,fdtd,94899498
2026-03-22,fdtd,a4bfc895
2026-03-22,fdtd,a7158330
2026-03-22,fdtd,ac6a6261
2026-03-22,fdtd,afb07772
2026-03-22,fdtd,b3921d65
2026-03-22,fdtd,b6c7e35e
2026-03-22,fdtd,bb65c010
2026-03-22,fdtd,c79c9090
2026-03-22,fdtd,c8b0f1aa
2026-03-22,fdtd,ca7b9bb5
2026-03-22,fdtd,d0dc38ac
2026-03-22,fdtd,dba5062a
2026-03-22,fdtd,de4e2594
2026-03-22,fdtd,dfc6991e
2026-03-22,fdtd,e1d44bb5
2026-03-22,fdtd,e73ebc29
2026-03-22,fdtd,e7bf6886
2026-03-22,fdtd,eda3533e
2026-03-22,fdtd,f3628572
2026-03-22,fdtd,f37e800a
2026-03-22,fdtd,f732518c
2026-03-23,fdtd,03702a98
2026-03-23,fdtd,03b8df85
2026-03-23,fdtd,07dfa2a1
2026-03-23,fdtd,08bf84ab
2026-03-23,fdtd,0997e4ed
2026-03-23,fdtd,129bca61
2026-03-23,fdtd,131bf6c4
2026-03-23,fdtd,15a4325f
2026-03-23,fdtd,1700012d
2026-03-23,fdtd,1764b194
2026-03-23,fdtd,196a6b0a
2026-03-23,fdtd,1f5e3db5
2026-03-23,fdtd,22d3c906
2026-03-23,fdtd,23c00254
2026-03-23,fdtd,25106d9d
2026-03-23,fdtd,25ee8712
2026-03-23,fdtd,2cb5a492
2026-03-23,fdtd,346a8e38
2026-03-23,fdtd,3e0670d3
2026-03-23,fdtd,3e11ce91
2026-03-23,fdtd,4004216b
2026-03-23,fdtd,4993037d
2026-03-23,fdtd,4ad19f16
2026-03-23,fdtd,4f7e39ea
2026-03-23,fdtd,552747d2
2026-03-23,fdtd,59eaf11f
2026-03-23,fdtd,5c633857
2026-03-23,fdtd,5e6ebb33
2026-03-23,fdtd,6d4e81ce
2026-03-23,fdtd,737d4bf6
2026-03-23,fdtd,746e141a
2026-03-23,fdtd,751fba44
2026-03-23,fdtd,7eae4a84
2026-03-23,fdtd,848f9ed1
2026-03-23,fdtd,86039344
2026-03-23,fdtd,8814e467
2026-03-23,fdtd,8ea4f861
2026-03-23,fdtd,91046527
2026-03-23,fdtd,9674c063
2026-03-23,fdtd,9a7a633a
2026-03-23,fdtd,9f1b7872
2026-03-23,fdtd,a1efbc00
2026-03-23,fdtd,a4ee4c1c
2026-03-23,fdtd,a5cb54c1
2026-03-23,fdtd,a76e9d80
2026-03-23,fdtd,a8730a9e
2026-03-23,fdtd,aff61a7a
2026-03-23,fdtd,b24f75d8
2026-03-23,fdtd,b5de4e05
2026-03-23,fdtd,b7287043
2026-03-23,fdtd,c651854c
2026-03-23,fdtd,c8c96ad7
2026-03-23,fdtd,ca2ee0ae
2026-03-23,fdtd,cb05a509
2026-03-23,fdtd,cbcc79ee
2026-03-23,fdtd,cd8c96d5
2026-03-23,fdtd,cf038cb3
2026-03-23,fdtd,d69a9ce8
2026-03-23,fdtd,daa35d63
2026-03-23,fdtd,db8cf135
2026-03-23,fdtd,e4106703
2026-03-23,fdtd,ebf8960b
2026-03-23,fdtd,f1093931
2026-03-23,fdtd,f5ddb7a1
2026-03-23,fdtd,f6a99d2c
2026-03-24,fdtd,0188abbe
2026-03-24,fdtd,025103c6
2026-03-24,fdtd,030a854b
2026-03-24,fdtd,030fde03
2026-03-24,fdtd,042c531b
2026-03-24,fdtd,05701916
2026-03-24,fdtd,057b999e
2026-03-24,fdtd,0988e36f
2026-03-24,fdtd,09ead159
2026-03-24,fdtd,0ab93d27
2026-03-24,fdtd,0cdc439e
2026-03-24,fdtd,0dece129
2026-03-24,fdtd,0e6f4e75
2026-03-24,fdtd,11cb7d80
2026-03-24,fdtd,12f39f7c
2026-03-24,fdtd,168b7862
2026-03-24,fdtd,16dbed18
2026-03-24,fdtd,1b803cb4
2026-03-24,fdtd,1c9eb2cd
2026-03-24,fdtd,1e459cb6
2026-03-24,fdtd,207ca592
2026-03-24,fdtd,21e7daa0
2026-03-24,fdtd,21f2fbbf
2026-03-24,fdtd,22375ece
2026-03-24,fdtd,2251d6e3
2026-03-24,fdtd,225a2dc6
2026-03-24,fdtd,2353af1a
2026-03-24,fdtd,2479d83e
2026-03-24,fdtd,252e0bf3
2026-03-24,fdtd,2991f681
2026-03-24,fdtd,2ceaf17d
2026-03-24,fdtd,2e3124b0
2026-03-24,fdtd,2fc64ef5
2026-03-24,fdtd,30769cb4
2026-03-24,fdtd,3116fa66
2026-03-24,fdtd,338610ba
2026-03-24,fdtd,363095cb
2026-03-24,fdtd,378eedf1
2026-03-24,fdtd,38da7167
2026-03-24,fdtd,395d7d79
2026-03-24,fdtd,3d557bfa
2026-03-24,fdtd,3eb3f6a4
2026-03-24,fdtd,418b1019
2026-03-24,fdtd,43be5ead
2026-03-24,fdtd,43bfa1ff
2026-03-24,fdtd,43e48002
2026-03-24,fdtd,4412439f
2026-03-24,fdtd,441539d7
2026-03-24,fdtd,458d199d
2026-03-24,fdtd,46ac5b74
2026-03-24,fdtd,4974d333
2026-03-24,fdtd,4aeacb3e
2026-03-24,fdtd,4c6a0653
2026-03-24,fdtd,4e4ab89e
2026-03-24,fdtd,4f67f78a
2026-03-24,fdtd,4f689093
2026-03-24,fdtd,50cf7188
2026-03-24,fdtd,5accade8
2026-03-24,fdtd,5d402ce3
2026-03-24,fdtd,5d5948b4
2026-03-24,fdtd,5e0a3562
2026-03-24,fdtd,5e9cdd80
2026-03-24,fdtd,5f33e9ab
2026-03-24,fdtd,635edf0c
2026-03-24,fdtd,63ffa086
2026-03-24,fdtd,667bba80
2026-03-24,fdtd,699b32df
2026-03-24,fdtd,6a3e1d8a
2026-03-24,fdtd,701cf533
2026-03-24,fdtd,715dbc70
2026-03-24,fdtd,72e57be7
2026-03-24,fdtd,73c62110
2026-03-24,fdtd,7454b336
2026-03-24,fdtd,75842745
2026-03-24,fdtd,75df93a2
2026-03-24,fdtd,7663d1f8
2026-03-24,fdtd,7744c269
2026-03-24,fdtd,7849c408
2026-03-24,fdtd,79a612e2
2026-03-24,fdtd,7a244d4a
2026-03-24,fdtd,7a991159
2026-03-24,fdtd,7ac724bc
2026-03-24,fdtd,7c96329b
2026-03-24,fdtd,7d2f96c2
2026-03-24,fdtd,7f5906d1
2026-03-24,fdtd,81a10889
2026-03-24,fdtd,822cc448
2026-03-24,fdtd,83773ef9
2026-03-24,fdtd,8386fd8c
2026-03-24,fdtd,861e4c49
2026-03-24,fdtd,86fe260f
2026-03-24,fdtd,88766573
2026-03-24,fdtd,88b3acd5
2026-03-24,fdtd,8b3e3618
2026-03-24,fdtd,8b703cb3
2026-03-24,fdtd,8c58f603
2026-03-24,fdtd,8db4ae78
2026-03-24,fdtd,8f47c381
2026-03-24,fdtd,8f9bad89
2026-03-24,fdtd,8ff64287
2026-03-24,fdtd,90d1f5cb
2026-03-24,fdtd,914615a8
2026-03-24,fdtd,93ff1dc4
2026-03-24,fdtd,9655abb4
2026-03-24,fdtd,98f21560
2026-03-24,fdtd,9a0c9027
2026-03-24,fdtd,9a4ca806
2026-03-24,fdtd,9afb6a3d
2026-03-24,fdtd,9cd92bca
2026-03-24,fdtd,9e34f7e9
2026-03-24,fdtd,a099f633
2026-03-24,fdtd,a48a34e3
2026-03-24,fdtd,a561b719
2026-03-24,fdtd,a6071117
2026-03-24,fdtd,aa9763a0
2026-03-24,fdtd,aaf182e4
2026-03-24,fdtd,aaf8507b
2026-03-24,fdtd,ac825033
2026-03-24,fdtd,aec8e325
2026-03-24,fdtd,b17bda43
2026-03-24,fdtd,b45dbdae
2026-03-24,fdtd,b566f459
2026-03-24,fdtd,b734d923
2026-03-24,fdtd,b780e8d9
2026-03-24,fdtd,b7b87725
2026-03-24,fdtd,bc0fdafb
2026-03-24,fdtd,bf08bb17
2026-03-24,fdtd,c151ff03
2026-03-24,fdtd,c17e4e93
2026-03-24,fdtd,c29d9de9
2026-03-24,fdtd,c9a6dc1c
2026-03-24,fdtd,c9c1224a
2026-03-24,fdtd,ca895fc9
2026-03-24,fdtd,cebed2fe
2026-03-24,fdtd,cedcf72b
2026-03-24,fdtd,cf08b385
2026-03-24,fdtd,cf86cd98
2026-03-24,fdtd,cfb6cce9
2026-03-24,fdtd,d331043b
2026-03-24,fdtd,d6f2321e
2026-03-24,fdtd,d79f6ed6
2026-03-24,fdtd,d918025a
2026-03-24,fdtd,d9dc299a
2026-03-24,fdtd,db07f284
2026-03-24,fdtd,db7dd5d3
2026-03-24,fdtd,dc0d07ff
2026-03-24,fdtd,deba10cd
2026-03-24,fdtd,e18b5220
2026-03-24,fdtd,e3f69f8d
2026-03-24,fdtd,e4f1b7d1
2026-03-24,fdtd,e5cc62e5
2026-03-24,fdtd,e5f20d55
2026-03-24,fdtd,e6eee037
2026-03-24,fdtd,e80dfddf
2026-03-24,fdtd,e882ed7f
2026-03-24,fdtd,eb34e599
2026-03-24,fdtd,ecf8fcf5
2026-03-24,fdtd,ee67cb11
2026-03-24,fdtd,eead60e0
2026-03-24,fdtd,eed248fd
2026-03-24,fdtd,eed9c99e
2026-03-24,fdtd,f15f49ec
2026-03-24,fdtd,f446c4bd
2026-03-24,fdtd,f9389ee4
2026-03-24,fdtd,fc0b02e9
2026-03-24,fdtd,fc56e819
2026-03-24,fdtd,fd60388d
2026-03-24,fdtd,fec2e5ed
2026-03-25,fdtd,09c43911
2026-03-25,fdtd,1e796dc9
2026-03-25,fdtd,43bcce3c
2026-03-25,fdtd,46770e8e
2026-03-25,fdtd,470363a6
2026-03-25,fdtd,5dd58fc7
2026-03-25,fdtd,6602e5f5
2026-03-25,fdtd,786524e4
2026-03-25,fdtd,7f79ce07
2026-03-25,fdtd,9217261d
2026-03-25,fdtd,a9c95998
2026-03-25,fdtd,b1ebb01d
2026-03-25,fdtd,b5abfc8f
2026-03-25,fdtd,c52e5132
2026-03-25,fdtd,d54d2eba
2026-03-25,fdtd,e2580df7
2026-03-25,fdtd,e501fbc7
2026-03-25,fdtd,f1d502ef
2026-03-26,fdtd,00db4875
2026-03-26,fdtd,014aa43a
2026-03-26,fdtd,034be695
2026-03-26,fdtd,06a55dfc
2026-03-26,fdtd,08ddaa4e
2026-03-26,fdtd,0945fbd9
2026-03-26,fdtd,0bdf987c
2026-03-26,fdtd,0d722522
2026-03-26,fdtd,0de156ea
2026-03-26,fdtd,0e420853
2026-03-26,fdtd,0fb155c6
2026-03-26,fdtd,111091b8
2026-03-26,fdtd,11b9ecc9
2026-03-26,fdtd,1290aaab
2026-03-26,fdtd,1534fe66
2026-03-26,fdtd,16c6f6c7
2026-03-26,fdtd,18bc5a74
2026-03-26,fdtd,19642f49
2026-03-26,fdtd,1a02f621
2026-03-26,fdtd,1b1ae1e5
2026-03-26,fdtd,1bccc31b
2026-03-26,fdtd,1c9885ec
2026-03-26,fdtd,1e65bfb7
2026-03-26,fdtd,20f851bb
2026-03-26,fdtd,21c0a859
2026-03-26,fdtd,21c76bd0
2026-03-26,fdtd,221c5fcb
2026-03-26,fdtd,22329baa
2026-03-26,fdtd,22f31fba
2026-03-26,fdtd,258e22b3
2026-03-26,fdtd,271121be
2026-03-26,fdtd,27d46ec7
2026-03-26,fdtd,287c9934
2026-03-26,fdtd,298e4116
2026-03-26,fdtd,2b68abc7
2026-03-26,fdtd,2ba39ec4
2026-03-26,fdtd,2c024ac8
2026-03-26,fdtd,2c3a3384
2026-03-26,fdtd,2c64b08c
2026-03-26,fdtd,2cdb3aac
2026-03-26,fdtd,2dd4d400
2026-03-26,fdtd,2e2ede9b
2026-03-26,fdtd,2f750589
2026-03-26,fdtd,30737fd7
2026-03-26,fdtd,307c415f
2026-03-26,fdtd,30e4bfe8
2026-03-26,fdtd,30e8e370
2026-03-26,fdtd,3218ad53
2026-03-26,fdtd,338aef43
2026-03-26,fdtd,34f70fe9
2026-03-26,fdtd,353bd32f
2026-03-26,fdtd,394f2ab5
2026-03-26,fdtd,39a4e12f
2026-03-26,fdtd,39d620f0
2026-03-26,fdtd,3b2e5747
2026-03-26,fdtd,3c9557b1
2026-03-26,fdtd,3d841e6a
2026-03-26,fdtd,3e51b206
2026-03-26,fdtd,3e588ecb
2026-03-26,fdtd,3e8de73a
2026-03-26,fdtd,3f8eaf29
2026-03-26,fdtd,40337d3e
2026-03-26,fdtd,40f64521
2026-03-26,fdtd,41af409f
2026-03-26,fdtd,41cbc192
2026-03-26,fdtd,434b08a4
2026-03-26,fdtd,43f6268a
2026-03-26,fdtd,47b846da
2026-03-26,fdtd,47c3848b
2026-03-26,fdtd,4849b986
2026-03-26,fdtd,487225fa
2026-03-26,fdtd,48cb37aa
2026-03-26,fdtd,4a48e1ca
2026-03-26,fdtd,4baf521d
2026-03-26,fdtd,4bc2457f
2026-03-26,fdtd,4cc7e3b7
2026-03-26,fdtd,4dea3b49
2026-03-26,fdtd,4eb8cdf9
2026-03-26,fdtd,4f2e8675
2026-03-26,fdtd,4f9bd737
2026-03-26,fdtd,50ac5b4f
2026-03-26,fdtd,515705df
2026-03-26,fdtd,51bb114f
2026-03-26,fdtd,52813b44
2026-03-26,fdtd,53237bc6
2026-03-26,fdtd,536cf925
2026-03-26,fdtd,548093e4
2026-03-26,fdtd,54f6575e
2026-03-26,fdtd,5613ad56
2026-03-26,fdtd,56ea2371
2026-03-26,fdtd,58ac18bf
2026-03-26,fdtd,5911c914
2026-03-26,fdtd,5a148bc7
2026-03-26,fdtd,5a2f2fa3
2026-03-26,fdtd,5a470f6d
2026-03-26,fdtd,5d643cdf
2026-03-26,fdtd,5e28671f
2026-03-26,fdtd,6040d553
2026-03-26,fdtd,6088cda2
2026-03-26,fdtd,609dd483
2026-03-26,fdtd,636b03b2
2026-03-26,fdtd,644c1fab
2026-03-26,fdtd,64567f95
2026-03-26,fdtd,65304c98
2026-03-26,fdtd,654f5e4f
2026-03-26,fdtd,656d9363
2026-03-26,fdtd,66015ee5
2026-03-26,fdtd,67bbc433
2026-03-26,fdtd,6805a4f3
2026-03-26,fdtd,6c033088
2026-03-26,fdtd,6db85809
2026-03-26,fdtd,6e0b373f
2026-03-26,fdtd,6e926c00
2026-03-26,fdtd,71565e6c
2026-03-26,fdtd,732f3921
2026-03-26,fdtd,7335661f
2026-03-26,fdtd,751e4b08
2026-03-26,fdtd,76985df2
2026-03-26,fdtd,773ba4b2
2026-03-26,fdtd,7811e16a
2026-03-26,fdtd,7c479fa2
2026-03-26,fdtd,7c6f643e
2026-03-26,fdtd,7c74938e
2026-03-26,fdtd,7f46fd50
2026-03-26,fdtd,7f7285e2
2026-03-26,fdtd,80085479
2026-03-26,fdtd,80ab34f1
2026-03-26,fdtd,81511341
2026-03-26,fdtd,828501cd
2026-03-26,fdtd,834b5fd0
2026-03-26,fdtd,837ad326
2026-03-26,fdtd,8485694c
2026-03-26,fdtd,856802a8
2026-03-26,fdtd,8606c35b
2026-03-26,fdtd,870f5327
2026-03-26,fdtd,871a6810
2026-03-26,fdtd,871ee3a6
2026-03-26,fdtd,87317fdc
2026-03-26,fdtd,8b8f6977
2026-03-26,fdtd,8cfb935c
2026-03-26,fdtd,8d45401f
2026-03-26,fdtd,8f83b12c
2026-03-26,fdtd,9035be5c
2026-03-26,fdtd,92aae388
2026-03-26,fdtd,93200dd3
2026-03-26,fdtd,94786c91
2026-03-26,fdtd,94929165
2026-03-26,fdtd,949aac73
2026-03-26,fdtd,9779b60e
2026-03-26,fdtd,987f74c3
2026-03-26,fdtd,993db7cf
2026-03-26,fdtd,9b52d187
2026-03-26,fdtd,9b8c513c
2026-03-26,fdtd,9cb06ac7
2026-03-26,fdtd,9ce33a93
2026-03-26,fdtd,9d5ff93b
2026-03-26,fdtd,9dcfd078
2026-03-26,fdtd,9eb71067
2026-03-26,fdtd,9ec65480
2026-03-26,fdtd,a16dad88
2026-03-26,fdtd,a17acb35
2026-03-26,fdtd,a30d75a1
2026-03-26,fdtd,a31bf4cf
2026-03-26,fdtd,a3749572
2026-03-26,fdtd,a6259fc5
2026-03-26,fdtd,a6a34c0b
2026-03-26,fdtd,a8ff6eb0
2026-03-26,fdtd,a95cf0fb
2026-03-26,fdtd,aad60812
2026-03-26,fdtd,aaf0492b
2026-03-26,fdtd,ade382d3
2026-03-26,fdtd,aea79d13
2026-03-26,fdtd,aee9a07d
2026-03-26,fdtd,aeff972e
2026-03-26,fdtd,b01eb74e
2026-03-26,fdtd,b041e447
2026-03-26,fdtd,b06ba913
2026-03-26,fdtd,b07d3f82
2026-03-26,fdtd,b1f2d0e2
2026-03-26,fdtd,b2a804db
2026-03-26,fdtd,b2aa20c5
2026-03-26,fdtd,b2d5311f
2026-03-26,fdtd,b2eccab2
2026-03-26,fdtd,b35238c2
2026-03-26,fdtd,b42b9cac
2026-03-26,fdtd,b49e1755
2026-03-26,fdtd,b52b3e1c
2026-03-26,fdtd,b567d818
2026-03-26,fdtd,b569c8a8
2026-03-26,fdtd,b58ef08b
2026-03-26,fdtd,b612ad51
2026-03-26,fdtd,b69404d0
2026-03-26,fdtd,b959752c
2026-03-26,fdtd,b9a6b4ec
2026-03-26,fdtd,bba0a009
2026-03-26,fdtd,bcdb3b25
2026-03-26,fdtd,bd786b3a
2026-03-26,fdtd,bd80ed76
2026-03-26,fdtd,bda43a0b
2026-03-26,fdtd,bdc899d5
2026-03-26,fdtd,be9ed7f3
2026-03-26,fdtd,beab5179
2026-03-26,fdtd,c0258e81
2026-03-26,fdtd,c2362c91
2026-03-26,fdtd,c287551b
2026-03-26,fdtd,c29f388c
2026-03-26,fdtd,c4fe0645
2026-03-26,fdtd,c5202ce8
2026-03-26,fdtd,c6aba404
2026-03-26,fdtd,ca05a696
2026-03-26,fdtd,cb8aa30e
2026-03-26,fdtd,cc66781b
2026-03-26,fdtd,cd4a8ca5
2026-03-26,fdtd,cd558805
2026-03-26,fdtd,cdb3846d
2026-03-26,fdtd,ceb6b933
2026-03-26,fdtd,d0740b7a
2026-03-26,fdtd,d1788123
2026-03-26,fdtd,d1a1480f
2026-03-26,fdtd,d2a42c72
2026-03-26,fdtd,d6aea679
2026-03-26,fdtd,d6b6951f
2026-03-26,fdtd,d74d0212
2026-03-26,fdtd,d8309e04
2026-03-26,fdtd,d99991cc
2026-03-26,fdtd,dab5e7a1
2026-03-26,fdtd,dbc467f3
2026-03-26,fdtd,dc892d03
2026-03-26,fdtd,dc910371
2026-03-26,fdtd,dc97c3f6
2026-03-26,fdtd,dd010c49
2026-03-26,fdtd,de7fcf55
2026-03-26,fdtd,decff5e9
2026-03-26,fdtd,def54510
2026-03-26,fdtd,df34bad9
2026-03-26,fdtd,e1ee2fc5
2026-03-26,fdtd,e2c449ca
2026-03-26,fdtd,e4d469b4
2026-03-26,fdtd,e59b3faa
2026-03-26,fdtd,e5cb06f1
2026-03-26,fdtd,e63c075d
2026-03-26,fdtd,e89793f5
2026-03-26,fdtd,e90e4d56
2026-03-26,fdtd,ea2ecaad
2026-03-26,fdtd,ea4f0060
2026-03-26,fdtd,eba78b52
2026-03-26,fdtd,ebbae7b2
2026-03-26,fdtd,eccd2552
2026-03-26,fdtd,ed76c820
2026-03-26,fdtd,ef094133
2026-03-26,fdtd,f1f55260
2026-03-26,fdtd,f36505be
2026-03-26,fdtd,f375310c
2026-03-26,fdtd,f4070590
2026-03-26,fdtd,f4297a97
2026-03-26,fdtd,f608cfc6
2026-03-26,fdtd,f63dad4a
2026-03-26,fdtd,f6980554
2026-03-26,fdtd,f79af590
2026-03-26,fdtd,f90a65bb
2026-03-26,fdtd,f97e44b4
2026-03-26,fdtd,fa707da9
2026-03-26,fdtd,fa8a87a8
2026-03-26,fdtd,fafbbd06
2026-03-26,fdtd,fb11d401
2026-03-26,fdtd,fba3aa0d
2026-03-26,fdtd,ff829d26
2026-03-27,fdtd,02d2841c
2026-03-27,fdtd,042bf8de
2026-03-27,fdtd,0552545c
2026-03-27,fdtd,076cfdc3
2026-03-27,fdtd,0deaa304
2026-03-27,fdtd,0eb098f4
2026-03-27,fdtd,0f26b005
2026-03-27,fdtd,0fbf583a
2026-03-27,fdtd,1196f67f
2026-03-27,fdtd,1490589f
2026-03-27,fdtd,15ba6630
2026-03-27,fdtd,1c40d1eb
2026-03-27,fdtd,1cd84d1b
2026-03-27,fdtd,1fcdca0d
2026-03-27,fdtd,22a31434
2026-03-27,fdtd,268a5654
2026-03-27,fdtd,2f429a6e
2026-03-27,fdtd,2f89bd1f
2026-03-27,fdtd,305587e0
2026-03-27,fdtd,3179105e
2026-03-27,fdtd,36f946ac
2026-03-27,fdtd,3737495f
2026-03-27,fdtd,38ce5aa2
2026-03-27,fdtd,39edfa39
2026-03-27,fdtd,3b53db49
2026-03-27,fdtd,3e0d1ea6
2026-03-27,fdtd,3f95e0ca
2026-03-27,fdtd,41c5c266
2026-03-27,fdtd,4322dc71
2026-03-27,fdtd,439018cb
2026-03-27,fdtd,43f7d0f6
2026-03-27,fdtd,44f91f8b
2026-03-27,fdtd,45018bb9
2026-03-27,fdtd,46c7c5e7
2026-03-27,fdtd,486bb9c6
2026-03-27,fdtd,4ad5cf4f
2026-03-27,fdtd,4c05c7cc
2026-03-27,fdtd,4fb65cb6
2026-03-27,fdtd,51ecd9c5
2026-03-27,fdtd,57cae466
2026-03-27,fdtd,58d1778e
2026-03-27,fdtd,58fc99f0
2026-03-27,fdtd,5a1b6238
2026-03-27,fdtd,616c5100
2026-03-27,fdtd,64b51c8e
2026-03-27,fdtd,66d4272e
2026-03-27,fdtd,671edec3
2026-03-27,fdtd,689516a0
2026-03-27,fdtd,6b6a34a2
2026-03-27,fdtd,6ceffbdd
2026-03-27,fdtd,70e56835
2026-03-27,fdtd,72fc071c
2026-03-27,fdtd,78366de1
2026-03-27,fdtd,7b58ab0b
2026-03-27,fdtd,7e112403
2026-03-27,fdtd,7edcbfce
2026-03-27,fdtd,81468b22
2026-03-27,fdtd,81a3bb2e
2026-03-27,fdtd,83b899cc
2026-03-27,fdtd,85ef1389
2026-03-27,fdtd,86db937d
2026-03-27,fdtd,878684d4
2026-03-27,fdtd,89198503
2026-03-27,fdtd,8b63aada
2026-03-27,fdtd,8d762fd4
2026-03-27,fdtd,8d9b2405
2026-03-27,fdtd,8e1efa6d
2026-03-27,fdtd,90f9c451
2026-03-27,fdtd,91ce39aa
2026-03-27,fdtd,9228068d
2026-03-27,fdtd,971e90f6
2026-03-27,fdtd,98097440
2026-03-27,fdtd,98ed4d04
2026-03-27,fdtd,9b559ab6
2026-03-27,fdtd,9bbbcfe3
2026-03-27,fdtd,9c73dbeb
2026-03-27,fdtd,a0a7936a
2026-03-27,fdtd,a16e6233
2026-03-27,fdtd,a4fca94b
2026-03-27,fdtd,a680ca0b
2026-03-27,fdtd,a71c8029
2026-03-27,fdtd,a800578b
2026-03-27,fdtd,a834757e
2026-03-27,fdtd,b1e5563a
2026-03-27,fdtd,b3a2a7ca
2026-03-27,fdtd,b5b9121b
2026-03-27,fdtd,b7aabe37
2026-03-27,fdtd,b9fec0f1
2026-03-27,fdtd,ba588282
2026-03-27,fdtd,bac50932
2026-03-27,fdtd,bb56c907
2026-03-27,fdtd,bc5e7b06
2026-03-27,fdtd,bd350df6
2026-03-27,fdtd,c14d077c
2026-03-27,fdtd,c1ddab75
2026-03-27,fdtd,c23c4d9c
2026-03-27,fdtd,c26698d0
2026-03-27,fdtd,c755a5f3
2026-03-27,fdtd,c79f5305
2026-03-27,fdtd,ca4c504b
2026-03-27,fdtd,d1f76773
2026-03-27,fdtd,d20b045f
2026-03-27,fdtd,d27bf113
2026-03-27,fdtd,d32376c0
2026-03-27,fdtd,d4492b7e
2026-03-27,fdtd,d4559475
2026-03-27,fdtd,d7e0ff7b
2026-03-27,fdtd,d8dd43ac
2026-03-27,fdtd,d90d0eec
2026-03-27,fdtd,db78ecb0
2026-03-27,fdtd,e0fe0434
2026-03-27,fdtd,e36c40a8
2026-03-27,fdtd,e6cdd4e9
2026-03-27,fdtd,e806901a
2026-03-27,fdtd,e849e431
2026-03-27,fdtd,eac59d33
2026-03-27,fdtd,ec695bf1
2026-03-27,fdtd,ed50488a
2026-03-27,fdtd,f6a5f7ae
2026-03-27,fdtd,f7ca6693
2026-03-27,fdtd,f7fde693
2026-03-27,fdtd,fc6abc5b
2026-03-30,fdtd,847181c5
2026-03-30,fdtd,a863c8c8
2026-03-30,fdtd,c63c1fb7
2026-03-30,fdtd,dea55bb3
2026-03-31,fdtd,00468b70
2026-03-31,fdtd,062a7aa8
2026-03-31,fdtd,0945a43e
2026-03-31,fdtd,0a9f078f
2026-03-31,fdtd,0d3dc3be
2026-03-31,fdtd,0e49dbd9
2026-03-31,fdtd,1643592c
2026-03-31,fdtd,1b7ccef8
2026-03-31,fdtd,1cce6889
2026-03-31,fdtd,1d094cce
2026-03-31,fdtd,1ef15938
2026-03-31,fdtd,20dc41a2
2026-03-31,fdtd,21443325
2026-03-31,fdtd,22ef4c08
2026-03-31,fdtd,25ac7239
2026-03-31,fdtd,263ad68b
2026-03-31,fdtd,2cc6358e
2026-03-31,fdtd,2dd2c988
2026-03-31,fdtd,313af392
2026-03-31,fdtd,34378681
2026-03-31,fdtd,391c76f6
2026-03-31,fdtd,3b0608dc
2026-03-31,fdtd,3e2a63b9
2026-03-31,fdtd,41984298
2026-03-31,fdtd,460d1f26
2026-03-31,fdtd,4fe718d7
2026-03-31,fdtd,509eb6ee
2026-03-31,fdtd,51f9b116
2026-03-31,fdtd,5383c0a7
2026-03-31,fdtd,5408ea73
2026-03-31,fdtd,553d42e7
2026-03-31,fdtd,5a38f772
2026-03-31,fdtd,5b410b2b
2026-03-31,fdtd,5b7f2e99
2026-03-31,fdtd,5c4b0190
2026-03-31,fdtd,5d4505b6
2026-03-31,fdtd,5df2ac52
2026-03-31,fdtd,5ea83803
2026-03-31,fdtd,64526ca5
2026-03-31,fdtd,65876407
2026-03-31,fdtd,67aaed69
2026-03-31,fdtd,682f33f9
2026-03-31,fdtd,6a62a7f8
2026-03-31,fdtd,712d345e
2026-03-31,fdtd,7a16e8ed
2026-03-31,fdtd,800d75b2
2026-03-31,fdtd,808d02aa
2026-03-31,fdtd,80d50f34
2026-03-31,fdtd,81da5b86
2026-03-31,fdtd,863d1525
2026-03-31,fdtd,8bb13393
2026-03-31,fdtd,93801a08
2026-03-31,fdtd,95c90a8f
2026-03-31,fdtd,9aa1eb52
2026-03-31,fdtd,a001fc59
2026-03-31,fdtd,a16b95f5
2026-03-31,fdtd,a16e79ef
2026-03-31,fdtd,a78e0e49
2026-03-31,fdtd,a8efe974
2026-03-31,fdtd,ace5aae0
2026-03-31,fdtd,adf2e169
2026-03-31,fdtd,b07a2d4d
2026-03-31,fdtd,b09fb3de
2026-03-31,fdtd,b19dde62
2026-03-31,fdtd,b4c47572
2026-03-31,fdtd,b6f7f611
2026-03-31,fdtd,b81e0be8
2026-03-31,fdtd,bfa6d221
2026-03-31,fdtd,bfb72439
2026-03-31,fdtd,bfde394b
2026-03-31,fdtd,c3c51990
2026-03-31,fdtd,c47654aa
2026-03-31,fdtd,c49307f2
2026-03-31,fdtd,c8ac1df7
2026-03-31,fdtd,cd356467
2026-03-31,fdtd,d916bab4
2026-03-31,fdtd,de2e4e0e
2026-03-31,fdtd,deb277c5
2026-03-31,fdtd,df7f5de7
2026-03-31,fdtd,e07e5aa9
2026-03-31,fdtd,e3ebf56e
2026-03-31,fdtd,e6c5bd33
2026-03-31,fdtd,e90a6037
2026-03-31,fdtd,ea924898
2026-03-31,fdtd,f0d3fb2f
2026-03-31,fdtd,f2801311
2026-03-31,fdtd,f399b03c
2026-03-31,fdtd,f5866e31
2026-03-31,fdtd,f92a93c8
2026-03-31,fdtd,fc2bd1d8
2026-03-31,fdtd,fe628017
2026-03-31,fdtd,fff31d69
2026-04-01,fdtd,024a18d6
2026-04-01,fdtd,04597480
2026-04-01,fdtd,04c52e00
2026-04-01,fdtd,06fd00e7
2026-04-01,fdtd,0cf6a525
2026-04-01,fdtd,11f7d722
2026-04-01,fdtd,145bc888
2026-04-01,fdtd,1a7a3215
2026-04-01,fdtd,1ac9939e
2026-04-01,fdtd,1c356a83
2026-04-01,fdtd,22029e7c
2026-04-01,fdtd,2353aa35
2026-04-01,fdtd,23d0c441
2026-04-01,fdtd,244ba875
2026-04-01,fdtd,302798b6
2026-04-01,fdtd,352880f3
2026-04-01,fdtd,39873edc
2026-04-01,fdtd,3bd7038b
2026-04-01,fdtd,3dc563a6
2026-04-01,fdtd,3fa3bc09
2026-04-01,fdtd,48386f07
2026-04-01,fdtd,4d342361
2026-04-01,fdtd,4e2b3f9d
2026-04-01,fdtd,4e8d24b6
2026-04-01,fdtd,4ff114de
2026-04-01,fdtd,510418e7
2026-04-01,fdtd,51e87a8e
2026-04-01,fdtd,52812121
2026-04-01,fdtd,5321f6bd
2026-04-01,fdtd,57067ff5
2026-04-01,fdtd,5fd06144
2026-04-01,fdtd,67e84ab6
2026-04-01,fdtd,6d152cfb
2026-04-01,fdtd,6d1546d5
2026-04-01,fdtd,6d89fafc
2026-04-01,fdtd,7096a231
2026-04-01,fdtd,718bec1f
2026-04-01,fdtd,72ff433a
2026-04-01,fdtd,7305f5c9
2026-04-01,fdtd,75ba48ea
2026-04-01,fdtd,76fd9a09
2026-04-01,fdtd,7b11db3b
2026-04-01,fdtd,83ae3486
2026-04-01,fdtd,89330ca8
2026-04-01,fdtd,8af532ad
2026-04-01,fdtd,8ccb6598
2026-04-01,fdtd,8f5e039a
2026-04-01,fdtd,9151dbad
2026-04-01,fdtd,a19a5e32
2026-04-01,fdtd,a2a3ebd2
2026-04-01,fdtd,a5bf1522
2026-04-01,fdtd,a91abff3
2026-04-01,fdtd,aa2cd2fb
2026-04-01,fdtd,ae20965c
2026-04-01,fdtd,af127763
2026-04-01,fdtd,b20395f2
2026-04-01,fdtd,b6246221
2026-04-01,fdtd,be045e7e
2026-04-01,fdtd,c1a3c9b1
2026-04-01,fdtd,c8ade631
2026-04-01,fdtd,c97b1a02
2026-04-01,fdtd,d299eece
2026-04-01,fdtd,d524dc5e
2026-04-01,fdtd,e3ce4d8e
2026-04-01,fdtd,e4412a9f
2026-04-01,fdtd,e5340918
2026-04-01,fdtd,f04a1127
2026-04-01,fdtd,f0ca25d7
2026-04-01,fdtd,f79220f2
2026-04-01,fdtd,f832aeeb
2026-04-03,fdtd,00a38ea2
2026-04-03,fdtd,00ea3d71
2026-04-03,fdtd,01a8a449
2026-04-03,fdtd,043130b6
2026-04-03,fdtd,0d2739a2
2026-04-03,fdtd,12b4b05a
2026-04-03,fdtd,1518a91b
2026-04-03,fdtd,16c4ae61
2026-04-03,fdtd,189dae91
2026-04-03,fdtd,1a132bb4
2026-04-03,fdtd,1d03a47f
2026-04-03,fdtd,1fc7591f
2026-04-03,fdtd,1fd36e90
2026-04-03,fdtd,1ffe6d5d
2026-04-03,fdtd,20e34e94
2026-04-03,fdtd,23f86118
2026-04-03,fdtd,287a8110
2026-04-03,fdtd,2907d07c
2026-04-03,fdtd,2e2dc081
2026-04-03,fdtd,2e830e76
2026-04-03,fdtd,30a41274
2026-04-03,fdtd,3124e25e
2026-04-03,fdtd,38950a29
2026-04-03,fdtd,4049ce83
2026-04-03,fdtd,42b055ef
2026-04-03,fdtd,45111e4b
2026-04-03,fdtd,491fb9dc
2026-04-03,fdtd,4a5a0c65
2026-04-03,fdtd,4bd3bb46
2026-04-03,fdtd,4c0a0e1d
2026-04-03,fdtd,4e457ecb
2026-04-03,fdtd,52c7024f
2026-04-03,fdtd,55f7548d
2026-04-03,fdtd,566d8b0f
2026-04-03,fdtd,59136372
2026-04-03,fdtd,5dcd3cb4
2026-04-03,fdtd,5fcd620c
2026-04-03,fdtd,6050c8cc
2026-04-03,fdtd,619ae924
2026-04-03,fdtd,62e80bd6
2026-04-03,fdtd,6391cc1c
2026-04-03,fdtd,6655aa6a
2026-04-03,fdtd,6ac9bd09
2026-04-03,fdtd,6b05df07
2026-04-03,fdtd,6dc701c4
2026-04-03,fdtd,71d6cf14
2026-04-03,fdtd,72250169
2026-04-03,fdtd,755ba964
2026-04-03,fdtd,77265670
2026-04-03,fdtd,7b5c273c
2026-04-03,fdtd,87378cac
2026-04-03,fdtd,87a938dd
2026-04-03,fdtd,87a95b3b
2026-04-03,fdtd,8cc63ea6
2026-04-03,fdtd,8d74ce7b
2026-04-03,fdtd,9047a77e
2026-04-03,fdtd,91efbc89
2026-04-03,fdtd,95639afd
2026-04-03,fdtd,9a2e99fd
2026-04-03,fdtd,9b245d71
2026-04-03,fdtd,9e6fd9c9
2026-04-03,fdtd,9f989342
2026-04-03,fdtd,a201ecb8
2026-04-03,fdtd,a20bdbed
2026-04-03,fdtd,a73d0b34
2026-04-03,fdtd,aa018d45
2026-04-03,fdtd,ae3a5089
2026-04-03,fdtd,ae90cf8c
2026-04-03,fdtd,c29686c9
2026-04-03,fdtd,c2a28abd
2026-04-03,fdtd,c33f73ad
2026-04-03,fdtd,c442a443
2026-04-03,fdtd,ca9bf33f
2026-04-03,fdtd,cb13115b
2026-04-03,fdtd,cd3d74bc
2026-04-03,fdtd,d3016248
2026-04-03,fdtd,d3a75cec
2026-04-03,fdtd,d5b4f3a4
2026-04-03,fdtd,d76d7f76
2026-04-03,fdtd,dbf97d39
2026-04-03,fdtd,dd3616c1
2026-04-03,fdtd,dd7c1e2c
2026-04-03,fdtd,dfadc6c5
2026-04-03,fdtd,e1c02015
2026-04-03,fdtd,e4783672
2026-04-03,fdtd,e4934460
2026-04-03,fdtd,e729b9fc
2026-04-03,fdtd,e7bd8531
2026-04-03,fdtd,e8c2e411
2026-04-03,fdtd,edeb75a4
2026-04-03,fdtd,efcd76fc
2026-04-03,fdtd,f0644022
2026-04-03,fdtd,f3886ba4
2026-04-03,fdtd,f4b6cdda
2026-04-03,fdtd,f74663ad
2026-04-03,fdtd,fc40c83a
2026-04-04,fdtd,000298ff
2026-04-04,fdtd,00258b3b
2026-04-04,fdtd,00957b8d
2026-04-04,fdtd,009615ab
2026-04-04,fdtd,00d811ce
2026-04-04,fdtd,010ff6b4
2026-04-04,fdtd,01117474
2026-04-04,fdtd,0165a3de
2026-04-04,fdtd,019633a7
2026-04-04,fdtd,01c5d9ee
2026-04-04,fdtd,01c6150f
2026-04-04,fdtd,0209acb3
2026-04-04,fdtd,0287036c
2026-04-04,fdtd,02ca1715
2026-04-04,fdtd,02e9d89e
2026-04-04,fdtd,02f34d88
2026-04-04,fdtd,03252efa
2026-04-04,fdtd,0330dee4
2026-04-04,fdtd,0337eaeb
2026-04-04,fdtd,033ec5a9
2026-04-04,fdtd,03612db4
2026-04-04,fdtd,0372c686
2026-04-04,fdtd,03afaa23
2026-04-04,fdtd,03c08eed
2026-04-04,fdtd,03db71c2
2026-04-04,fdtd,043ba5f4
2026-04-04,fdtd,04702973
2026-04-04,fdtd,04860729
2026-04-04,fdtd,049163a3
2026-04-04,fdtd,049a8a09
2026-04-04,fdtd,04c771ef
2026-04-04,fdtd,04f91fbc
2026-04-04,fdtd,054bec66
2026-04-04,fdtd,05ae2af8
2026-04-04,fdtd,0614012d
2026-04-04,fdtd,06170cbc
2026-04-04,fdtd,06ac078f
2026-04-04,fdtd,07022012
2026-04-04,fdtd,0767d728
2026-04-04,fdtd,076be245
2026-04-04,fdtd,078b762c
2026-04-04,fdtd,07992ab5
2026-04-04,fdtd,0863f29c
2026-04-04,fdtd,08657d44
2026-04-04,fdtd,08993790
2026-04-04,fdtd,08ad0eff
2026-04-04,fdtd,08bc5f0e
2026-04-04,fdtd,08ddc07e
2026-04-04,fdtd,094aa062
2026-04-04,fdtd,0965a632
2026-04-04,fdtd,099e2f35
2026-04-04,fdtd,09d25959
2026-04-04,fdtd,09fc61e0
2026-04-04,fdtd,0a10db3e
2026-04-04,fdtd,0a32b5ae
2026-04-04,fdtd,0a4eaee5
2026-04-04,fdtd,0a63893e
2026-04-04,fdtd,0a6b4e3e
2026-04-04,fdtd,0a78a541
2026-04-04,fdtd,0a997380
2026-04-04,fdtd,0a9e3430
2026-04-04,fdtd,0ac981c9
2026-04-04,fdtd,0b2d6c31
2026-04-04,fdtd,0b314615
2026-04-04,fdtd,0b854ffe
2026-04-04,fdtd,0b9f520c
2026-04-04,fdtd,0bea0fcb
2026-04-04,fdtd,0c1476f2
2026-04-04,fdtd,0c27bd45
2026-04-04,fdtd,0c45a4fa
2026-04-04,fdtd,0c479052
2026-04-04,fdtd,0c7bae72
2026-04-04,fdtd,0cc1eb9b
2026-04-04,fdtd,0d138b29
2026-04-04,fdtd,0d385571
2026-04-04,fdtd,0d3d863a
2026-04-04,fdtd,0d513235
2026-04-04,fdtd,0dd89f65
2026-04-04,fdtd,0de65245
2026-04-04,fdtd,0df309fd
2026-04-04,fdtd,0dfabb87
2026-04-04,fdtd,0e060872
2026-04-04,fdtd,0eaa13d5
2026-04-04,fdtd,0ee60122
2026-04-04,fdtd,0f45e95d
2026-04-04,fdtd,0f91fdee
2026-04-04,fdtd,0f93c2ab
2026-04-04,fdtd,0f9f2374
2026-04-04,fdtd,0fa75731
2026-04-04,fdtd,0fade78b
2026-04-04,fdtd,10075cf8
2026-04-04,fdtd,106ff111
2026-04-04,fdtd,10e552f7
2026-04-04,fdtd,10ff7292
2026-04-04,fdtd,1164ce1f
2026-04-04,fdtd,11d86c96
2026-04-04,fdtd,1219b4b6
2026-04-04,fdtd,124ae8b0
2026-04-04,fdtd,12b30cb5
2026-04-04,fdtd,12cd23e7
2026-04-04,fdtd,12ea079f
2026-04-04,fdtd,137aa34a
2026-04-04,fdtd,137f7a5c
2026-04-04,fdtd,138ade6c
2026-04-04,fdtd,13a56bb2
2026-04-04,fdtd,13d9d68c
2026-04-04,fdtd,13e6c080
2026-04-04,fdtd,140f5dbf
2026-04-04,fdtd,150aa515
2026-04-04,fdtd,1514753d
2026-04-04,fdtd,15400e03
2026-04-04,fdtd,158f31fe
2026-04-04,fdtd,15a473f3
2026-04-04,fdtd,15abcb00
2026-04-04,fdtd,15edfafd
2026-04-04,fdtd,16143305
2026-04-04,fdtd,163a4186
2026-04-04,fdtd,1647082d
2026-04-04,fdtd,16602bb1
2026-04-04,fdtd,1689677a
2026-04-04,fdtd,16bd650f
2026-04-04,fdtd,171bfc56
2026-04-04,fdtd,171d50e4
2026-04-04,fdtd,1739c3b0
2026-04-04,fdtd,173ee85a
2026-04-04,fdtd,174f2dab
2026-04-04,fdtd,1750aaa4
2026-04-04,fdtd,176b8471
2026-04-04,fdtd,17849020
2026-04-04,fdtd,17dc6fb9
2026-04-04,fdtd,17dd0c8f
2026-04-04,fdtd,17e6cd68
2026-04-04,fdtd,17ebd5c4
2026-04-04,fdtd,18282580
2026-04-04,fdtd,18cb02b5
2026-04-04,fdtd,18e55803
2026-04-04,fdtd,191059b6
2026-04-04,fdtd,1916fe4e
2026-04-04,fdtd,1930a209
2026-04-04,fdtd,194d93c7
2026-04-04,fdtd,1952977b
2026-04-04,fdtd,19609fa7
2026-04-04,fdtd,1966f328
2026-04-04,fdtd,199b731f
2026-04-04,fdtd,19b72e66
2026-04-04,fdtd,19beb5f3
2026-04-04,fdtd,19fb4e96
2026-04-04,fdtd,19fbf8da
2026-04-04,fdtd,1a4a37dc
2026-04-04,fdtd,1ac0fe7b
2026-04-04,fdtd,1ae9b3f9
2026-04-04,fdtd,1b1e017e
2026-04-04,fdtd,1b25a8db
2026-04-04,fdtd,1ba16da8
2026-04-04,fdtd,1bb842d0
2026-04-04,fdtd,1bc500d1
2026-04-04,fdtd,1bc67f91
2026-04-04,fdtd,1c34e9bb
2026-04-04,fdtd,1c487c0c
2026-04-04,fdtd,1ca987bf
2026-04-04,fdtd,1cb3bc2d
2026-04-04,fdtd,1cb9888f
2026-04-04,fdtd,1cc6e381
2026-04-04,fdtd,1d07b67b
2026-04-04,fdtd,1d0e1bd6
2026-04-04,fdtd,1d17c087
2026-04-04,fdtd,1d23949b
2026-04-04,fdtd,1d399bce
2026-04-04,fdtd,1d474d64
2026-04-04,fdtd,1db345fd
2026-04-04,fdtd,1dcc3dca
2026-04-04,fdtd,1df7ae59
2026-04-04,fdtd,1e0f69c5
2026-04-04,fdtd,1e34f463
2026-04-04,fdtd,1e36a58f
2026-04-04,fdtd,1e48e308
2026-04-04,fdtd,1e70f5f1
2026-04-04,fdtd,1e74b2cf
2026-04-04,fdtd,1f27163b
2026-04-04,fdtd,1f4444a7
2026-04-04,fdtd,1f8720ba
2026-04-04,fdtd,1f9272ce
2026-04-04,fdtd,1fbfbd87
2026-04-04,fdtd,2082d704
2026-04-04,fdtd,20f70cc1
2026-04-04,fdtd,211be935
2026-04-04,fdtd,21294536
2026-04-04,fdtd,2147ef79
2026-04-04,fdtd,21d32fe3
2026-04-04,fdtd,2236d8d7
2026-04-04,fdtd,2238fcfe
2026-04-04,fdtd,22859020
2026-04-04,fdtd,228c04a8
2026-04-04,fdtd,228e4b51
2026-04-04,fdtd,22a24ac1
2026-04-04,fdtd,22c28add
2026-04-04,fdtd,22e2db4a
2026-04-04,fdtd,2351f052
2026-04-04,fdtd,23569a09
2026-04-04,fdtd,236ea323
2026-04-04,fdtd,23706452
2026-04-04,fdtd,2371ac6e
2026-04-04,fdtd,23915fa8
2026-04-04,fdtd,23a309cd
2026-04-04,fdtd,2417e900
2026-04-04,fdtd,241a4010
2026-04-04,fdtd,241fec00
2026-04-04,fdtd,244ec0f6
2026-04-04,fdtd,2466a7b5
2026-04-04,fdtd,249ec930
2026-04-04,fdtd,24e3efe7
2026-04-04,fdtd,24ff8ad6
2026-04-04,fdtd,25216805
2026-04-04,fdtd,2525dae1
2026-04-04,fdtd,252e4333
2026-04-04,fdtd,255cae93
2026-04-04,fdtd,25bd646d
2026-04-04,fdtd,25ebfc92
2026-04-04,fdtd,25f01025
2026-04-04,fdtd,26183b56
2026-04-04,fdtd,261ad680
2026-04-04,fdtd,265de333
2026-04-04,fdtd,266115d4
2026-04-04,fdtd,26c14297
2026-04-04,fdtd,26c3ea33
2026-04-04,fdtd,26dc6348
2026-04-04,fdtd,274bb2f4
2026-04-04,fdtd,278d3fe7
2026-04-04,fdtd,27c4a480
2026-04-04,fdtd,27c78143
2026-04-04,fdtd,27fef9b6
2026-04-04,fdtd,287259c9
2026-04-04,fdtd,290a688c
2026-04-04,fdtd,295768e7
2026-04-04,fdtd,29681763
2026-04-04,fdtd,298dd3c7
2026-04-04,fdtd,29dde8a3
2026-04-04,fdtd,29df3f35
2026-04-04,fdtd,29f7b89f
2026-04-04,fdtd,29f8c486
2026-04-04,fdtd,2a0efe9d
2026-04-04,fdtd,2a6509b3
2026-04-04,fdtd,2ac4e4c3
2026-04-04,fdtd,2ad21318
2026-04-04,fdtd,2aee0a34
2026-04-04,fdtd,2aef46c3
2026-04-04,fdtd,2b00c3e3
2026-04-04,fdtd,2b0fd185
2026-04-04,fdtd,2b2de398
2026-04-04,fdtd,2b3045e1
2026-04-04,fdtd,2b7e7b74
2026-04-04,fdtd,2b878576
2026-04-04,fdtd,2b9d0605
2026-04-04,fdtd,2bb0e24e
2026-04-04,fdtd,2d475db9
2026-04-04,fdtd,2d510acd
2026-04-04,fdtd,2d6d13d4
2026-04-04,fdtd,2e39b52f
2026-04-04,fdtd,2e49780b
2026-04-04,fdtd,2e5b107c
2026-04-04,fdtd,2e7860b4
2026-04-04,fdtd,2ea60d78
2026-04-04,fdtd,2eb697cc
2026-04-04,fdtd,2ec4412e
2026-04-04,fdtd,2efd3b0d
2026-04-04,fdtd,2f61d9ac
2026-04-04,fdtd,2f875e76
2026-04-04,fdtd,2faabeca
2026-04-04,fdtd,303b6ce9
2026-04-04,fdtd,304aaeb2
2026-04-04,fdtd,30689732
2026-04-04,fdtd,3071d78b
2026-04-04,fdtd,30d2a989
2026-04-04,fdtd,3119a3f6
2026-04-04,fdtd,313cbd62
2026-04-04,fdtd,314a5eb2
2026-04-04,fdtd,31797ad0
2026-04-04,fdtd,3182d4db
2026-04-04,fdtd,31acd861
2026-04-04,fdtd,31afd1bc
2026-04-04,fdtd,31b430e5
2026-04-04,fdtd,31e884bf
2026-04-04,fdtd,31ed80b8
2026-04-04,fdtd,31f1d53e
2026-04-04,fdtd,31f394f0
2026-04-04,fdtd,327520eb
2026-04-04,fdtd,3288bb0a
2026-04-04,fdtd,32c5a620
2026-04-04,fdtd,32cca5b4
2026-04-04,fdtd,32e6c560
2026-04-04,fdtd,32fbad2b
2026-04-04,fdtd,339307df
2026-04-04,fdtd,339d7378
2026-04-04,fdtd,33a480bb
2026-04-04,fdtd,33c03db8
2026-04-04,fdtd,33f35b90
2026-04-04,fdtd,34226ab7
2026-04-04,fdtd,35909fce
2026-04-04,fdtd,35b4ceef
2026-04-04,fdtd,35e0bbdc
2026-04-04,fdtd,3655e7f9
2026-04-04,fdtd,3676a3ff
2026-04-04,fdtd,36911a8f
2026-04-04,fdtd,36a45831
2026-04-04,fdtd,36e202a6
2026-04-04,fdtd,370540f8
2026-04-04,fdtd,37156e60
2026-04-04,fdtd,373298d7
2026-04-04,fdtd,37875abd
2026-04-04,fdtd,3798b0b4
2026-04-04,fdtd,379df795
2026-04-04,fdtd,37a86b7e
2026-04-04,fdtd,37c4fa96
2026-04-04,fdtd,37ce3a79
2026-04-04,fdtd,37ec43dc
2026-04-04,fdtd,38334246
2026-04-04,fdtd,3891ec30
2026-04-04,fdtd,38e18eec
2026-04-04,fdtd,3944ff3e
2026-04-04,fdtd,395ef0f6
2026-04-04,fdtd,3964d1be
2026-04-04,fdtd,39710971
2026-04-04,fdtd,39bd2a4e
2026-04-04,fdtd,3a4e330c
2026-04-04,fdtd,3a828dd5
2026-04-04,fdtd,3a878130
2026-04-04,fdtd,3a92a41f
2026-04-04,fdtd,3ab2114c
2026-04-04,fdtd,3af8c37a
2026-04-04,fdtd,3b1a8ed7
2026-04-04,fdtd,3b3e1f98
2026-04-04,fdtd,3b4c633c
2026-04-04,fdtd,3b9cf7f2
2026-04-04,fdtd,3ba6e1ce
2026-04-04,fdtd,3be42468
2026-04-04,fdtd,3bec43de
2026-04-04,fdtd,3bf1cde2
2026-04-04,fdtd,3bfa210b
2026-04-04,fdtd,3c00b644
2026-04-04,fdtd,3c329d88
2026-04-04,fdtd,3c4f729d
2026-04-04,fdtd,3c610081
2026-04-04,fdtd,3c660c76
2026-04-04,fdtd,3c6bdb83
2026-04-04,fdtd,3cd49938
2026-04-04,fdtd,3d14360f
2026-04-04,fdtd,3d539922
2026-04-04,fdtd,3d80e425
2026-04-04,fdtd,3d8394dc
2026-04-04,fdtd,3d8b48f5
2026-04-04,fdtd,3dba2aba
2026-04-04,fdtd,3de521e1
2026-04-04,fdtd,3e4456b2
2026-04-04,fdtd,3e55776a
2026-04-04,fdtd,3e716d63
2026-04-04,fdtd,3e913138
2026-04-04,fdtd,3ed34404
2026-04-04,fdtd,3ed58379
2026-04-04,fdtd,3ed8bc9b
2026-04-04,fdtd,3edbb120
2026-04-04,fdtd,3ee6e53b
2026-04-04,fdtd,3f7428e2
2026-04-04,fdtd,3f86fa06
2026-04-04,fdtd,4002074e
2026-04-04,fdtd,400a5e96
2026-04-04,fdtd,40123a31
2026-04-04,fdtd,4032a66c
2026-04-04,fdtd,40490ceb
2026-04-04,fdtd,40514bd1
2026-04-04,fdtd,407d69a8
2026-04-04,fdtd,408016ea
2026-04-04,fdtd,40f0616c
2026-04-04,fdtd,410b3b1d
2026-04-04,fdtd,417c90c4
2026-04-04,fdtd,417d8e5f
2026-04-04,fdtd,418fa682
2026-04-04,fdtd,41bd4cb4
2026-04-04,fdtd,41d0b40a
2026-04-04,fdtd,4257a402
2026-04-04,fdtd,42d57aa8
2026-04-04,fdtd,42e3f7f8
2026-04-04,fdtd,42efe818
2026-04-04,fdtd,4350619e
2026-04-04,fdtd,43524cf3
2026-04-04,fdtd,436f9b91
2026-04-04,fdtd,437d3eb9
2026-04-04,fdtd,43898c29
2026-04-04,fdtd,43d11b00
2026-04-04,fdtd,43e0fc5a
2026-04-04,fdtd,43e9ea7a
2026-04-04,fdtd,43f71ca0
2026-04-04,fdtd,43ff645e
2026-04-04,fdtd,441097f3
2026-04-04,fdtd,447dba0c
2026-04-04,fdtd,44b342a0
2026-04-04,fdtd,45093379
2026-04-04,fdtd,45158136
2026-04-04,fdtd,4533b88a
2026-04-04,fdtd,454779d3
2026-04-04,fdtd,45505bd6
2026-04-04,fdtd,45a96d4e
2026-04-04,fdtd,45bd8f13
2026-04-04,fdtd,45be782b
2026-04-04,fdtd,45d1012c
2026-04-04,fdtd,45d65a4d
2026-04-04,fdtd,4603df2a
2026-04-04,fdtd,46077c38
2026-04-04,fdtd,462e1d0b
2026-04-04,fdtd,464027a5
2026-04-04,fdtd,46510caa
2026-04-04,fdtd,46d6081a
2026-04-04,fdtd,4716a77d
2026-04-04,fdtd,471f657f
2026-04-04,fdtd,472aca9e
2026-04-04,fdtd,4737fb91
2026-04-04,fdtd,474b9cb2
2026-04-04,fdtd,486e780a
2026-04-04,fdtd,489d266c
2026-04-04,fdtd,48de96d2
2026-04-04,fdtd,491f5c4b
2026-04-04,fdtd,4925238b
2026-04-04,fdtd,49310ec6
2026-04-04,fdtd,494646f9
2026-04-04,fdtd,4961aee5
2026-04-04,fdtd,49b77b79
2026-04-04,fdtd,49ff554c
2026-04-04,fdtd,4a0489aa
2026-04-04,fdtd,4a16ca9a
2026-04-04,fdtd,4a239104
2026-04-04,fdtd,4a3dfc7c
2026-04-04,fdtd,4a62c4f9
2026-04-04,fdtd,4ac00930
2026-04-04,fdtd,4b29450d
2026-04-04,fdtd,4b2c2357
2026-04-04,fdtd,4b7665d6
2026-04-04,fdtd,4b791169
2026-04-04,fdtd,4b8a402b
2026-04-04,fdtd,4ba8bb93
2026-04-04,fdtd,4bcd4c9f
2026-04-04,fdtd,4bfc879e
2026-04-04,fdtd,4c37e37a
2026-04-04,fdtd,4c3fa61f
2026-04-04,fdtd,4c8af029
2026-04-04,fdtd,4c9a9b31
2026-04-04,fdtd,4ca2dc04
2026-04-04,fdtd,4ca957c0
2026-04-04,fdtd,4cc33c47
2026-04-04,fdtd,4cc80464
2026-04-04,fdtd,4cd5cbb7
2026-04-04,fdtd,4cf05792
2026-04-04,fdtd,4cfce9c0
2026-04-04,fdtd,4d2b82bd
2026-04-04,fdtd,4d386e7e
2026-04-04,fdtd,4d674260
2026-04-04,fdtd,4d8022d8
2026-04-04,fdtd,4d83b947
2026-04-04,fdtd,4d86a53c
2026-04-04,fdtd,4ddc7465
2026-04-04,fdtd,4df839b8
2026-04-04,fdtd,4e1068f9
2026-04-04,fdtd,4e3ac332
2026-04-04,fdtd,4e8b1179
2026-04-04,fdtd,4e9b2d93
2026-04-04,fdtd,4eb7bc47
2026-04-04,fdtd,4eeb0394
2026-04-04,fdtd,4efdbcdf
2026-04-04,fdtd,4f3410b6
2026-04-04,fdtd,4f65c725
2026-04-04,fdtd,4faef5a8
2026-04-04,fdtd,5004c5a6
2026-04-04,fdtd,5005d661
2026-04-04,fdtd,50f5e828
2026-04-04,fdtd,5129cfff
2026-04-04,fdtd,5130d9a4
2026-04-04,fdtd,518c36b2
2026-04-04,fdtd,51e67c5b
2026-04-04,fdtd,51fe4783
2026-04-04,fdtd,5204be3a
2026-04-04,fdtd,520c06b6
2026-04-04,fdtd,5215dca0
2026-04-04,fdtd,525424de
2026-04-04,fdtd,52f83387
2026-04-04,fdtd,530726e3
2026-04-04,fdtd,538fa730
2026-04-04,fdtd,53a9558c
2026-04-04,fdtd,53f09e35
2026-04-04,fdtd,54471565
2026-04-04,fdtd,548c9b38
2026-04-04,fdtd,54c410b9
2026-04-04,fdtd,54df1d96
2026-04-04,fdtd,54e755f3
2026-04-04,fdtd,55022fe6
2026-04-04,fdtd,550bf241
2026-04-04,fdtd,55187f25
2026-04-04,fdtd,55488999
2026-04-04,fdtd,5589f732
2026-04-04,fdtd,55a807cb
2026-04-04,fdtd,55bf0a02
2026-04-04,fdtd,55c00ae6
2026-04-04,fdtd,56318115
2026-04-04,fdtd,564951a1
2026-04-04,fdtd,567a4ed4
2026-04-04,fdtd,56c2ad9c
2026-04-04,fdtd,56d0d23d
2026-04-04,fdtd,56d91575
2026-04-04,fdtd,56eefcbe
2026-04-04,fdtd,571b0d5b
2026-04-04,fdtd,57589204
2026-04-04,fdtd,57d74ff3
2026-04-04,fdtd,57fee428
2026-04-04,fdtd,58098846
2026-04-04,fdtd,5811e0a3
2026-04-04,fdtd,5819edfc
2026-04-04,fdtd,583a32e6
2026-04-04,fdtd,587f093f
2026-04-04,fdtd,588bfaa6
2026-04-04,fdtd,58ba8442
2026-04-04,fdtd,58da3aa8
2026-04-04,fdtd,58db668f
2026-04-04,fdtd,58ef6b51
2026-04-04,fdtd,5906405a
2026-04-04,fdtd,593e64f6
2026-04-04,fdtd,594320b1
2026-04-04,fdtd,59485f4b
2026-04-04,fdtd,59b0f12e
2026-04-04,fdtd,5a0cd31f
2026-04-04,fdtd,5a0d32f3
2026-04-04,fdtd,5a1b78a3
2026-04-04,fdtd,5a6e7174
2026-04-04,fdtd,5a8e4330
2026-04-04,fdtd,5afc34c3
2026-04-04,fdtd,5b177a82
2026-04-04,fdtd,5ba16421
2026-04-04,fdtd,5baf6a57
2026-04-04,fdtd,5bd4b62c
2026-04-04,fdtd,5bfe7e68
2026-04-04,fdtd,5c1ba1d5
2026-04-04,fdtd,5c536293
2026-04-04,fdtd,5c5a079d
2026-04-04,fdtd,5c6dcf3e
2026-04-04,fdtd,5c7dbbda
2026-04-04,fdtd,5cc9e620
2026-04-04,fdtd,5ccf41a8
2026-04-04,fdtd,5cd2e8dc
2026-04-04,fdtd,5cdd3d63
2026-04-04,fdtd,5cfb2119
2026-04-04,fdtd,5d5ea842
2026-04-04,fdtd,5d685e35
2026-04-04,fdtd,5d89f86c
2026-04-04,fdtd,5d978d28
2026-04-04,fdtd,5da22078
2026-04-04,fdtd,5df65354
2026-04-04,fdtd,5dfe443c
2026-04-04,fdtd,5e568d5f
2026-04-04,fdtd,5ea31724
2026-04-04,fdtd,5eb6c31c
2026-04-04,fdtd,5ebdca72
2026-04-04,fdtd,5f05ed1e
2026-04-04,fdtd,5f3e6b2e
2026-04-04,fdtd,5f59610f
2026-04-04,fdtd,5f71a2f3
2026-04-04,fdtd,5fb41fbe
2026-04-04,fdtd,5fbf4bf7
2026-04-04,fdtd,5fe2d305
2026-04-04,fdtd,600df96a
2026-04-04,fdtd,602132d3
2026-04-04,fdtd,60372c02
2026-04-04,fdtd,60f84e75
2026-04-04,fdtd,6114e688
2026-04-04,fdtd,6123d4c5
2026-04-04,fdtd,6136953a
2026-04-04,fdtd,6159371b
2026-04-04,fdtd,6161bb3c
2026-04-04,fdtd,61744346
2026-04-04,fdtd,618a7b09
2026-04-04,fdtd,61b28f83
2026-04-04,fdtd,61b7f881
2026-04-04,fdtd,61c54d6e
2026-04-04,fdtd,621585ab
2026-04-04,fdtd,622709f2
2026-04-04,fdtd,624290c0
2026-04-04,fdtd,62679628
2026-04-04,fdtd,62a74377
2026-04-04,fdtd,62b4a362
2026-04-04,fdtd,632cf1cc
2026-04-04,fdtd,6362d17b
2026-04-04,fdtd,63636cb2
2026-04-04,fdtd,63765d17
2026-04-04,fdtd,63da9c53
2026-04-04,fdtd,64356f7f
2026-04-04,fdtd,643f1b8a
2026-04-04,fdtd,6470544d
2026-04-04,fdtd,647b437c
2026-04-04,fdtd,648f0998
2026-04-04,fdtd,64c2d17b
2026-04-04,fdtd,64d1e061
2026-04-04,fdtd,6501a9dc
2026-04-04,fdtd,65645385
2026-04-04,fdtd,6579315a
2026-04-04,fdtd,65878fbf
2026-04-04,fdtd,65a5dc49
2026-04-04,fdtd,65e48a93
2026-04-04,fdtd,66067130
2026-04-04,fdtd,660b7416
2026-04-04,fdtd,660b7e7e
2026-04-04,fdtd,664cbcad
2026-04-04,fdtd,667cef96
2026-04-04,fdtd,6682f0ff
2026-04-04,fdtd,66b799d3
2026-04-04,fdtd,66b7c692
2026-04-04,fdtd,66bbb388
2026-04-04,fdtd,68187c64
2026-04-04,fdtd,682ee909
2026-04-04,fdtd,6856b1df
2026-04-04,fdtd,68bf7594
2026-04-04,fdtd,68cb9b1b
2026-04-04,fdtd,68f74bba
2026-04-04,fdtd,690c4b4e
2026-04-04,fdtd,6912cf64
2026-04-04,fdtd,695ea6e3
2026-04-04,fdtd,696a009d
2026-04-04,fdtd,697cb082
2026-04-04,fdtd,699ee3f5
2026-04-04,fdtd,69a3eb8d
2026-04-04,fdtd,69ad4307
2026-04-04,fdtd,69b50989
2026-04-04,fdtd,69c0c2cc
2026-04-04,fdtd,69c3a811
2026-04-04,fdtd,69e0bd7b
2026-04-04,fdtd,6a140848
2026-04-04,fdtd,6a7036b2
2026-04-04,fdtd,6ac0bdce
2026-04-04,fdtd,6ad14b45
2026-04-04,fdtd,6afc1695
2026-04-04,fdtd,6afd831d
2026-04-04,fdtd,6b098924
2026-04-04,fdtd,6b27264d
2026-04-04,fdtd,6b27c3b5
2026-04-04,fdtd,6b392d55
2026-04-04,fdtd,6b3f271e
2026-04-04,fdtd,6bc340f4
2026-04-04,fdtd,6be0e9ec
2026-04-04,fdtd,6bfefa76
2026-04-04,fdtd,6c2ed5eb
2026-04-04,fdtd,6cb2d90a
2026-04-04,fdtd,6cffca38
2026-04-04,fdtd,6d449489
2026-04-04,fdtd,6d645f39
2026-04-04,fdtd,6dcdb081
2026-04-04,fdtd,6e4d225a
2026-04-04,fdtd,6e8945ff
2026-04-04,fdtd,6ed46435
2026-04-04,fdtd,6edc6bf0
2026-04-04,fdtd,6f573636
2026-04-04,fdtd,6fc12806
2026-04-04,fdtd,704de121
2026-04-04,fdtd,70cc84cc
2026-04-04,fdtd,70fd2cf2
2026-04-04,fdtd,710ab909
2026-04-04,fdtd,7126cf5b
2026-04-04,fdtd,7158364d
2026-04-04,fdtd,71904063
2026-04-04,fdtd,719be771
2026-04-04,fdtd,71a05d3e
2026-04-04,fdtd,71bb8691
2026-04-04,fdtd,71de4411
2026-04-04,fdtd,7251ddbe
2026-04-04,fdtd,72587cdd
2026-04-04,fdtd,725bddae
2026-04-04,fdtd,726ec419
2026-04-04,fdtd,72dbcfde
2026-04-04,fdtd,7309fedb
2026-04-04,fdtd,73193afd
2026-04-04,fdtd,73a34e11
2026-04-04,fdtd,73c301af
2026-04-04,fdtd,73d5d785
2026-04-04,fdtd,73dd05a0
2026-04-04,fdtd,73fdd4a6
2026-04-04,fdtd,7446e512
2026-04-04,fdtd,744b0624
2026-04-04,fdtd,748fb748
2026-04-04,fdtd,74921133
2026-04-04,fdtd,74a4acc3
2026-04-04,fdtd,74c2c033
2026-04-04,fdtd,74da219f
2026-04-04,fdtd,74fb88e4
2026-04-04,fdtd,750122c9
2026-04-04,fdtd,7557ab34
2026-04-04,fdtd,755d06e9
2026-04-04,fdtd,761a8739
2026-04-04,fdtd,76b79470
2026-04-04,fdtd,76ce7051
2026-04-04,fdtd,7727a1bf
2026-04-04,fdtd,7806226b
2026-04-04,fdtd,78161a1f
2026-04-04,fdtd,7816f965
2026-04-04,fdtd,78497832
2026-04-04,fdtd,784af53e
2026-04-04,fdtd,784bbd18
2026-04-04,fdtd,7859ff3a
2026-04-04,fdtd,786aa403
2026-04-04,fdtd,789ce051
2026-04-04,fdtd,78ba0630
2026-04-04,fdtd,78d2f959
2026-04-04,fdtd,78dc859d
2026-04-04,fdtd,78f9682e
2026-04-04,fdtd,78fffe09
2026-04-04,fdtd,791bcfdf
2026-04-04,fdtd,79c7e0f0
2026-04-04,fdtd,79d071bd
2026-04-04,fdtd,79f0d9f2
2026-04-04,fdtd,7a1c1062
2026-04-04,fdtd,7a5a4a1b
2026-04-04,fdtd,7a5cbcef
2026-04-04,fdtd,7a79eceb
2026-04-04,fdtd,7a7c5ae9
2026-04-04,fdtd,7a823569
2026-04-04,fdtd,7b315eb8
2026-04-04,fdtd,7b5b1478
2026-04-04,fdtd,7b7ef93c
2026-04-04,fdtd,7b85dd8e
2026-04-04,fdtd,7bb127d9
2026-04-04,fdtd,7bee5b5f
2026-04-04,fdtd,7bf9a72c
2026-04-04,fdtd,7c12a4cb
2026-04-04,fdtd,7c86a95f
2026-04-04,fdtd,7c88a24b
2026-04-04,fdtd,7cc839ed
2026-04-04,fdtd,7d06cb83
2026-04-04,fdtd,7d86e6c7
2026-04-04,fdtd,7da1a238
2026-04-04,fdtd,7dd0678f
2026-04-04,fdtd,7de3451d
2026-04-04,fdtd,7e17a937
2026-04-04,fdtd,7e49ae17
2026-04-04,fdtd,7e5ba8aa
2026-04-04,fdtd,7e7c571f
2026-04-04,fdtd,7ec63a1c
2026-04-04,fdtd,7eeed731
2026-04-04,fdtd,7efb689f
2026-04-04,fdtd,7f213d1d
2026-04-04,fdtd,7f58bcc5
2026-04-04,fdtd,7f694c5e
2026-04-04,fdtd,7f73ffea
2026-04-04,fdtd,7fa5fb26
2026-04-04,fdtd,7ff6cc50
2026-04-04,fdtd,80199bcc
2026-04-04,fdtd,801a1b36
2026-04-04,fdtd,804c5329
2026-04-04,fdtd,8065e388
2026-04-04,fdtd,80d783eb
2026-04-04,fdtd,80dfdd33
2026-04-04,fdtd,811b28df
2026-04-04,fdtd,812b940c
2026-04-04,fdtd,81339ecb
2026-04-04,fdtd,81538e54
2026-04-04,fdtd,81568c70
2026-04-04,fdtd,81fa4f20
2026-04-04,fdtd,822624ff
2026-04-04,fdtd,829be7fb
2026-04-04,fdtd,829be9b6
2026-04-04,fdtd,82a43146
2026-04-04,fdtd,82a86f70
2026-04-04,fdtd,82bf76fe
2026-04-04,fdtd,82f14302
2026-04-04,fdtd,82f25016
2026-04-04,fdtd,82f53df3
2026-04-04,fdtd,83080061
2026-04-04,fdtd,83728f4c
2026-04-04,fdtd,83e9de30
2026-04-04,fdtd,8495e954
2026-04-04,fdtd,849f1d44
2026-04-04,fdtd,84c1e366
2026-04-04,fdtd,84d3a83d
2026-04-04,fdtd,84e3c2c0
2026-04-04,fdtd,852ec144
2026-04-04,fdtd,857cffd9
2026-04-04,fdtd,8590cefc
2026-04-04,fdtd,85d1d183
2026-04-04,fdtd,86300685
2026-04-04,fdtd,8639e5a4
2026-04-04,fdtd,867c9d10
2026-04-04,fdtd,8686d4e4
2026-04-04,fdtd,86ca6728
2026-04-04,fdtd,8764386c
2026-04-04,fdtd,87a91d95
2026-04-04,fdtd,87b5d92c
2026-04-04,fdtd,87d1b487
2026-04-04,fdtd,87d7e6db
2026-04-04,fdtd,87f1068b
2026-04-04,fdtd,8806b548
2026-04-04,fdtd,880df195
2026-04-04,fdtd,883762e0
2026-04-04,fdtd,883dc8d4
2026-04-04,fdtd,8848152a
2026-04-04,fdtd,88716c57
2026-04-04,fdtd,887b6fca
2026-04-04,fdtd,8886078e
2026-04-04,fdtd,889d4c2a
2026-04-04,fdtd,88d407ef
2026-04-04,fdtd,89383404
2026-04-04,fdtd,89578e49
2026-04-04,fdtd,897fe590
2026-04-04,fdtd,89da0653
2026-04-04,fdtd,89eb245c
2026-04-04,fdtd,8a32216b
2026-04-04,fdtd,8a774df3
2026-04-04,fdtd,8a93cd70
2026-04-04,fdtd,8a9798b0
2026-04-04,fdtd,8ab21b11
2026-04-04,fdtd,8abf0acf
2026-04-04,fdtd,8ac0086a
2026-04-04,fdtd,8ad48247
2026-04-04,fdtd,8af08b42
2026-04-04,fdtd,8ba84621
2026-04-04,fdtd,8bd3959b
2026-04-04,fdtd,8c138e9e
2026-04-04,fdtd,8c4868bd
2026-04-04,fdtd,8caa94ae
2026-04-04,fdtd,8cfa404c
2026-04-04,fdtd,8d146d02
2026-04-04,fdtd,8d618430
2026-04-04,fdtd,8d6ac3e2
2026-04-04,fdtd,8d8aa49e
2026-04-04,fdtd,8d9a2978
2026-04-04,fdtd,8ddeff8b
2026-04-04,fdtd,8de285a6
2026-04-04,fdtd,8e08adbf
2026-04-04,fdtd,8e38b684
2026-04-04,fdtd,8e465978
2026-04-04,fdtd,8e4eadca
2026-04-04,fdtd,8e70e5b9
2026-04-04,fdtd,8eb213f0
2026-04-04,fdtd,8eeb82ac
2026-04-04,fdtd,8ef131af
2026-04-04,fdtd,8f00ed03
2026-04-04,fdtd,8f0908e7
2026-04-04,fdtd,8f270a47
2026-04-04,fdtd,8f4a1957
2026-04-04,fdtd,8f4a8145
2026-04-04,fdtd,8f5eec6d
2026-04-04,fdtd,8f63c3cf
2026-04-04,fdtd,8ff0acc7
2026-04-04,fdtd,8ff90fc3
2026-04-04,fdtd,90308b92
2026-04-04,fdtd,906444ad
2026-04-04,fdtd,9093df62
2026-04-04,fdtd,90b06858
2026-04-04,fdtd,90d49d83
2026-04-04,fdtd,90f8e5b0
2026-04-04,fdtd,90fa663a
2026-04-04,fdtd,91219184
2026-04-04,fdtd,916bee33
2026-04-04,fdtd,9192de99
2026-04-04,fdtd,922ef1ea
2026-04-04,fdtd,923c1d05
2026-04-04,fdtd,926988de
2026-04-04,fdtd,9277de1b
2026-04-04,fdtd,928d3195
2026-04-04,fdtd,929855fc
2026-04-04,fdtd,92f5e879
2026-04-04,fdtd,9344250f
2026-04-04,fdtd,934705d4
2026-04-04,fdtd,93ad35d8
2026-04-04,fdtd,93e527af
2026-04-04,fdtd,94255ecb
2026-04-04,fdtd,9459319f
2026-04-04,fdtd,946d140e
2026-04-04,fdtd,94a61eb6
2026-04-04,fdtd,94e3bcdb
2026-04-04,fdtd,9509b96f
2026-04-04,fdtd,958d32c8
2026-04-04,fdtd,9592bd0f
2026-04-04,fdtd,959b0386
2026-04-04,fdtd,959bcdd1
2026-04-04,fdtd,95ac6305
2026-04-04,fdtd,95c4321d
2026-04-04,fdtd,95e32e46
2026-04-04,fdtd,95f2d490
2026-04-04,fdtd,96018e5e
2026-04-04,fdtd,963925c7
2026-04-04,fdtd,9642016e
2026-04-04,fdtd,964915be
2026-04-04,fdtd,96a47a97
2026-04-04,fdtd,96d15d37
2026-04-04,fdtd,9704a0cc
2026-04-04,fdtd,97180fd0
2026-04-04,fdtd,972111da
2026-04-04,fdtd,97229f5b
2026-04-04,fdtd,977cf198
2026-04-04,fdtd,97c9c016
2026-04-04,fdtd,981c80bd
2026-04-04,fdtd,98224ce5
2026-04-04,fdtd,98301e91
2026-04-04,fdtd,98353932
2026-04-04,fdtd,983c9c70
2026-04-04,fdtd,9850485f
2026-04-04,fdtd,98d564f6
2026-04-04,fdtd,9910a12b
2026-04-04,fdtd,992a4062
2026-04-04,fdtd,99488a23
2026-04-04,fdtd,996488a1
2026-04-04,fdtd,9985b8ef
2026-04-04,fdtd,99c003cf
2026-04-04,fdtd,99f0f1fd
2026-04-04,fdtd,9a0e80a1
2026-04-04,fdtd,9a16496d
2026-04-04,fdtd,9a74c0a9
2026-04-04,fdtd,9a9a76c4
2026-04-04,fdtd,9ab311f6
2026-04-04,fdtd,9acef011
2026-04-04,fdtd,9b11287c
2026-04-04,fdtd,9b2c0e55
2026-04-04,fdtd,9b5e5dcd
2026-04-04,fdtd,9b8baceb
2026-04-04,fdtd,9b9023b4
2026-04-04,fdtd,9b92ce15
2026-04-04,fdtd,9b96e054
2026-04-04,fdtd,9ba84e21
2026-04-04,fdtd,9bcf570b
2026-04-04,fdtd,9c2ed115
2026-04-04,fdtd,9c395ce8
2026-04-04,fdtd,9c6a2140
2026-04-04,fdtd,9c8eafba
2026-04-04,fdtd,9ce8f994
2026-04-04,fdtd,9dc891a7
2026-04-04,fdtd,9dd59b6f
2026-04-04,fdtd,9e094997
2026-04-04,fdtd,9e125d98
2026-04-04,fdtd,9e3d645b
2026-04-04,fdtd,9e4e2bb2
2026-04-04,fdtd,9e69f490
2026-04-04,fdtd,9e71b040
2026-04-04,fdtd,9e805914
2026-04-04,fdtd,9e960a4d
2026-04-04,fdtd,9efbb798
2026-04-04,fdtd,9efd1a07
2026-04-04,fdtd,9f51e7ea
2026-04-04,fdtd,9f569447
2026-04-04,fdtd,9f652c49
2026-04-04,fdtd,9f6d2503
2026-04-04,fdtd,9fcbbf45
2026-04-04,fdtd,9fd7fb26
2026-04-04,fdtd,9ff5a7cf
2026-04-04,fdtd,a016a7f6
2026-04-04,fdtd,a045b0a1
2026-04-04,fdtd,a05f4b67
2026-04-04,fdtd,a0857f95
2026-04-04,fdtd,a0a7b189
2026-04-04,fdtd,a0fdb367
2026-04-04,fdtd,a10086e5
2026-04-04,fdtd,a10d2977
2026-04-04,fdtd,a12f78f9
2026-04-04,fdtd,a13e1aa1
2026-04-04,fdtd,a190ce4e
2026-04-04,fdtd,a1abc1c0
2026-04-04,fdtd,a1dded92
2026-04-04,fdtd,a1f896b8
2026-04-04,fdtd,a208be95
2026-04-04,fdtd,a2257e27
2026-04-04,fdtd,a228a935
2026-04-04,fdtd,a23341cb
2026-04-04,fdtd,a25f4d45
2026-04-04,fdtd,a2738bad
2026-04-04,fdtd,a27b70d4
2026-04-04,fdtd,a2d847de
2026-04-04,fdtd,a2f339a6
2026-04-04,fdtd,a30a7586
2026-04-04,fdtd,a3166dc8
2026-04-04,fdtd,a336d164
2026-04-04,fdtd,a34ad7fb
2026-04-04,fdtd,a36ddc1e
2026-04-04,fdtd,a3ca1e4a
2026-04-04,fdtd,a493cf87
2026-04-04,fdtd,a4b2d180
2026-04-04,fdtd,a4e61a13
2026-04-04,fdtd,a4f3dc91
2026-04-04,fdtd,a5669ba0
2026-04-04,fdtd,a59c0194
2026-04-04,fdtd,a6105896
2026-04-04,fdtd,a61554ae
2026-04-04,fdtd,a63e4b9c
2026-04-04,fdtd,a6e22667
2026-04-04,fdtd,a729db3f
2026-04-04,fdtd,a73d5424
2026-04-04,fdtd,a74b5cc7
2026-04-04,fdtd,a8185dbd
2026-04-04,fdtd,a821be01
2026-04-04,fdtd,a8bb6fb0
2026-04-04,fdtd,a959751a
2026-04-04,fdtd,a95a57ed
2026-04-04,fdtd,a95e2ac4
2026-04-04,fdtd,a9a62e66
2026-04-04,fdtd,a9b49ffd
2026-04-04,fdtd,aa135ddd
2026-04-04,fdtd,aa1a3479
2026-04-04,fdtd,aacd0c19
2026-04-04,fdtd,aacdbd47
2026-04-04,fdtd,aadd9fd4
2026-04-04,fdtd,ab098041
2026-04-04,fdtd,ab39178a
2026-04-04,fdtd,aba78195
2026-04-04,fdtd,aba910a7
2026-04-04,fdtd,abfff1dc
2026-04-04,fdtd,ac65cc80
2026-04-04,fdtd,aca6add4
2026-04-04,fdtd,ad0fc63f
2026-04-04,fdtd,ad178fbd
2026-04-04,fdtd,ad2b95dc
2026-04-04,fdtd,ad2df520
2026-04-04,fdtd,ad474d67
2026-04-04,fdtd,ad66f939
2026-04-04,fdtd,ad7a0dc5
2026-04-04,fdtd,ad910d01
2026-04-04,fdtd,adc825f5
2026-04-04,fdtd,ae22a7a5
2026-04-04,fdtd,ae3187e9
2026-04-04,fdtd,ae530b4f
2026-04-04,fdtd,ae8a2f99
2026-04-04,fdtd,aebb1858
2026-04-04,fdtd,aed40068
2026-04-04,fdtd,af2eb0e7
2026-04-04,fdtd,af393399
2026-04-04,fdtd,af509986
2026-04-04,fdtd,af624337
2026-04-04,fdtd,afb0eb85
2026-04-04,fdtd,afb0f7a8
2026-04-04,fdtd,afbc9c69
2026-04-04,fdtd,aff76304
2026-04-04,fdtd,b03b188f
2026-04-04,fdtd,b03f61d4
2026-04-04,fdtd,b0c52d0a
2026-04-04,fdtd,b0cbcc21
2026-04-04,fdtd,b109855c
2026-04-04,fdtd,b11a7a7f
2026-04-04,fdtd,b197c159
2026-04-04,fdtd,b19b357c
2026-04-04,fdtd,b1d7aa46
2026-04-04,fdtd,b2077763
2026-04-04,fdtd,b21a6a2b
2026-04-04,fdtd,b22baa91
2026-04-04,fdtd,b2337235
2026-04-04,fdtd,b24dc57c
2026-04-04,fdtd,b24e473c
2026-04-04,fdtd,b253d7d5
2026-04-04,fdtd,b25b495b
2026-04-04,fdtd,b28ddc5a
2026-04-04,fdtd,b3340f54
2026-04-04,fdtd,b34d7474
2026-04-04,fdtd,b37c2b6d
2026-04-04,fdtd,b38e893b
2026-04-04,fdtd,b3acaeb0
2026-04-04,fdtd,b3c68ad1
2026-04-04,fdtd,b3dfd54e
2026-04-04,fdtd,b411067c
2026-04-04,fdtd,b4184e8b
2026-04-04,fdtd,b4369f12
2026-04-04,fdtd,b446b85a
2026-04-04,fdtd,b46d84a7
2026-04-04,fdtd,b4bbbaed
2026-04-04,fdtd,b5068136
2026-04-04,fdtd,b524752f
2026-04-04,fdtd,b5a5af83
2026-04-04,fdtd,b5b3aa6a
2026-04-04,fdtd,b5c4f9a2
2026-04-04,fdtd,b5e375f8
2026-04-04,fdtd,b5e643e3
2026-04-04,fdtd,b62df697
2026-04-04,fdtd,b6366c5b
2026-04-04,fdtd,b6645b68
2026-04-04,fdtd,b670e6d9
2026-04-04,fdtd,b67656af
2026-04-04,fdtd,b67ebf9f
2026-04-04,fdtd,b68fbe06
2026-04-04,fdtd,b6d466a9
2026-04-04,fdtd,b6d8f007
2026-04-04,fdtd,b6fc8a4a
2026-04-04,fdtd,b7037443
2026-04-04,fdtd,b7284c70
2026-04-04,fdtd,b76088ae
2026-04-04,fdtd,b79c973a
2026-04-04,fdtd,b79cf070
2026-04-04,fdtd,b7fff28d
2026-04-04,fdtd,b801fb2b
2026-04-04,fdtd,b83b26c7
2026-04-04,fdtd,b845e2a8
2026-04-04,fdtd,b84aff4b
2026-04-04,fdtd,b88962d5
2026-04-04,fdtd,b895052d
2026-04-04,fdtd,b89f9f37
2026-04-04,fdtd,b8cd72ee
2026-04-04,fdtd,b8cf1777
2026-04-04,fdtd,b94344d7
2026-04-04,fdtd,b945c8fd
2026-04-04,fdtd,b9521949
2026-04-04,fdtd,b95a7007
2026-04-04,fdtd,ba28f7e8
2026-04-04,fdtd,ba35c1a6
2026-04-04,fdtd,ba490bf0
2026-04-04,fdtd,ba5eaa84
2026-04-04,fdtd,ba8b7488
2026-04-04,fdtd,baa091a5
2026-04-04,fdtd,baa2c547
2026-04-04,fdtd,bad94721
2026-04-04,fdtd,bae7760c
2026-04-04,fdtd,bb1e3e3d
2026-04-04,fdtd,bb288cf0
2026-04-04,fdtd,bb29f0e3
2026-04-04,fdtd,bb2abb95
2026-04-04,fdtd,bb75c141
2026-04-04,fdtd,bbbfd4e5
2026-04-04,fdtd,bc40ea5b
2026-04-04,fdtd,bc4fdbfd
2026-04-04,fdtd,bc5f7a93
2026-04-04,fdtd,bc93d4ec
2026-04-04,fdtd,bca79dec
2026-04-04,fdtd,bcc32f7f
2026-04-04,fdtd,bcdcea45
2026-04-04,fdtd,bd2a2c95
2026-04-04,fdtd,bd675113
2026-04-04,fdtd,be8218d0
2026-04-04,fdtd,be833e51
2026-04-04,fdtd,be9bc82d
2026-04-04,fdtd,bea1f823
2026-04-04,fdtd,bec3ff04
2026-04-04,fdtd,bed956d1
2026-04-04,fdtd,bf7da420
2026-04-04,fdtd,bf83e306
2026-04-04,fdtd,bfbf9479
2026-04-04,fdtd,c018be96
2026-04-04,fdtd,c03da5b3
2026-04-04,fdtd,c12ded64
2026-04-04,fdtd,c15473ae
2026-04-04,fdtd,c1bc964e
2026-04-04,fdtd,c2128c77
2026-04-04,fdtd,c2633719
2026-04-04,fdtd,c2a4252f
2026-04-04,fdtd,c2a9a870
2026-04-04,fdtd,c2bea74c
2026-04-04,fdtd,c2e8e943
2026-04-04,fdtd,c30c62a5
2026-04-04,fdtd,c31695f3
2026-04-04,fdtd,c32ce4df
2026-04-04,fdtd,c3478d3a
2026-04-04,fdtd,c3d252a1
2026-04-04,fdtd,c3ded475
2026-04-04,fdtd,c3fbd756
2026-04-04,fdtd,c4103f08
2026-04-04,fdtd,c45aca30
2026-04-04,fdtd,c46bff86
2026-04-04,fdtd,c484257a
2026-04-04,fdtd,c4b6a4a5
2026-04-04,fdtd,c51927a0
2026-04-04,fdtd,c57280ac
2026-04-04,fdtd,c59585d5
2026-04-04,fdtd,c5960618
2026-04-04,fdtd,c5c2b793
2026-04-04,fdtd,c5f0424d
2026-04-04,fdtd,c64f0b90
2026-04-04,fdtd,c658d98b
2026-04-04,fdtd,c67c3363
2026-04-04,fdtd,c69581fc
2026-04-04,fdtd,c6b8247a
2026-04-04,fdtd,c6bd9c23
2026-04-04,fdtd,c728c6a2
2026-04-04,fdtd,c7557b42
2026-04-04,fdtd,c802c614
2026-04-04,fdtd,c80a38fe
2026-04-04,fdtd,c8572634
2026-04-04,fdtd,c880c42e
2026-04-04,fdtd,c8a824d2
2026-04-04,fdtd,c8a9697f
2026-04-04,fdtd,c8ab501d
2026-04-04,fdtd,c8e45259
2026-04-04,fdtd,c91c164c
2026-04-04,fdtd,c924d3cd
2026-04-04,fdtd,c92e247f
2026-04-04,fdtd,c938f4c7
2026-04-04,fdtd,c93d54c6
2026-04-04,fdtd,c98fe597
2026-04-04,fdtd,c9e17732
2026-04-04,fdtd,ca0c45af
2026-04-04,fdtd,ca0e500e
2026-04-04,fdtd,ca17ccc1
2026-04-04,fdtd,ca2f6def
2026-04-04,fdtd,caba5cbb
2026-04-04,fdtd,cad78700
2026-04-04,fdtd,cae6d9ff
2026-04-04,fdtd,cb188380
2026-04-04,fdtd,cb1b3d52
2026-04-04,fdtd,cbdfecd6
2026-04-04,fdtd,cc0c19c0
2026-04-04,fdtd,cc59eddf
2026-04-04,fdtd,cc789aea
2026-04-04,fdtd,cc7d9de9
2026-04-04,fdtd,cc9085ba
2026-04-04,fdtd,cccdf454
2026-04-04,fdtd,ccd3b4f3
2026-04-04,fdtd,cce2171b
2026-04-04,fdtd,cd14b885
2026-04-04,fdtd,cd2b704b
2026-04-04,fdtd,cd2c8482
2026-04-04,fdtd,cd2cb731
2026-04-04,fdtd,cd4ab6a8
2026-04-04,fdtd,cd674069
2026-04-04,fdtd,cd6b60f5
2026-04-04,fdtd,cd9cabe0
2026-04-04,fdtd,cdaa9126
2026-04-04,fdtd,cdb3ffe3
2026-04-04,fdtd,ce317ce0
2026-04-04,fdtd,ce32749d
2026-04-04,fdtd,cefe959b
2026-04-04,fdtd,cf17d3a1
2026-04-04,fdtd,cfa69d4e
2026-04-04,fdtd,cff3cf23
2026-04-04,fdtd,d025cfca
2026-04-04,fdtd,d03014cd
2026-04-04,fdtd,d07aec4a
2026-04-04,fdtd,d08e4b64
2026-04-04,fdtd,d09a2735
2026-04-04,fdtd,d107d167
2026-04-04,fdtd,d133ecd8
2026-04-04,fdtd,d159599e
2026-04-04,fdtd,d15d22b0
2026-04-04,fdtd,d18e796f
2026-04-04,fdtd,d1b1008e
2026-04-04,fdtd,d1de676c
2026-04-04,fdtd,d2129665
2026-04-04,fdtd,d2520d4b
2026-04-04,fdtd,d26bd583
2026-04-04,fdtd,d279313f
2026-04-04,fdtd,d28c2969
2026-04-04,fdtd,d29aef78
2026-04-04,fdtd,d2bac6fa
2026-04-04,fdtd,d2bd0c73
2026-04-04,fdtd,d3143eb8
2026-04-04,fdtd,d35cc0ab
2026-04-04,fdtd,d360dee1
2026-04-04,fdtd,d3910abf
2026-04-04,fdtd,d39f363f
2026-04-04,fdtd,d3b8dc02
2026-04-04,fdtd,d41462bf
2026-04-04,fdtd,d43c741c
2026-04-04,fdtd,d4ac1e03
2026-04-04,fdtd,d4d870d9
2026-04-04,fdtd,d4dc767a
2026-04-04,fdtd,d5185020
2026-04-04,fdtd,d578a180
2026-04-04,fdtd,d5af12cd
2026-04-04,fdtd,d5c8062f
2026-04-04,fdtd,d5d4c22c
2026-04-04,fdtd,d5e8c37b
2026-04-04,fdtd,d6024bef
2026-04-04,fdtd,d6196b16
2026-04-04,fdtd,d68bda82
2026-04-04,fdtd,d6c7ba60
2026-04-04,fdtd,d70222a6
2026-04-04,fdtd,d7143872
2026-04-04,fdtd,d7ac5e1a
2026-04-04,fdtd,d7c8bc76
2026-04-04,fdtd,d7cee6ab
2026-04-04,fdtd,d7e059cf
2026-04-04,fdtd,d7e60372
2026-04-04,fdtd,d80c8346
2026-04-04,fdtd,d82f31e9
2026-04-04,fdtd,d8530331
2026-04-04,fdtd,d866f257
2026-04-04,fdtd,d868aab9
2026-04-04,fdtd,d89cdca6
2026-04-04,fdtd,d8b5fcb2
2026-04-04,fdtd,d933d727
2026-04-04,fdtd,d93a73db
2026-04-04,fdtd,d93c5713
2026-04-04,fdtd,d9479561
2026-04-04,fdtd,d94c6674
2026-04-04,fdtd,d9725e09
2026-04-04,fdtd,d9c53913
2026-04-04,fdtd,da36137b
2026-04-04,fdtd,da4ed567
2026-04-04,fdtd,da57ac74
2026-04-04,fdtd,dab8e8dc
2026-04-04,fdtd,dad19171
2026-04-04,fdtd,dae57265
2026-04-04,fdtd,dae5fc5c
2026-04-04,fdtd,daf28062
2026-04-04,fdtd,db2b64ed
2026-04-04,fdtd,db36f2fe
2026-04-04,fdtd,db409962
2026-04-04,fdtd,db436242
2026-04-04,fdtd,db6e3782
2026-04-04,fdtd,db733e23
2026-04-04,fdtd,dbad4d8c
2026-04-04,fdtd,dc7e9286
2026-04-04,fdtd,dc7e9d59
2026-04-04,fdtd,dc99cb38
2026-04-04,fdtd,dcb79510
2026-04-04,fdtd,dce4d207
2026-04-04,fdtd,dd2f7bb1
2026-04-04,fdtd,dd7b6691
2026-04-04,fdtd,dd8cf65a
2026-04-04,fdtd,ddc046ff
2026-04-04,fdtd,ddd6dacf
2026-04-04,fdtd,dddc700e
2026-04-04,fdtd,de188e53
2026-04-04,fdtd,de1f7019
2026-04-04,fdtd,de2d1a0c
2026-04-04,fdtd,de48fee9
2026-04-04,fdtd,de5510a8
2026-04-04,fdtd,de7930ec
2026-04-04,fdtd,de8c4d5b
2026-04-04,fdtd,de8f9591
2026-04-04,fdtd,de95c2a7
2026-04-04,fdtd,dea1a862
2026-04-04,fdtd,dea219d3
2026-04-04,fdtd,dea22eba
2026-04-04,fdtd,deb2f95b
2026-04-04,fdtd,deb68f2d
2026-04-04,fdtd,dec0066b
2026-04-04,fdtd,dec52cf3
2026-04-04,fdtd,dec7f12e
2026-04-04,fdtd,dee7ffa3
2026-04-04,fdtd,def95b15
2026-04-04,fdtd,df20e0de
2026-04-04,fdtd,df72dc42
2026-04-04,fdtd,df8e84b1
2026-04-04,fdtd,dfa58e36
2026-04-04,fdtd,e0196790
2026-04-04,fdtd,e0a183b3
2026-04-04,fdtd,e0ae7f6b
2026-04-04,fdtd,e0cb0ad2
2026-04-04,fdtd,e0ed8e29
2026-04-04,fdtd,e0fb206d
2026-04-04,fdtd,e11fccc5
2026-04-04,fdtd,e1b04c3c
2026-04-04,fdtd,e1bf562b
2026-04-04,fdtd,e1ddf819
2026-04-04,fdtd,e2bfbce9
2026-04-04,fdtd,e2d83ba8
2026-04-04,fdtd,e305ee0f
2026-04-04,fdtd,e31ac501
2026-04-04,fdtd,e3314246
2026-04-04,fdtd,e37e4019
2026-04-04,fdtd,e3eda75f
2026-04-04,fdtd,e40539ee
2026-04-04,fdtd,e43feb0f
2026-04-04,fdtd,e44e71ac
2026-04-04,fdtd,e45c0abc
2026-04-04,fdtd,e46ee0db
2026-04-04,fdtd,e49fd07c
2026-04-04,fdtd,e522b2fc
2026-04-04,fdtd,e54a2727
2026-04-04,fdtd,e552ff50
2026-04-04,fdtd,e5c9da6e
2026-04-04,fdtd,e5fb95ce
2026-04-04,fdtd,e6177028
2026-04-04,fdtd,e63705f8
2026-04-04,fdtd,e6470d83
2026-04-04,fdtd,e647661c
2026-04-04,fdtd,e67394c8
2026-04-04,fdtd,e6835003
2026-04-04,fdtd,e6d9cef2
2026-04-04,fdtd,e7414554
2026-04-04,fdtd,e74ed10b
2026-04-04,fdtd,e791a41d
2026-04-04,fdtd,e7a32ea3
2026-04-04,fdtd,e7a51474
2026-04-04,fdtd,e7c2a97a
2026-04-04,fdtd,e7cbf0e0
2026-04-04,fdtd,e7fbfaf9
2026-04-04,fdtd,e82fbe22
2026-04-04,fdtd,e893a681
2026-04-04,fdtd,e8cf32e1
2026-04-04,fdtd,e8efd84e
2026-04-04,fdtd,e8fc7982
2026-04-04,fdtd,e931911b
2026-04-04,fdtd,e973a632
2026-04-04,fdtd,e98716cc
2026-04-04,fdtd,e98ddd59
2026-04-04,fdtd,e9c5024a
2026-04-04,fdtd,e9c5a877
2026-04-04,fdtd,e9d1cd91
2026-04-04,fdtd,e9e6564d
2026-04-04,fdtd,e9effe51
2026-04-04,fdtd,ea020c8c
2026-04-04,fdtd,ea3685da
2026-04-04,fdtd,ea6d518a
2026-04-04,fdtd,ea8f99f6
2026-04-04,fdtd,eaa8a208
2026-04-04,fdtd,eaae16bf
2026-04-04,fdtd,eb23d2d6
2026-04-04,fdtd,eb27fb29
2026-04-04,fdtd,eb6142fb
2026-04-04,fdtd,eb63de4a
2026-04-04,fdtd,eb7f21d2
2026-04-04,fdtd,ebbddfcf
2026-04-04,fdtd,ebcbac5a
2026-04-04,fdtd,ebde18a6
2026-04-04,fdtd,ec023e4a
2026-04-04,fdtd,ec172cc6
2026-04-04,fdtd,ec5b9c16
2026-04-04,fdtd,ec9a33ca
2026-04-04,fdtd,ecbb3678
2026-04-04,fdtd,ecebed38
2026-04-04,fdtd,ed1af226
2026-04-04,fdtd,ed2ccaee
2026-04-04,fdtd,ed2d4631
2026-04-04,fdtd,ed7cae0c
2026-04-04,fdtd,ed7e6d2f
2026-04-04,fdtd,edaadc4d
2026-04-04,fdtd,edd2cf85
2026-04-04,fdtd,ede77367
2026-04-04,fdtd,ee1fa728
2026-04-04,fdtd,ee7d20ab
2026-04-04,fdtd,ee8d6ec5
2026-04-04,fdtd,ee91f5e0
2026-04-04,fdtd,ee9b510b
2026-04-04,fdtd,eea70853
2026-04-04,fdtd,eeb6f925
2026-04-04,fdtd,eecc0912
2026-04-04,fdtd,eeef2bbc
2026-04-04,fdtd,ef0bde6d
2026-04-04,fdtd,ef28fcf3
2026-04-04,fdtd,ef2b8f2d
2026-04-04,fdtd,ef491f5e
2026-04-04,fdtd,ef92dfce
2026-04-04,fdtd,efbf7905
2026-04-04,fdtd,efc35603
2026-04-04,fdtd,efc757e4
2026-04-04,fdtd,efdb1e01
2026-04-04,fdtd,effc30af
2026-04-04,fdtd,f024c8c1
2026-04-04,fdtd,f036b740
2026-04-04,fdtd,f03c0a30
2026-04-04,fdtd,f10fea10
2026-04-04,fdtd,f12b5e65
2026-04-04,fdtd,f12b6179
2026-04-04,fdtd,f1333b5f
2026-04-04,fdtd,f1675742
2026-04-04,fdtd,f1abbe38
2026-04-04,fdtd,f1ad605c
2026-04-04,fdtd,f23431fe
2026-04-04,fdtd,f2ac90ad
2026-04-04,fdtd,f2c44538
2026-04-04,fdtd,f2e4e88a
2026-04-04,fdtd,f2f152de
2026-04-04,fdtd,f369d15f
2026-04-04,fdtd,f38bdc09
2026-04-04,fdtd,f3b8863a
2026-04-04,fdtd,f408ebb5
2026-04-04,fdtd,f42169cd
2026-04-04,fdtd,f4383adb
2026-04-04,fdtd,f47a9ffd
2026-04-04,fdtd,f5033797
2026-04-04,fdtd,f5190965
2026-04-04,fdtd,f54e2ce7
2026-04-04,fdtd,f59da6d1
2026-04-04,fdtd,f5a3a032
2026-04-04,fdtd,f5fa884d
2026-04-04,fdtd,f6024a29
2026-04-04,fdtd,f63b6ccc
2026-04-04,fdtd,f646137f
2026-04-04,fdtd,f64d39ad
2026-04-04,fdtd,f67cb7e7
2026-04-04,fdtd,f71c9487
2026-04-04,fdtd,f725e333
2026-04-04,fdtd,f73f56ae
2026-04-04,fdtd,f74f02fa
2026-04-04,fdtd,f7c3df7b
2026-04-04,fdtd,f7d38cbd
2026-04-04,fdtd,f7e2b1bc
2026-04-04,fdtd,f7f5e5fe
2026-04-04,fdtd,f8269d1b
2026-04-04,fdtd,f8687eda
2026-04-04,fdtd,f8a31799
2026-04-04,fdtd,f8d1047a
2026-04-04,fdtd,f8e01e01
2026-04-04,fdtd,f8e3d292
2026-04-04,fdtd,f940f630
2026-04-04,fdtd,f94a77d5
2026-04-04,fdtd,f956b0c1
2026-04-04,fdtd,f9ba018c
2026-04-04,fdtd,f9ff20c2
2026-04-04,fdtd,fa037cb5
2026-04-04,fdtd,fa178506
2026-04-04,fdtd,fa27715c
2026-04-04,fdtd,fa2b882c
2026-04-04,fdtd,fa55a527
2026-04-04,fdtd,fa87d364
2026-04-04,fdtd,fb247efb
2026-04-04,fdtd,fb8fe240
2026-04-04,fdtd,fbef542d
2026-04-04,fdtd,fc18aa20
2026-04-04,fdtd,fc2dad06
2026-04-04,fdtd,fc341e85
2026-04-04,fdtd,fc3b7551
2026-04-04,fdtd,fc424f2f
2026-04-04,fdtd,fc71207e
2026-04-04,fdtd,fc94f249
2026-04-04,fdtd,fcd4ba5c
2026-04-04,fdtd,fd0382b5
2026-04-04,fdtd,fd2e517b
2026-04-04,fdtd,fd3f127f
2026-04-04,fdtd,fda3443a
2026-04-04,fdtd,fdb2a9e8
2026-04-04,fdtd,fe160e08
2026-04-04,fdtd,fe1b2816
2026-04-04,fdtd,fe4ffe53
2026-04-04,fdtd,fe6561a6
2026-04-04,fdtd,fe70484d
2026-04-04,fdtd,fe9e5e3f
2026-04-04,fdtd,fea3cbf7
2026-04-04,fdtd,fea95692
2026-04-04,fdtd,feedb3bc
2026-04-04,fdtd,ff1cd3f3
2026-04-04,fdtd,ff3ca8c4
2026-04-04,fdtd,ff968587
2026-04-04,fdtd,ffa425f1
2026-04-04,fdtd,ffccea68
2026-04-04,fdtd,ffeed94c
2026-04-06,fdtd,0337e0f6
2026-04-06,fdtd,089c0203
2026-04-06,fdtd,0c2965f4
2026-04-06,fdtd,20285216
2026-04-06,fdtd,2d8d853c
2026-04-06,fdtd,3253c5af
2026-04-06,fdtd,3619c73e
2026-04-06,fdtd,39502e05
2026-04-06,fdtd,3a51ea5f
2026-04-06,fdtd,407d8fe4
2026-04-06,fdtd,4646339e
2026-04-06,fdtd,4b65c482
2026-04-06,fdtd,60d7a1e2
2026-04-06,fdtd,61a03853
2026-04-06,fdtd,6c06e463
2026-04-06,fdtd,7d64fe38
2026-04-06,fdtd,9288c5f2
2026-04-06,fdtd,95524aa6
2026-04-06,fdtd,a0315112
2026-04-06,fdtd,a300484a
2026-04-06,fdtd,a90d7ece
2026-04-06,fdtd,ab20d711
2026-04-06,fdtd,b8399f23
2026-04-06,fdtd,d0bf97e7
2026-04-06,fdtd,ddae3f30
2026-04-06,fdtd,df0b8bda
2026-04-06,fdtd,f2dabe0e
2026-04-06,fdtd,f53013e0
2026-04-06,fdtd,f8aa4714
2026-04-07,fdtd,01e7e685
2026-04-07,fdtd,035cfe49
2026-04-07,fdtd,0f69c482
2026-04-07,fdtd,1553a033
2026-04-07,fdtd,17fd218c
2026-04-07,fdtd,1824d426
2026-04-07,fdtd,27b388a3
2026-04-07,fdtd,2ef73942
2026-04-07,fdtd,3e653440
2026-04-07,fdtd,3f6360b7
2026-04-07,fdtd,4184af54
2026-04-07,fdtd,4adbde6d
2026-04-07,fdtd,4d703399
2026-04-07,fdtd,58bf9fc7
2026-04-07,fdtd,590dd974
2026-04-07,fdtd,6014f825
2026-04-07,fdtd,61b9907c
2026-04-07,fdtd,62a39212
2026-04-07,fdtd,6b4dcc2e
2026-04-07,fdtd,7b6160e3
2026-04-07,fdtd,81b68448
2026-04-07,fdtd,86a5402e
2026-04-07,fdtd,9e80acfa
2026-04-07,fdtd,a8aa7ad6
2026-04-07,fdtd,ac1f27ea
2026-04-07,fdtd,b38e905c
2026-04-07,fdtd,c1a2dc13
2026-04-07,fdtd,c4449dcd
2026-04-07,fdtd,d30dadc2
2026-04-07,fdtd,d5d6bf3c
2026-04-07,fdtd,d6dc3d1b
2026-04-07,fdtd,dab99705
2026-04-07,fdtd,df5104fb
2026-04-07,fdtd,f774a0bd
2026-04-08,fdtd,1a95ca44
2026-04-08,fdtd,28e80454
2026-04-08,fdtd,33b57361
2026-04-08,fdtd,47b4e7cb
2026-04-08,fdtd,71312631
2026-04-08,fdtd,87ba1bc8
2026-04-08,fdtd,8d8d8e37
2026-04-08,fdtd,9d704cfb
2026-04-08,fdtd,a40f9200
2026-04-08,fdtd,a6b7f036
2026-04-08,fdtd,a8237e79
2026-04-08,fdtd,a8a3fee4
2026-04-08,fdtd,c6599e53
2026-04-08,fdtd,c7b68e20
2026-04-08,fdtd,d12a664d
2026-04-08,fdtd,d43a3e11
2026-04-08,fdtd,f81d292d
2026-04-08,fdtd,f8d4091e
2026-04-09,fdtd,06a00d33
2026-04-09,fdtd,1a772852
2026-04-09,fdtd,243e3f98
2026-04-09,fdtd,2533b53a
2026-04-09,fdtd,26494c0b
2026-04-09,fdtd,2c708257
2026-04-09,fdtd,2d261648
2026-04-09,fdtd,2e19a4ef
2026-04-09,fdtd,334d120d
2026-04-09,fdtd,369f2d59
2026-04-09,fdtd,3bf11b06
2026-04-09,fdtd,46f8159b
2026-04-09,fdtd,544d7e25
2026-04-09,fdtd,55364899
2026-04-09,fdtd,5709e257
2026-04-09,fdtd,6761a8a6
2026-04-09,fdtd,692d9c11
2026-04-09,fdtd,72dbf1c8
2026-04-09,fdtd,75feb010
2026-04-09,fdtd,78de4e2a
2026-04-09,fdtd,7962a0de
2026-04-09,fdtd,7ffbdd27
2026-04-09,fdtd,85aea2a8
2026-04-09,fdtd,871325b6
2026-04-09,fdtd,8a753e62
2026-04-09,fdtd,9df5577d
2026-04-09,fdtd,a275bd94
2026-04-09,fdtd,a27841d9
2026-04-09,fdtd,b0db8541
2026-04-09,fdtd,b170721e
2026-04-09,fdtd,b1d31d6e
2026-04-09,fdtd,b44ec599
2026-04-09,fdtd,be61f275
2026-04-09,fdtd,befeb0cd
2026-04-09,fdtd,c1745edb
2026-04-09,fdtd,c35e08af
2026-04-09,fdtd,d6e47020
2026-04-09,fdtd,d98ff868
2026-04-09,fdtd,d9f74137
2026-04-09,fdtd,e32493bb
2026-04-09,fdtd,e70c0ef3
2026-04-09,fdtd,e78a18a0
2026-04-09,fdtd,f260d933
2026-04-10,fdtd,1222c38f
2026-04-10,fdtd,14240305
2026-04-10,fdtd,154d7e78
2026-04-10,fdtd,16a87b94
2026-04-10,fdtd,17017778
2026-04-10,fdtd,1e1e7385
2026-04-10,fdtd,2ca7be91
2026-04-10,fdtd,316752aa
2026-04-10,fdtd,3658a11c
2026-04-10,fdtd,3d902a71
2026-04-10,fdtd,3f4f4d66
2026-04-10,fdtd,3fdce28c
2026-04-10,fdtd,4297719e
2026-04-10,fdtd,43393c8a
2026-04-10,fdtd,43aa0dbc
2026-04-10,fdtd,44d2ef78
2026-04-10,fdtd,461a82a8
2026-04-10,fdtd,56234756
2026-04-10,fdtd,5855c02e
2026-04-10,fdtd,5b635858
2026-04-10,fdtd,5d11bb3a
2026-04-10,fdtd,60bf3025
2026-04-10,fdtd,64abbf34
2026-04-10,fdtd,7c89cf71
2026-04-10,fdtd,81344bf6
2026-04-10,fdtd,865031a6
2026-04-10,fdtd,8c21c81c
2026-04-10,fdtd,8e2fe052
2026-04-10,fdtd,95db93a9
2026-04-10,fdtd,9af0bd53
2026-04-10,fdtd,9b45ec7c
2026-04-10,fdtd,9d0c58c9
2026-04-10,fdtd,a0e7df0b
2026-04-10,fdtd,a20f24aa
2026-04-10,fdtd,ab2dd099
2026-04-10,fdtd,bcf6ea6f
2026-04-10,fdtd,c43aa099
2026-04-10,fdtd,c868aefc
2026-04-10,fdtd,cff3d4e1
2026-04-10,fdtd,d1e48b82
2026-04-10,fdtd,d32e489c
2026-04-10,fdtd,d701e43e
2026-04-10,fdtd,d9676f42
2026-04-10,fdtd,f347c35e
2026-04-10,fdtd,f7b23b24
2026-04-10,fdtd,f88cd459
2026-04-11,fdtd,00c8ebc2
2026-04-11,fdtd,0274eed3
2026-04-11,fdtd,0371e84a
2026-04-11,fdtd,049217af
2026-04-11,fdtd,08964633
2026-04-11,fdtd,096c05d4
2026-04-11,fdtd,156984ea
2026-04-11,fdtd,15f4dbbd
2026-04-11,fdtd,16530380
2026-04-11,fdtd,240e90b9
2026-04-11,fdtd,271e71ed
2026-04-11,fdtd,27cffa40
2026-04-11,fdtd,2a833674
2026-04-11,fdtd,2c1aa25e
2026-04-11,fdtd,2e16c0f2
2026-04-11,fdtd,33cc6168
2026-04-11,fdtd,3d185e47
2026-04-11,fdtd,3d79bf9d
2026-04-11,fdtd,3fe07a8a
2026-04-11,fdtd,41c116ea
2026-04-11,fdtd,4438c471
2026-04-11,fdtd,48c17df4
2026-04-11,fdtd,4a5b353b
2026-04-11,fdtd,4c7ba372
2026-04-11,fdtd,5239b2fc
2026-04-11,fdtd,533df9b5
2026-04-11,fdtd,5a5bb232
2026-04-11,fdtd,5b922f31
2026-04-11,fdtd,5d64c2f0
2026-04-11,fdtd,5e02d607
2026-04-11,fdtd,60451f5f
2026-04-11,fdtd,65793265
2026-04-11,fdtd,66c697c1
2026-04-11,fdtd,6705df7f
2026-04-11,fdtd,686e0d55
2026-04-11,fdtd,6e1c725f
2026-04-11,fdtd,6f635827
2026-04-11,fdtd,7342bab2
2026-04-11,fdtd,74f0e9a4
2026-04-11,fdtd,75a2e5df
2026-04-11,fdtd,7be7eb50
2026-04-11,fdtd,836b39f9
2026-04-11,fdtd,858da101
2026-04-11,fdtd,85d670f9
2026-04-11,fdtd,85e6123a
2026-04-11,fdtd,881944ae
2026-04-11,fdtd,917287f5
2026-04-11,fdtd,93d391d2
2026-04-11,fdtd,94bf258d
2026-04-11,fdtd,96762352
2026-04-11,fdtd,97e08f0b
2026-04-11,fdtd,9a9cd32f
2026-04-11,fdtd,a037a614
2026-04-11,fdtd,ab5d53a4
2026-04-11,fdtd,afe4ebf5
2026-04-11,fdtd,b1b602e8
2026-04-11,fdtd,b5da39e9
2026-04-11,fdtd,b7592463
2026-04-11,fdtd,bcbe055e
2026-04-11,fdtd,c326cb5f
2026-04-11,fdtd,cb7f5f8f
2026-04-11,fdtd,cf14ff59
2026-04-11,fdtd,d017b07c
2026-04-11,fdtd,da3ed032
2026-04-11,fdtd,e3f88cca
2026-04-11,fdtd,e744923d
2026-04-11,fdtd,eda92ae5
2026-04-11,fdtd,f2217dc0
2026-04-11,fdtd,f6248f51
2026-04-11,fdtd,fc8532a3
2026-04-12,fdtd,01ec92ec
2026-04-12,fdtd,03ee135d
2026-04-12,fdtd,23fd2ea4
2026-04-12,fdtd,242c1471
2026-04-12,fdtd,2afc3068
2026-04-12,fdtd,35161d79
2026-04-12,fdtd,47c060ba
2026-04-12,fdtd,4ce152a6
2026-04-12,fdtd,54c6eb45
2026-04-12,fdtd,5f2342a2
2026-04-12,fdtd,6149a7e0
2026-04-12,fdtd,63a3c7b5
2026-04-12,fdtd,6404d19a
2026-04-12,fdtd,71b87e86
2026-04-12,fdtd,7d44dfd2
2026-04-12,fdtd,8978682f
2026-04-12,fdtd,96a433aa
2026-04-12,fdtd,a063fc49
2026-04-12,fdtd,af58423a
2026-04-12,fdtd,c56a6aaf
2026-04-12,fdtd,c7fd5ec2
2026-04-12,fdtd,d4026ca4
2026-04-12,fdtd,ee931551
2026-04-12,fdtd,f045c6aa
2026-04-12,fdtd,f0fc1817
2026-04-12,fdtd,f25cdffd
2026-04-13,fdtd,0f229333
2026-04-13,fdtd,10b127c0
2026-04-13,fdtd,1e250c66
2026-04-13,fdtd,2f9fa8fc
2026-04-13,fdtd,346c0369
2026-04-13,fdtd,46ddc158
2026-04-13,fdtd,487f77ee
2026-04-13,fdtd,5492adc4
2026-04-13,fdtd,647c8e24
2026-04-13,fdtd,66e4c948
2026-04-13,fdtd,6cc7854b
2026-04-13,fdtd,6e9aefe6
2026-04-13,fdtd,7ba2c889
2026-04-13,fdtd,957fa4d1
2026-04-13,fdtd,9582dc8d
2026-04-13,fdtd,aec7440c
2026-04-13,fdtd,b3b732f7
2026-04-13,fdtd,be6c835d
2026-04-13,fdtd,c2d94716
2026-04-13,fdtd,c38b9d9e
2026-04-13,fdtd,d3bb31f2
2026-04-13,fdtd,d4a189a0
2026-04-13,fdtd,dcb21b52
2026-04-13,fdtd,e52a7b76
2026-04-13,fdtd,ee7475a4
2026-04-13,fdtd,fbe61a50
2026-04-14,fdtd,077079e8
2026-04-14,fdtd,0f1786d9
2026-04-14,fdtd,15c1c49f
2026-04-14,fdtd,1e57f837
2026-04-14,fdtd,21dee171
2026-04-14,fdtd,2242c1e9
2026-04-14,fdtd,274c4c18
2026-04-14,fdtd,28243b1c
2026-04-14,fdtd,2d732103
2026-04-14,fdtd,2e858b9e
2026-04-14,fdtd,34269413
2026-04-14,fdtd,3709c4c2
2026-04-14,fdtd,392df9ac
2026-04-14,fdtd,3d74303a
2026-04-14,fdtd,448132ec
2026-04-14,fdtd,499f080e
2026-04-14,fdtd,4c1be564
2026-04-14,fdtd,4c2bc703
2026-04-14,fdtd,510d3ccb
2026-04-14,fdtd,5bb82d19
2026-04-14,fdtd,60d984dc
2026-04-14,fdtd,615af79f
2026-04-14,fdtd,62da5f69
2026-04-14,fdtd,63df065c
2026-04-14,fdtd,68cec74a
2026-04-14,fdtd,6fabaf56
2026-04-14,fdtd,6ffe450d
2026-04-14,fdtd,77e4c5da
2026-04-14,fdtd,7c6e8a4e
2026-04-14,fdtd,7f3dd78a
2026-04-14,fdtd,80e75bb7
2026-04-14,fdtd,83a1ef98
2026-04-14,fdtd,98cea2b0
2026-04-14,fdtd,a96275ed
2026-04-14,fdtd,aa6db1a3
2026-04-14,fdtd,b37c538e
2026-04-14,fdtd,b468afe5
2026-04-14,fdtd,c8f05464
2026-04-14,fdtd,c9e60576
2026-04-14,fdtd,cc0515c0
2026-04-14,fdtd,d1734c0b
2026-04-14,fdtd,d5be0938
2026-04-14,fdtd,e18ba16d
2026-04-14,fdtd,e279226a
2026-04-14,fdtd,e54ebd3a
2026-04-14,fdtd,e8c84b3d
2026-04-14,fdtd,ebd2cd4f
2026-04-14,fdtd,f7462c85
2026-04-14,fdtd,f972c582
2026-04-14,fdtd,fdef72a4
2026-04-14,fdtd,fe343b3f
2026-04-14,fdtd,fe68ff4e
2026-04-15,fdtd,55ae1866
2026-04-15,fdtd,a14db34a
2026-04-15,fdtd,b831cde9
2026-04-15,fdtd,bd43b72f
2026-04-15,fdtd,e341d2ae
2026-04-15,fdtd,f4a092ea
2026-04-15,fdtd,fbcfe3c7
2026-04-16,fdtd,30beb5e0
2026-04-16,fdtd,8fac5374
2026-04-16,fdtd,d8a72f53
2026-04-20,fdtd,024b5429
2026-04-20,fdtd,04494cc2
2026-04-20,fdtd,0848d690
2026-04-20,fdtd,0baaab77
2026-04-20,fdtd,12a4d1b3
2026-04-20,fdtd,16fa286a
2026-04-20,fdtd,18de88bc
2026-04-20,fdtd,1b42d100
2026-04-20,fdtd,1d4ecd21
2026-04-20,fdtd,21964a5f
2026-04-20,fdtd,382b4251
2026-04-20,fdtd,3830de49
2026-04-20,fdtd,3ba55b3f
2026-04-20,fdtd,3d9b25e7
2026-04-20,fdtd,419c824e
2026-04-20,fdtd,424ccdeb
2026-04-20,fdtd,51d17fea
2026-04-20,fdtd,585e826b
2026-04-20,fdtd,5cc7da5d
2026-04-20,fdtd,65bcb29d
2026-04-20,fdtd,6ae72700
2026-04-20,fdtd,6d6ec30c
2026-04-20,fdtd,709f9851
2026-04-20,fdtd,7c316775
2026-04-20,fdtd,7f41ef93
2026-04-20,fdtd,8aa1e321
2026-04-20,fdtd,949dfc89
2026-04-20,fdtd,94dd8500
2026-04-20,fdtd,96cb9c72
2026-04-20,fdtd,9a3e75f5
2026-04-20,fdtd,9d32d158
2026-04-20,fdtd,a4021655
2026-04-20,fdtd,a6e04a71
2026-04-20,fdtd,a6f23a40
2026-04-20,fdtd,a7b2f11c
2026-04-20,fdtd,a7ec3ce8
2026-04-20,fdtd,aaf7cf22
2026-04-20,fdtd,accc1320
2026-04-20,fdtd,ade9eb0c
2026-04-20,fdtd,b33e3079
2026-04-20,fdtd,b37a1c0f
2026-04-20,fdtd,b51dc14e
2026-04-20,fdtd,b7fed7c4
2026-04-20,fdtd,c29215f5
2026-04-20,fdtd,cb263e63
2026-04-20,fdtd,cb8ef47e
2026-04-20,fdtd,cba55371
2026-04-20,fdtd,cfb23a72
2026-04-20,fdtd,d90c2511
2026-04-20,fdtd,da9c7d5e
2026-04-20,fdtd,de505c2b
2026-04-20,fdtd,e06bc1a3
2026-04-20,fdtd,eb0ee16f
2026-04-20,fdtd,ec16ace9
2026-04-20,fdtd,ef2f4d44
2026-04-20,fdtd,f3860f54
2026-04-20,fdtd,fb2b3718
2026-04-21,fdtd,01f2f49c
2026-04-21,fdtd,01fbc208
2026-04-21,fdtd,03549f45
2026-04-21,fdtd,04879970
2026-04-21,fdtd,04dbc8eb
2026-04-21,fdtd,06b93397
2026-04-21,fdtd,07c002cb
2026-04-21,fdtd,09f9928d
2026-04-21,fdtd,0e43c5b7
2026-04-21,fdtd,0f4f3fab
2026-04-21,fdtd,15129022
2026-04-21,fdtd,18ec6c0b
2026-04-21,fdtd,1a1d3903
2026-04-21,fdtd,1e68984a
2026-04-21,fdtd,233eb82f
2026-04-21,fdtd,2347b7e6
2026-04-21,fdtd,279c90d4
2026-04-21,fdtd,2847e3a9
2026-04-21,fdtd,33e3c34f
2026-04-21,fdtd,37d284ee
2026-04-21,fdtd,39839bfc
2026-04-21,fdtd,3bb2422e
2026-04-21,fdtd,3caa2fa6
2026-04-21,fdtd,4311ae3f
2026-04-21,fdtd,44064666
2026-04-21,fdtd,4ccfcf35
2026-04-21,fdtd,4d1e60fe
2026-04-21,fdtd,4d540c84
2026-04-21,fdtd,50fa9ad9
2026-04-21,fdtd,5176d560
2026-04-21,fdtd,5305daf5
2026-04-21,fdtd,559c6131
2026-04-21,fdtd,55d4290c
2026-04-21,fdtd,5b2a6d1f
2026-04-21,fdtd,5b893994
2026-04-21,fdtd,5c3ee265
2026-04-21,fdtd,5e9e133b
2026-04-21,fdtd,6291436f
2026-04-21,fdtd,67455925
2026-04-21,fdtd,6d79b89b
2026-04-21,fdtd,6db38092
2026-04-21,fdtd,7189b0d7
2026-04-21,fdtd,78cf7ac7
2026-04-21,fdtd,814cf716
2026-04-21,fdtd,899cba15
2026-04-21,fdtd,8bf9bece
2026-04-21,fdtd,93609a2f
2026-04-21,fdtd,a0f8627d
2026-04-21,fdtd,a3006fbd
2026-04-21,fdtd,a38727ab
2026-04-21,fdtd,acd2d89a
2026-04-21,fdtd,aea8e7e3
2026-04-21,fdtd,afcf4b6b
2026-04-21,fdtd,b2bb7267
2026-04-21,fdtd,b685c30c
2026-04-21,fdtd,b9405666
2026-04-21,fdtd,ba4ef1ea
2026-04-21,fdtd,ba8e4a3d
2026-04-21,fdtd,bab786cf
2026-04-21,fdtd,bdbe3e64
2026-04-21,fdtd,c28ade0c
2026-04-21,fdtd,c5afe927
2026-04-21,fdtd,c78a6a16
2026-04-21,fdtd,cb392c05
2026-04-21,fdtd,cb4ed459
2026-04-21,fdtd,cc16de65
2026-04-21,fdtd,cee9e526
2026-04-21,fdtd,d73d13da
2026-04-21,fdtd,d7b1602f
2026-04-21,fdtd,dfce0626
2026-04-21,fdtd,e473c645
2026-04-21,fdtd,e5c74bb8
2026-04-21,fdtd,f086b3b2
2026-04-21,fdtd,f17cb06f
2026-04-21,fdtd,f422ff7a
2026-04-21,fdtd,f8ad72f1
2026-04-21,fdtd,fff73f6c
2026-04-22,fdtd,00ccac34
2026-04-22,fdtd,0263f4cd
2026-04-22,fdtd,0515b209
2026-04-22,fdtd,06c10eff
2026-04-22,fdtd,0b468eb3
2026-04-22,fdtd,13dba575
2026-04-22,fdtd,15375616
2026-04-22,fdtd,15c09ec2
2026-04-22,fdtd,17d0c50d
2026-04-22,fdtd,1942ae80
2026-04-22,fdtd,1eaa930f
2026-04-22,fdtd,209e3a22
2026-04-22,fdtd,218f14e2
2026-04-22,fdtd,2463b7a5
2026-04-22,fdtd,2545732c
2026-04-22,fdtd,27dd423f
2026-04-22,fdtd,2b16e515
2026-04-22,fdtd,2cedcd61
2026-04-22,fdtd,38155431
2026-04-22,fdtd,3a3a9ef4
2026-04-22,fdtd,3e054e28
2026-04-22,fdtd,46a00b52
2026-04-22,fdtd,4c4ac713
2026-04-22,fdtd,509a48c1
2026-04-22,fdtd,550a05b6
2026-04-22,fdtd,5c200731
2026-04-22,fdtd,5f816acf
2026-04-22,fdtd,626717a1
2026-04-22,fdtd,685cbdd4
2026-04-22,fdtd,6b38ff61
2026-04-22,fdtd,6dd8bd94
2026-04-22,fdtd,7bad249e
2026-04-22,fdtd,7c67dee9
2026-04-22,fdtd,87b185b3
2026-04-22,fdtd,8b9cf536
2026-04-22,fdtd,8f224ea9
2026-04-22,fdtd,918be366
2026-04-22,fdtd,98ab840a
2026-04-22,fdtd,99bbf306
2026-04-22,fdtd,9efe9e1a
2026-04-22,fdtd,a2e334d5
2026-04-22,fdtd,a6a27b08
2026-04-22,fdtd,a8f2ef72
2026-04-22,fdtd,ac83e440
2026-04-22,fdtd,ad6a1b2c
2026-04-22,fdtd,b16a0a47
2026-04-22,fdtd,b2f63175
2026-04-22,fdtd,b4232d43
2026-04-22,fdtd,b4ba57cd
2026-04-22,fdtd,bc7d0594
2026-04-22,fdtd,bcfb2313
2026-04-22,fdtd,be0c7529
2026-04-22,fdtd,be6b2c27
2026-04-22,fdtd,c1c5ff1b
2026-04-22,fdtd,c7fb9f56
2026-04-22,fdtd,ccb73f7c
2026-04-22,fdtd,cf94b7af
2026-04-22,fdtd,d673d1ee
2026-04-22,fdtd,d8fd59dd
2026-04-22,fdtd,e161158f
2026-04-22,fdtd,e1b0846c
2026-04-22,fdtd,e27ab24d
2026-04-22,fdtd,e971137b
2026-04-22,fdtd,e9c4ae4a
2026-04-22,fdtd,ebc36580
2026-04-22,fdtd,ec9abeca
2026-04-22,fdtd,eddf333e
2026-04-22,fdtd,f2741e70
2026-04-22,fdtd,f88ded5b
2026-04-22,fdtd,ff7e0d60
2026-04-23,fdtd,0007cd83
2026-04-23,fdtd,007ed95e
2026-04-23,fdtd,009fe451
2026-04-23,fdtd,02e94888
2026-04-23,fdtd,02ffeb2d
2026-04-23,fdtd,03b5b393
2026-04-23,fdtd,0445095f
2026-04-23,fdtd,047da924
2026-04-23,fdtd,06e86819
2026-04-23,fdtd,070d953b
2026-04-23,fdtd,07c9dabd
2026-04-23,fdtd,07fd9b07
2026-04-23,fdtd,0829fa72
2026-04-23,fdtd,09d00671
2026-04-23,fdtd,0a15f84c
2026-04-23,fdtd,0a36a883
2026-04-23,fdtd,0c3d47d9
2026-04-23,fdtd,0ce37ae3
2026-04-23,fdtd,0e925d96
2026-04-23,fdtd,0e9b8220
2026-04-23,fdtd,0f8553a1
2026-04-23,fdtd,0fe78ed7
2026-04-23,fdtd,102229f2
2026-04-23,fdtd,10af16b4
2026-04-23,fdtd,121d5aa1
2026-04-23,fdtd,121fa612
2026-04-23,fdtd,127200e9
2026-04-23,fdtd,12adf059
2026-04-23,fdtd,12ee8141
2026-04-23,fdtd,13f2e9b6
2026-04-23,fdtd,146333bc
2026-04-23,fdtd,1478b919
2026-04-23,fdtd,1525779c
2026-04-23,fdtd,16588f27
2026-04-23,fdtd,17017e3e
2026-04-23,fdtd,18bc9178
2026-04-23,fdtd,1952168c
2026-04-23,fdtd,1963da49
2026-04-23,fdtd,19f14795
2026-04-23,fdtd,1b221279
2026-04-23,fdtd,1bb28669
2026-04-23,fdtd,1d13d474
2026-04-23,fdtd,1d85528f
2026-04-23,fdtd,1da6298b
2026-04-23,fdtd,1dfdece3
2026-04-23,fdtd,1edb4bc1
2026-04-23,fdtd,1f31fb39
2026-04-23,fdtd,1f72ba2d
2026-04-23,fdtd,2015d984
2026-04-23,fdtd,20a48fc3
2026-04-23,fdtd,211eb16c
2026-04-23,fdtd,21ae6b0e
2026-04-23,fdtd,21d8c3f7
2026-04-23,fdtd,21e44346
2026-04-23,fdtd,21e90fd1
2026-04-23,fdtd,227c4d63
2026-04-23,fdtd,22a93b70
2026-04-23,fdtd,2397e19f
2026-04-23,fdtd,23cd856a
2026-04-23,fdtd,25101d0d
2026-04-23,fdtd,25bb00d3
2026-04-23,fdtd,26590e35
2026-04-23,fdtd,283ecbb0
2026-04-23,fdtd,291e5d27
2026-04-23,fdtd,2a097c01
2026-04-23,fdtd,2a577558
2026-04-23,fdtd,2aad8eaf
2026-04-23,fdtd,2b729054
2026-04-23,fdtd,2c364ad7
2026-04-23,fdtd,2c50808f
2026-04-23,fdtd,2c5b1f5a
2026-04-23,fdtd,2d03d306
2026-04-23,fdtd,2d3edbcc
2026-04-23,fdtd,2d46b613
2026-04-23,fdtd,2ddd23a0
2026-04-23,fdtd,2decd829
2026-04-23,fdtd,2f6310ba
2026-04-23,fdtd,2fa3d1fa
2026-04-23,fdtd,2fc9b548
2026-04-23,fdtd,2ff7bc2f
2026-04-23,fdtd,329074d4
2026-04-23,fdtd,32a0bc0c
2026-04-23,fdtd,32b84d4d
2026-04-23,fdtd,32ce42e3
2026-04-23,fdtd,33a7ba68
2026-04-23,fdtd,33d7fa76
2026-04-23,fdtd,3400ce4b
2026-04-23,fdtd,34f0032d
2026-04-23,fdtd,36daa11a
2026-04-23,fdtd,37842a06
2026-04-23,fdtd,3875b9ab
2026-04-23,fdtd,38c59c4a
2026-04-23,fdtd,39bba0f2
2026-04-23,fdtd,39d130f3
2026-04-23,fdtd,3a35464a
2026-04-23,fdtd,3a419210
2026-04-23,fdtd,3a74de70
2026-04-23,fdtd,3a80ad82
2026-04-23,fdtd,3ae6d71a
2026-04-23,fdtd,3be5b945
2026-04-23,fdtd,3bffc91e
2026-04-23,fdtd,3c94619a
2026-04-23,fdtd,3c9acee5
2026-04-23,fdtd,3d65e612
2026-04-23,fdtd,3d874070
2026-04-23,fdtd,3db15ebc
2026-04-23,fdtd,3e0a13df
2026-04-23,fdtd,3e5e1536
2026-04-23,fdtd,3f2cf763
2026-04-23,fdtd,3f971e43
2026-04-23,fdtd,3fc99cdc
2026-04-23,fdtd,407c0a94
2026-04-23,fdtd,4107a4f8
2026-04-23,fdtd,41471a8c
2026-04-23,fdtd,41791020
2026-04-23,fdtd,41c769d5
2026-04-23,fdtd,41da5d6f
2026-04-23,fdtd,42b54688
2026-04-23,fdtd,4376411a
2026-04-23,fdtd,43e39dc3
2026-04-23,fdtd,43ea5753
2026-04-23,fdtd,44e271de
2026-04-23,fdtd,4577aee3
2026-04-23,fdtd,4579715f
2026-04-23,fdtd,45895cff
2026-04-23,fdtd,45ff5acc
2026-04-23,fdtd,469a554e
2026-04-23,fdtd,46abbb8f
2026-04-23,fdtd,473e546c
2026-04-23,fdtd,47a28723
2026-04-23,fdtd,47c28dbd
2026-04-23,fdtd,47f01a7b
2026-04-23,fdtd,490eb5ad
2026-04-23,fdtd,49707c68
2026-04-23,fdtd,4a87c582
2026-04-23,fdtd,4aa77757
2026-04-23,fdtd,4adacb05
2026-04-23,fdtd,4b59da8a
2026-04-23,fdtd,4bc618e4
2026-04-23,fdtd,4c2217eb
2026-04-23,fdtd,4cac5ba5
2026-04-23,fdtd,4cb18c49
2026-04-23,fdtd,4ce8121b
2026-04-23,fdtd,4d073f46
2026-04-23,fdtd,4dad33b0
2026-04-23,fdtd,4db9d96e
2026-04-23,fdtd,4e845108
2026-04-23,fdtd,4ea80462
2026-04-23,fdtd,5100b516
2026-04-23,fdtd,511cfb58
2026-04-23,fdtd,5124d364
2026-04-23,fdtd,514cee63
2026-04-23,fdtd,52ecf428
2026-04-23,fdtd,53c7be82
2026-04-23,fdtd,54292d95
2026-04-23,fdtd,5499ac06
2026-04-23,fdtd,5550472a
2026-04-23,fdtd,5637d8d5
2026-04-23,fdtd,56d8b48b
2026-04-23,fdtd,590ffee7
2026-04-23,fdtd,59280434
2026-04-23,fdtd,598541d7
2026-04-23,fdtd,598706b4
2026-04-23,fdtd,59a6bec3
2026-04-23,fdtd,59b301a4
2026-04-23,fdtd,5a33df7e
2026-04-23,fdtd,5a75cfc7
2026-04-23,fdtd,5ac0bb6e
2026-04-23,fdtd,5acbfc7f
2026-04-23,fdtd,5b8a6fad
2026-04-23,fdtd,5ba4ee4a
2026-04-23,fdtd,5c6a7eb8
2026-04-23,fdtd,5ce302ca
2026-04-23,fdtd,5cf2291a
2026-04-23,fdtd,5d7e0adc
2026-04-23,fdtd,5d8523dc
2026-04-23,fdtd,5e106da8
2026-04-23,fdtd,5e6158a2
2026-04-23,fdtd,5f154b4b
2026-04-23,fdtd,60655671
2026-04-23,fdtd,60fca880
2026-04-23,fdtd,611cc2d7
2026-04-23,fdtd,61c44e88
2026-04-23,fdtd,625c31e4
2026-04-23,fdtd,62ad273f
2026-04-23,fdtd,631af455
2026-04-23,fdtd,63b5ef52
2026-04-23,fdtd,6402d103
2026-04-23,fdtd,65d3630a
2026-04-23,fdtd,65f4c2f1
2026-04-23,fdtd,67125b40
2026-04-23,fdtd,67a76e16
2026-04-23,fdtd,6855b991
2026-04-23,fdtd,68e1297d
2026-04-23,fdtd,69c61774
2026-04-23,fdtd,69f23f40
2026-04-23,fdtd,69f47ef8
2026-04-23,fdtd,6a6afa5d
2026-04-23,fdtd,6a9eec7c
2026-04-23,fdtd,6b60a2a1
2026-04-23,fdtd,6bc5b2fb
2026-04-23,fdtd,6bf2012c
2026-04-23,fdtd,6d96eab1
2026-04-23,fdtd,6e2c5354
2026-04-23,fdtd,6e574b9e
2026-04-23,fdtd,6ebbaa83
2026-04-23,fdtd,6f88c504
2026-04-23,fdtd,6fcdbf5b
2026-04-23,fdtd,6fe8bdbc
2026-04-23,fdtd,6ff08ba0
2026-04-23,fdtd,70e838c0
2026-04-23,fdtd,71767dcf
2026-04-23,fdtd,72503d81
2026-04-23,fdtd,741d0968
2026-04-23,fdtd,7534cd65
2026-04-23,fdtd,7564dcc6
2026-04-23,fdtd,764e4a6b
2026-04-23,fdtd,76655d6c
2026-04-23,fdtd,76fe0897
2026-04-23,fdtd,77a08edb
2026-04-23,fdtd,77cfb890
2026-04-23,fdtd,77fe71cb
2026-04-23,fdtd,78c55692
2026-04-23,fdtd,78fb6ba7
2026-04-23,fdtd,7914e5bf
2026-04-23,fdtd,7975c06f
2026-04-23,fdtd,7a32fb1b
2026-04-23,fdtd,7b204703
2026-04-23,fdtd,7c4f4be7
2026-04-23,fdtd,7dd589a2
2026-04-23,fdtd,7e6189a1
2026-04-23,fdtd,7ea0f3db
2026-04-23,fdtd,7eb35fcd
2026-04-23,fdtd,7f905cc5
2026-04-23,fdtd,803f0c90
2026-04-23,fdtd,805845fc
2026-04-23,fdtd,80a07c88
2026-04-23,fdtd,80ae1ab5
2026-04-23,fdtd,8199f466
2026-04-23,fdtd,8486f021
2026-04-23,fdtd,84bf0603
2026-04-23,fdtd,84c09314
2026-04-23,fdtd,84e709b8
2026-04-23,fdtd,856153a4
2026-04-23,fdtd,86443ea8
2026-04-23,fdtd,866b4a95
2026-04-23,fdtd,872a43dd
2026-04-23,fdtd,87e397c8
2026-04-23,fdtd,88bb2206
2026-04-23,fdtd,890abfac
2026-04-23,fdtd,8982fe7e
2026-04-23,fdtd,8a2615a7
2026-04-23,fdtd,8b6d4bdd
2026-04-23,fdtd,8b841692
2026-04-23,fdtd,8bff062b
2026-04-23,fdtd,8c0e893f
2026-04-23,fdtd,8c3d583c
2026-04-23,fdtd,8c5cd9aa
2026-04-23,fdtd,8d21fa8f
2026-04-23,fdtd,8d22bf46
2026-04-23,fdtd,8d92c6de
2026-04-23,fdtd,8e43f4eb
2026-04-23,fdtd,8f56a7ca
2026-04-23,fdtd,8fae73af
2026-04-23,fdtd,902da085
2026-04-23,fdtd,90a10e8a
2026-04-23,fdtd,9152c888
2026-04-23,fdtd,9235dfa7
2026-04-23,fdtd,9290d170
2026-04-23,fdtd,92b42ce3
2026-04-23,fdtd,92c86b64
2026-04-23,fdtd,92d8540b
2026-04-23,fdtd,94dd1c29
2026-04-23,fdtd,95c4aea5
2026-04-23,fdtd,9756f57e
2026-04-23,fdtd,97caac42
2026-04-23,fdtd,98058be6
2026-04-23,fdtd,98ca047e
2026-04-23,fdtd,98d1794e
2026-04-23,fdtd,993aba8f
2026-04-23,fdtd,995928bb
2026-04-23,fdtd,99853f22
2026-04-23,fdtd,9adefe71
2026-04-23,fdtd,9b2f7a9a
2026-04-23,fdtd,9b802998
2026-04-23,fdtd,9cb9632b
2026-04-23,fdtd,9f661c44
2026-04-23,fdtd,9fcffa0b
2026-04-23,fdtd,a05a6d7a
2026-04-23,fdtd,a1abe914
2026-04-23,fdtd,a1bcb798
2026-04-23,fdtd,a30d9df9
2026-04-23,fdtd,a313ca86
2026-04-23,fdtd,a34f3377
2026-04-23,fdtd,a4096faf
2026-04-23,fdtd,a5b278c0
2026-04-23,fdtd,a705d585
2026-04-23,fdtd,a792066c
2026-04-23,fdtd,a86f329a
2026-04-23,fdtd,a89ee487
2026-04-23,fdtd,aa0e8519
2026-04-23,fdtd,aa10020f
2026-04-23,fdtd,aa8ef4b5
2026-04-23,fdtd,aac5b2f9
2026-04-23,fdtd,ab2f6957
2026-04-23,fdtd,ab3b23f5
2026-04-23,fdtd,ab68e7d7
2026-04-23,fdtd,abcfb113
2026-04-23,fdtd,ac0c5b04
2026-04-23,fdtd,ac39f24e
2026-04-23,fdtd,acd9908a
2026-04-23,fdtd,ad41f9ea
2026-04-23,fdtd,add17209
2026-04-23,fdtd,add513f5
2026-04-23,fdtd,ae59043b
2026-04-23,fdtd,ae74f4c4
2026-04-23,fdtd,b0154d36
2026-04-23,fdtd,b03bac55
2026-04-23,fdtd,b08bb6f2
2026-04-23,fdtd,b1bdf015
2026-04-23,fdtd,b2ed4397
2026-04-23,fdtd,b386e8b5
2026-04-23,fdtd,b3b34145
2026-04-23,fdtd,b4bfe972
2026-04-23,fdtd,b5248840
2026-04-23,fdtd,b6313188
2026-04-23,fdtd,b6ee7d38
2026-04-23,fdtd,b6eebc55
2026-04-23,fdtd,b716de1c
2026-04-23,fdtd,b7f50cfd
2026-04-23,fdtd,b83226da
2026-04-23,fdtd,b87f73a8
2026-04-23,fdtd,b9433362
2026-04-23,fdtd,b94e3be6
2026-04-23,fdtd,b96a9d36
2026-04-23,fdtd,b9e2cb41
2026-04-23,fdtd,bc40d0fe
2026-04-23,fdtd,bdac1a37
2026-04-23,fdtd,bdca1580
2026-04-23,fdtd,be1e3d0b
2026-04-23,fdtd,bf5c6497
2026-04-23,fdtd,bf754721
2026-04-23,fdtd,c1b41e3d
2026-04-23,fdtd,c2202ec0
2026-04-23,fdtd,c238d91b
2026-04-23,fdtd,c3727876
2026-04-23,fdtd,c3b386ba
2026-04-23,fdtd,c3c75909
2026-04-23,fdtd,c3e90cdb
2026-04-23,fdtd,c46468a9
2026-04-23,fdtd,c5807db0
2026-04-23,fdtd,c5fc5b62
2026-04-23,fdtd,c5ffab85
2026-04-23,fdtd,c617aa90
2026-04-23,fdtd,c62b8b92
2026-04-23,fdtd,c67d3c94
2026-04-23,fdtd,c6bf38e6
2026-04-23,fdtd,c6dcc904
2026-04-23,fdtd,c6dff4eb
2026-04-23,fdtd,c74bde8a
2026-04-23,fdtd,c7a429b2
2026-04-23,fdtd,c7ab8c28
2026-04-23,fdtd,c91bc325
2026-04-23,fdtd,c9208747
2026-04-23,fdtd,c925daf7
2026-04-23,fdtd,c9824581
2026-04-23,fdtd,ca3fca6b
2026-04-23,fdtd,caac5025
2026-04-23,fdtd,cbb98d1f
2026-04-23,fdtd,cc838e23
2026-04-23,fdtd,cca373f2
2026-04-23,fdtd,ccb05ff6
2026-04-23,fdtd,ccd8078c
2026-04-23,fdtd,cd3b2caa
2026-04-23,fdtd,cd968ea7
2026-04-23,fdtd,cd9b62b3
2026-04-23,fdtd,cdd60261
2026-04-23,fdtd,cdfb491f
2026-04-23,fdtd,ce79a0dc
2026-04-23,fdtd,cf0b7280
2026-04-23,fdtd,d01d7658
2026-04-23,fdtd,d05fb21f
2026-04-23,fdtd,d113e5e0
2026-04-23,fdtd,d11fdfcb
2026-04-23,fdtd,d15b01c4
2026-04-23,fdtd,d1b13f65
2026-04-23,fdtd,d1b1ff7e
2026-04-23,fdtd,d22d9df5
2026-04-23,fdtd,d22ed8f6
2026-04-23,fdtd,d25c8cc5
2026-04-23,fdtd,d28f6ac7
2026-04-23,fdtd,d3176fbe
2026-04-23,fdtd,d364a299
2026-04-23,fdtd,d4354d4d
2026-04-23,fdtd,d4cd02ca
2026-04-23,fdtd,d581252b
2026-04-23,fdtd,d5d63b22
2026-04-23,fdtd,d6125ac0
2026-04-23,fdtd,d69ff939
2026-04-23,fdtd,d6b682c9
2026-04-23,fdtd,d6e9d0a7
2026-04-23,fdtd,d7d7822d
2026-04-23,fdtd,d81c5aec
2026-04-23,fdtd,d89305ea
2026-04-23,fdtd,d90f0bf6
2026-04-23,fdtd,d944abfe
2026-04-23,fdtd,d955b166
2026-04-23,fdtd,d98a2513
2026-04-23,fdtd,da04418e
2026-04-23,fdtd,da65602a
2026-04-23,fdtd,dbe07386
2026-04-23,fdtd,dbe5082a
2026-04-23,fdtd,dc729bf9
2026-04-23,fdtd,dd6ca44a
2026-04-23,fdtd,dd7816d1
2026-04-23,fdtd,de6b3709
2026-04-23,fdtd,defdc1a3
2026-04-23,fdtd,df2c6dba
2026-04-23,fdtd,df2cf16d
2026-04-23,fdtd,df4791a0
2026-04-23,fdtd,df5889fd
2026-04-23,fdtd,dfaa56bb
2026-04-23,fdtd,dfb2bead
2026-04-23,fdtd,e0d7ffd8
2026-04-23,fdtd,e151f0de
2026-04-23,fdtd,e1d5b29f
2026-04-23,fdtd,e2ca44b7
2026-04-23,fdtd,e2ebb355
2026-04-23,fdtd,e3d797ab
2026-04-23,fdtd,e426fbad
2026-04-23,fdtd,e4974506
2026-04-23,fdtd,e5a3dedb
2026-04-23,fdtd,e5cbbcb9
2026-04-23,fdtd,e5d4a3a0
2026-04-23,fdtd,e656b1ca
2026-04-23,fdtd,e6ed5d01
2026-04-23,fdtd,e6f18afc
2026-04-23,fdtd,e6f45f9a
2026-04-23,fdtd,e764180e
2026-04-23,fdtd,e76f422c
2026-04-23,fdtd,e833ad58
2026-04-23,fdtd,e8ccc08f
2026-04-23,fdtd,e990fb64
2026-04-23,fdtd,e9b97462
2026-04-23,fdtd,e9f88690
2026-04-23,fdtd,ea8690fe
2026-04-23,fdtd,ea894ac1
2026-04-23,fdtd,eac16bac
2026-04-23,fdtd,eb0e0dd7
2026-04-23,fdtd,ee5de783
2026-04-23,fdtd,eea837be
2026-04-23,fdtd,efb212f1
2026-04-23,fdtd,f02c81d3
2026-04-23,fdtd,f076387d
2026-04-23,fdtd,f0cf9716
2026-04-23,fdtd,f0d27a25
2026-04-23,fdtd,f125b8dc
2026-04-23,fdtd,f12d99a9
2026-04-23,fdtd,f1a77f02
2026-04-23,fdtd,f395daa6
2026-04-23,fdtd,f48b22e5
2026-04-23,fdtd,f4d9a3ac
2026-04-23,fdtd,f52e898a
2026-04-23,fdtd,f57613f5
2026-04-23,fdtd,f5971f5b
2026-04-23,fdtd,f5e79eb0
2026-04-23,fdtd,f60877c9
2026-04-23,fdtd,f8144cc1
2026-04-23,fdtd,f8f5f28c
2026-04-23,fdtd,f8fefbfa
2026-04-23,fdtd,f947d8bf
2026-04-23,fdtd,f990d6f8
2026-04-23,fdtd,f99f8a8e
2026-04-23,fdtd,fa864ba6
2026-04-23,fdtd,fa9acb42
2026-04-23,fdtd,facd8e28
2026-04-23,fdtd,fca1e7b7
2026-04-23,fdtd,fcfaa99a
2026-04-23,fdtd,fd5fc2c0
2026-04-23,fdtd,fe9e4927
2026-04-23,fdtd,fef850d0
2026-04-23,fdtd,ff6029a9
2026-04-23,fdtd,ffa1672d
2026-04-23,fdtd,ffcfe2c0
2026-04-24,fdtd,0290c2c7
2026-04-24,fdtd,02fcb9e6
2026-04-24,fdtd,03253b3f
2026-04-24,fdtd,03259613
2026-04-24,fdtd,032c7d04
2026-04-24,fdtd,032d9828
2026-04-24,fdtd,03de7097
2026-04-24,fdtd,043d3153
2026-04-24,fdtd,047964a4
2026-04-24,fdtd,065c3321
2026-04-24,fdtd,0757280c
2026-04-24,fdtd,07dae109
2026-04-24,fdtd,082b4a68
2026-04-24,fdtd,086a3467
2026-04-24,fdtd,08a2c609
2026-04-24,fdtd,08d459f0
2026-04-24,fdtd,090d7620
2026-04-24,fdtd,0a821bb1
2026-04-24,fdtd,0a84f277
2026-04-24,fdtd,0a879f11
2026-04-24,fdtd,0aa1b50e
2026-04-24,fdtd,0bd1f480
2026-04-24,fdtd,0be1d6f6
2026-04-24,fdtd,0ce5092b
2026-04-24,fdtd,0dd0e549
2026-04-24,fdtd,0ebbc6e7
2026-04-24,fdtd,0f4b3720
2026-04-24,fdtd,0f5b0710
2026-04-24,fdtd,0f80126a
2026-04-24,fdtd,100afdfc
2026-04-24,fdtd,10f77702
2026-04-24,fdtd,110acf5c
2026-04-24,fdtd,1110f59b
2026-04-24,fdtd,11c21b2e
2026-04-24,fdtd,11cce254
2026-04-24,fdtd,11f47205
2026-04-24,fdtd,1350fec4
2026-04-24,fdtd,147c606a
2026-04-24,fdtd,14ec05bd
2026-04-24,fdtd,14f9e7b1
2026-04-24,fdtd,15aa6681
2026-04-24,fdtd,15c2e021
2026-04-24,fdtd,16168408
2026-04-24,fdtd,16f8e98e
2026-04-24,fdtd,17a6e5d5
2026-04-24,fdtd,17ced8ec
2026-04-24,fdtd,18199c95
2026-04-24,fdtd,18641dfe
2026-04-24,fdtd,18f4134a
2026-04-24,fdtd,195d7346
2026-04-24,fdtd,1a08e893
2026-04-24,fdtd,1aa37a9d
2026-04-24,fdtd,1ac19e79
2026-04-24,fdtd,1c6f40a3
2026-04-24,fdtd,1c7b2b80
2026-04-24,fdtd,1cccfc8a
2026-04-24,fdtd,1cf4aca1
2026-04-24,fdtd,1d352d0a
2026-04-24,fdtd,1d7847a8
2026-04-24,fdtd,1f6d7697
2026-04-24,fdtd,201520c7
2026-04-24,fdtd,20c25ae6
2026-04-24,fdtd,21237afb
2026-04-24,fdtd,21491593
2026-04-24,fdtd,22e7d31f
2026-04-24,fdtd,23375a80
2026-04-24,fdtd,2349524b
2026-04-24,fdtd,23547705
2026-04-24,fdtd,24f5d44e
2026-04-24,fdtd,260f4cd1
2026-04-24,fdtd,26609148
2026-04-24,fdtd,26648635
2026-04-24,fdtd,2670a498
2026-04-24,fdtd,26bbcca3
2026-04-24,fdtd,26e8e205
2026-04-24,fdtd,272f7f22
2026-04-24,fdtd,2748fd6b
2026-04-24,fdtd,27a1bb6c
2026-04-24,fdtd,27fc899d
2026-04-24,fdtd,2892c199
2026-04-24,fdtd,2895adb5
2026-04-24,fdtd,28d5dc65
2026-04-24,fdtd,29007ab2
2026-04-24,fdtd,29f38f1e
2026-04-24,fdtd,2a2e74a1
2026-04-24,fdtd,2bd9c02e
2026-04-24,fdtd,2c2793c3
2026-04-24,fdtd,2cee9363
2026-04-24,fdtd,2d859f22
2026-04-24,fdtd,2e5512a1
2026-04-24,fdtd,2f33d5d3
2026-04-24,fdtd,300f7da1
2026-04-24,fdtd,3059af43
2026-04-24,fdtd,3086e822
2026-04-24,fdtd,309c6dff
2026-04-24,fdtd,3175f4fc
2026-04-24,fdtd,3188fefd
2026-04-24,fdtd,3207de11
2026-04-24,fdtd,3235f5fb
2026-04-24,fdtd,32f7d8fb
2026-04-24,fdtd,336ac843
2026-04-24,fdtd,35116adb
2026-04-24,fdtd,35997ae6
2026-04-24,fdtd,359eb1a2
2026-04-24,fdtd,37a65446
2026-04-24,fdtd,388a8aed
2026-04-24,fdtd,39694d42
2026-04-24,fdtd,39970688
2026-04-24,fdtd,39caac73
2026-04-24,fdtd,3b587d63
2026-04-24,fdtd,3ba1e2b0
2026-04-24,fdtd,3c49d72f
2026-04-24,fdtd,3cf9458a
2026-04-24,fdtd,3d525c5b
2026-04-24,fdtd,3d7d1ef4
2026-04-24,fdtd,3dc5901b
2026-04-24,fdtd,3e140d4a
2026-04-24,fdtd,3e641665
2026-04-24,fdtd,3ed5fc59
2026-04-24,fdtd,3ed8ad75
2026-04-24,fdtd,40eb5125
2026-04-24,fdtd,41891c9d
2026-04-24,fdtd,41c9e2e6
2026-04-24,fdtd,42110ef4
2026-04-24,fdtd,42b0ebec
2026-04-24,fdtd,4342aa23
2026-04-24,fdtd,4429e150
2026-04-24,fdtd,44995561
2026-04-24,fdtd,44e9690e
2026-04-24,fdtd,450d984b
2026-04-24,fdtd,4558b661
2026-04-24,fdtd,45871a6f
2026-04-24,fdtd,460b7b1a
2026-04-24,fdtd,46295bfc
2026-04-24,fdtd,46bafbad
2026-04-24,fdtd,4937073a
2026-04-24,fdtd,495c959a
2026-04-24,fdtd,4a118bf1
2026-04-24,fdtd,4a6b9069
2026-04-24,fdtd,4ab8e08e
2026-04-24,fdtd,4b2f41b2
2026-04-24,fdtd,4b64b002
2026-04-24,fdtd,4c91c3a1
2026-04-24,fdtd,4cb34e93
2026-04-24,fdtd,4ce0fc15
2026-04-24,fdtd,4e5a4fde
2026-04-24,fdtd,4e7838b3
2026-04-24,fdtd,4e96d79f
2026-04-24,fdtd,4ebabbb3
2026-04-24,fdtd,4f1dd636
2026-04-24,fdtd,4fb37bba
2026-04-24,fdtd,51ad49c1
2026-04-24,fdtd,524de23c
2026-04-24,fdtd,5260c51e
2026-04-24,fdtd,528995d5
2026-04-24,fdtd,54c03512
2026-04-24,fdtd,5541b70b
2026-04-24,fdtd,55615d88
2026-04-24,fdtd,556d07a3
2026-04-24,fdtd,5617ea72
2026-04-24,fdtd,573df695
2026-04-24,fdtd,5742c4f1
2026-04-24,fdtd,583621b0
2026-04-24,fdtd,58ce554f
2026-04-24,fdtd,59073007
2026-04-24,fdtd,59fac528
2026-04-24,fdtd,5a14aded
2026-04-24,fdtd,5a1f065a
2026-04-24,fdtd,5a335b56
2026-04-24,fdtd,5aee7b42
2026-04-24,fdtd,5cf1d07c
2026-04-24,fdtd,5d6df456
2026-04-24,fdtd,5d6f8663
2026-04-24,fdtd,5dd8e9a6
2026-04-24,fdtd,5f9a4a5e
2026-04-24,fdtd,5fbbfa64
2026-04-24,fdtd,61bfd6fd
2026-04-24,fdtd,62e0208a
2026-04-24,fdtd,633a34e4
2026-04-24,fdtd,63d98748
2026-04-24,fdtd,657248dc
2026-04-24,fdtd,65901f30
2026-04-24,fdtd,66820826
2026-04-24,fdtd,66936a36
2026-04-24,fdtd,66d70331
2026-04-24,fdtd,67742223
2026-04-24,fdtd,67bb51ce
2026-04-24,fdtd,68387bf9
2026-04-24,fdtd,6890a122
2026-04-24,fdtd,68f5c565
2026-04-24,fdtd,6923d0f2
2026-04-24,fdtd,69286b80
2026-04-24,fdtd,69ab22a3
2026-04-24,fdtd,69ba40f1
2026-04-24,fdtd,69d93ac0
2026-04-24,fdtd,6a613c24
2026-04-24,fdtd,6aaaf515
2026-04-24,fdtd,6b4c134d
2026-04-24,fdtd,6d7f2954
2026-04-24,fdtd,6e47776b
2026-04-24,fdtd,6e948104
2026-04-24,fdtd,6fd67c95
2026-04-24,fdtd,70050fa3
2026-04-24,fdtd,71350c11
2026-04-24,fdtd,71569a32
2026-04-24,fdtd,72493e04
2026-04-24,fdtd,731dbff8
2026-04-24,fdtd,733f6777
2026-04-24,fdtd,735e8d65
2026-04-24,fdtd,73ffe27b
2026-04-24,fdtd,75094022
2026-04-24,fdtd,757c7b5d
2026-04-24,fdtd,759f39f8
2026-04-24,fdtd,75bf9851
2026-04-24,fdtd,772143e4
2026-04-24,fdtd,7871918a
2026-04-24,fdtd,78f0e393
2026-04-24,fdtd,7a05c137
2026-04-24,fdtd,7a272b03
2026-04-24,fdtd,7a782786
2026-04-24,fdtd,7b31163f
2026-04-24,fdtd,7c12fbbf
2026-04-24,fdtd,7c573ae5
2026-04-24,fdtd,7cf7d65a
2026-04-24,fdtd,7ddec111
2026-04-24,fdtd,7e293c7a
2026-04-24,fdtd,7ea62450
2026-04-24,fdtd,7f230960
2026-04-24,fdtd,7f5d1761
2026-04-24,fdtd,7fa40c8f
2026-04-24,fdtd,802ad543
2026-04-24,fdtd,807aba5b
2026-04-24,fdtd,810df742
2026-04-24,fdtd,8114ae1c
2026-04-24,fdtd,813c530b
2026-04-24,fdtd,81ee7c4d
2026-04-24,fdtd,81fa0997
2026-04-24,fdtd,8227410f
2026-04-24,fdtd,82480938
2026-04-24,fdtd,836e8726
2026-04-24,fdtd,8372f90c
2026-04-24,fdtd,8466abcc
2026-04-24,fdtd,84b61476
2026-04-24,fdtd,854aff7e
2026-04-24,fdtd,856749eb
2026-04-24,fdtd,85eb92a4
2026-04-24,fdtd,874902d2
2026-04-24,fdtd,8797a5a7
2026-04-24,fdtd,87c77bc1
2026-04-24,fdtd,87f31308
2026-04-24,fdtd,87fff2f7
2026-04-24,fdtd,8861eb8d
2026-04-24,fdtd,88be07b5
2026-04-24,fdtd,8ab9e196
2026-04-24,fdtd,8b09b212
2026-04-24,fdtd,8c0770dd
2026-04-24,fdtd,8c37fb3c
2026-04-24,fdtd,8cd9a0b8
2026-04-24,fdtd,8d73e268
2026-04-24,fdtd,8dd383a1
2026-04-24,fdtd,8e3deed9
2026-04-24,fdtd,8ed785ef
2026-04-24,fdtd,8f039b50
2026-04-24,fdtd,8f6eb7c5
2026-04-24,fdtd,8fba9f67
2026-04-24,fdtd,902e468d
2026-04-24,fdtd,913dcb2e
2026-04-24,fdtd,9141a057
2026-04-24,fdtd,918d1da7
2026-04-24,fdtd,91e5f49d
2026-04-24,fdtd,92d7eaf3
2026-04-24,fdtd,93d3d84c
2026-04-24,fdtd,944630ea
2026-04-24,fdtd,9466c1bc
2026-04-24,fdtd,94ab9224
2026-04-24,fdtd,94d4adce
2026-04-24,fdtd,94d7c262
2026-04-24,fdtd,9539ec19
2026-04-24,fdtd,9572e31f
2026-04-24,fdtd,960cb44f
2026-04-24,fdtd,962887a4
2026-04-24,fdtd,96cd5366
2026-04-24,fdtd,97d59d6a
2026-04-24,fdtd,97f7d1a8
2026-04-24,fdtd,98553261
2026-04-24,fdtd,988b0559
2026-04-24,fdtd,9894fd3a
2026-04-24,fdtd,99746aad
2026-04-24,fdtd,99ae20c1
2026-04-24,fdtd,99da02b7
2026-04-24,fdtd,9a250b10
2026-04-24,fdtd,9a284ddd
2026-04-24,fdtd,9abcc072
2026-04-24,fdtd,9ae40c05
2026-04-24,fdtd,9baacb2d
2026-04-24,fdtd,9bddced6
2026-04-24,fdtd,9bdff2ec
2026-04-24,fdtd,9cd72aa9
2026-04-24,fdtd,9cf43f37
2026-04-24,fdtd,9d199ce1
2026-04-24,fdtd,9d50e12e
2026-04-24,fdtd,9e1f0fbe
2026-04-24,fdtd,9ebd0cf3
2026-04-24,fdtd,9f0693d4
2026-04-24,fdtd,9f31f999
2026-04-24,fdtd,9fafd119
2026-04-24,fdtd,9fc7fd27
2026-04-24,fdtd,9fefb066
2026-04-24,fdtd,a0eeb362
2026-04-24,fdtd,a1a1ec0c
2026-04-24,fdtd,a1e6b2c7
2026-04-24,fdtd,a28e373b
2026-04-24,fdtd,a2945ce8
2026-04-24,fdtd,a2a744f1
2026-04-24,fdtd,a2cb5567
2026-04-24,fdtd,a2ee8687
2026-04-24,fdtd,a352c54f
2026-04-24,fdtd,a37000b3
2026-04-24,fdtd,a37114a8
2026-04-24,fdtd,a4537920
2026-04-24,fdtd,a588d9e6
2026-04-24,fdtd,a5983e7f
2026-04-24,fdtd,a7557e83
2026-04-24,fdtd,a76d930f
2026-04-24,fdtd,a8e792bf
2026-04-24,fdtd,a9c7178e
2026-04-24,fdtd,aae86347
2026-04-24,fdtd,ab2274b2
2026-04-24,fdtd,abf39ebb
2026-04-24,fdtd,aca70060
2026-04-24,fdtd,ad16a360
2026-04-24,fdtd,ad483662
2026-04-24,fdtd,ad92bcd5
2026-04-24,fdtd,b26c9440
2026-04-24,fdtd,b436966c
2026-04-24,fdtd,b438b192
2026-04-24,fdtd,b561e678
2026-04-24,fdtd,b56f232d
2026-04-24,fdtd,b592efb8
2026-04-24,fdtd,b5c9fdfc
2026-04-24,fdtd,b62d5220
2026-04-24,fdtd,b63aaa87
2026-04-24,fdtd,b66ccc0e
2026-04-24,fdtd,b79004fa
2026-04-24,fdtd,b81e8ee8
2026-04-24,fdtd,b8556ebd
2026-04-24,fdtd,b8657d61
2026-04-24,fdtd,b866b67e
2026-04-24,fdtd,b8af7ba1
2026-04-24,fdtd,b900f8da
2026-04-24,fdtd,b950ef27
2026-04-24,fdtd,bb1b4076
2026-04-24,fdtd,bb618e66
2026-04-24,fdtd,bb87bab8
2026-04-24,fdtd,bbdcf011
2026-04-24,fdtd,bca9a59b
2026-04-24,fdtd,be455d7b
2026-04-24,fdtd,be6d1404
2026-04-24,fdtd,bf6e088d
2026-04-24,fdtd,bf7b34c8
2026-04-24,fdtd,bf862c94
2026-04-24,fdtd,c0368411
2026-04-24,fdtd,c1e0c20d
2026-04-24,fdtd,c230c3cf
2026-04-24,fdtd,c285459b
2026-04-24,fdtd,c3633fe2
2026-04-24,fdtd,c39034a3
2026-04-24,fdtd,c3d35a63
2026-04-24,fdtd,c4305af3
2026-04-24,fdtd,c49850d0
2026-04-24,fdtd,c4c3b26d
2026-04-24,fdtd,c510e4ba
2026-04-24,fdtd,c5950d20
2026-04-24,fdtd,c5cdb4bf
2026-04-24,fdtd,c7477198
2026-04-24,fdtd,c76647ad
2026-04-24,fdtd,c7694e99
2026-04-24,fdtd,c7849e03
2026-04-24,fdtd,c8012db1
2026-04-24,fdtd,c8df8670
2026-04-24,fdtd,c96d2a2e
2026-04-24,fdtd,cbde31f2
2026-04-24,fdtd,cc2683eb
2026-04-24,fdtd,cc8d9490
2026-04-24,fdtd,cc9724d3
2026-04-24,fdtd,cce122a1
2026-04-24,fdtd,cce567aa
2026-04-24,fdtd,cd47f311
2026-04-24,fdtd,cd6bd109
2026-04-24,fdtd,ce231a34
2026-04-24,fdtd,ce958305
2026-04-24,fdtd,ceb58e33
2026-04-24,fdtd,ced089bf
2026-04-24,fdtd,cf2b6139
2026-04-24,fdtd,cfefe0b4
2026-04-24,fdtd,d00639fb
2026-04-24,fdtd,d070a5ae
2026-04-24,fdtd,d13f6587
2026-04-24,fdtd,d1f1b8e7
2026-04-24,fdtd,d267a10f
2026-04-24,fdtd,d36689d3
2026-04-24,fdtd,d39056d0
2026-04-24,fdtd,d3bdf967
2026-04-24,fdtd,d3e26e92
2026-04-24,fdtd,d48b3034
2026-04-24,fdtd,d4bf7a88
2026-04-24,fdtd,d50f271e
2026-04-24,fdtd,d5216532
2026-04-24,fdtd,d5694188
2026-04-24,fdtd,d56b317c
2026-04-24,fdtd,d5df4b34
2026-04-24,fdtd,d6c060e0
2026-04-24,fdtd,d7fff0f1
2026-04-24,fdtd,d8a2e433
2026-04-24,fdtd,d8f1d0a8
2026-04-24,fdtd,da41e440
2026-04-24,fdtd,db09bd9f
2026-04-24,fdtd,db0e2248
2026-04-24,fdtd,db853126
2026-04-24,fdtd,dc170824
2026-04-24,fdtd,dcfdb887
2026-04-24,fdtd,deb89ba6
2026-04-24,fdtd,e013a03c
2026-04-24,fdtd,e2121699
2026-04-24,fdtd,e2444369
2026-04-24,fdtd,e2dee6ac
2026-04-24,fdtd,e2e261ec
2026-04-24,fdtd,e2e713d5
2026-04-24,fdtd,e32431a0
2026-04-24,fdtd,e3c04880
2026-04-24,fdtd,e3c1a14b
2026-04-24,fdtd,e3f36111
2026-04-24,fdtd,e41089a4
2026-04-24,fdtd,e4608d52
2026-04-24,fdtd,e5b1c4a2
2026-04-24,fdtd,e6693704
2026-04-24,fdtd,e731c00d
2026-04-24,fdtd,e88191eb
2026-04-24,fdtd,e90a9e96
2026-04-24,fdtd,e958ad65
2026-04-24,fdtd,e9d93504
2026-04-24,fdtd,eb5c7517
2026-04-24,fdtd,ebad28f6
2026-04-24,fdtd,ec676b3a
2026-04-24,fdtd,ed10a7c9
2026-04-24,fdtd,ed1ed203
2026-04-24,fdtd,edd77b2e
2026-04-24,fdtd,edea2453
2026-04-24,fdtd,ee12b2ef
2026-04-24,fdtd,eeacfb2a
2026-04-24,fdtd,eebda419
2026-04-24,fdtd,eeeada1d
2026-04-24,fdtd,ef2b3171
2026-04-24,fdtd,ef42adbd
2026-04-24,fdtd,ef65d839
2026-04-24,fdtd,ef6cb531
2026-04-24,fdtd,efc60c3a
2026-04-24,fdtd,f0bd8d3a
2026-04-24,fdtd,f1aaa34b
2026-04-24,fdtd,f1b28ca8
2026-04-24,fdtd,f27ec1db
2026-04-24,fdtd,f32c7ee0
2026-04-24,fdtd,f36c9f37
2026-04-24,fdtd,f374652a
2026-04-24,fdtd,f38ff277
2026-04-24,fdtd,f507b520
2026-04-24,fdtd,f5940e42
2026-04-24,fdtd,f629eaf7
2026-04-24,fdtd,f68ebfe5
2026-04-24,fdtd,f731b4e8
2026-04-24,fdtd,f744d090
2026-04-24,fdtd,f751245a
2026-04-24,fdtd,f7e78dee
2026-04-24,fdtd,f829c1c4
2026-04-24,fdtd,f8306b7c
2026-04-24,fdtd,f861b798
2026-04-24,fdtd,f9a201a7
2026-04-24,fdtd,fa08ce30
2026-04-24,fdtd,fa131bdd
2026-04-24,fdtd,faace1f0
2026-04-24,fdtd,faf917b1
2026-04-24,fdtd,fb059519
2026-04-24,fdtd,fb0e78b9
2026-04-24,fdtd,fb9eabc7
2026-04-24,fdtd,fe866d1b
2026-04-24,fdtd,fe8a73c6
2026-04-24,fdtd,ff30efd5
2026-04-24,fdtd,ff85d789
2026-04-25,fdtd,5357d7d4
2026-04-25,fdtd,620f2337
2026-04-25,fdtd,63e67195
2026-04-25,fdtd,8209fafb
2026-04-25,fdtd,b9560f50
2026-04-25,fdtd,cbdfb641
2026-04-25,fdtd,e2b6fb0c
2026-04-25,fdtd,fe2045ef
2026-04-27,mode_solver,126d68c2
2026-04-27,mode_solver,25540b45
2026-04-27,mode_solver,2ab6b755
2026-04-27,mode_solver,2d40927e
2026-04-27,mode_solver,4d5eedda
2026-04-27,mode_solver,722e28cb
2026-04-27,mode_solver,7aa192d4
2026-04-27,mode_solver,874af465
2026-04-27,mode_solver,a4582615
2026-04-27,mode_solver,a62a67d4
2026-04-27,mode_solver,a8dc91b5
2026-04-27,mode_solver,bd7b4675
2026-04-27,mode_solver,c29dab1f
2026-04-27,mode_solver,ec6d14b3
2026-04-27,mode_solver,f81ea470
2026-05-06,fdtd,1825e7fd
2026-05-06,fdtd,2673fab2
2026-05-06,fdtd,650d01ec
2026-05-06,fdtd,73f89eda
2026-05-06,fdtd,87252093
2026-05-06,fdtd,9cccbc1b
2026-05-06,fdtd,abe8f931
2026-05-06,fdtd,caaf5ad1
2026-05-06,fdtd,ccbdb4a4
2026-05-06,fdtd,e8a73ae6
2026-05-06,fdtd,fdc11b2c
2026-05-07,fdtd,094e78c7
2026-05-07,fdtd,0df8292c
2026-05-07,fdtd,19832c89
2026-05-07,fdtd,2512f562
2026-05-07,fdtd,30eb6664
2026-05-07,fdtd,37da55a7
2026-05-07,fdtd,3f6b97a3
2026-05-07,fdtd,4674d967
2026-05-07,fdtd,505901fd
2026-05-07,fdtd,5d1061d6
2026-05-07,fdtd,5e856be3
2026-05-07,fdtd,6075490c
2026-05-07,fdtd,610111ce
2026-05-07,fdtd,651abea4
2026-05-07,fdtd,6f84969f
2026-05-07,fdtd,748fe012
2026-05-07,fdtd,750aa67c
2026-05-07,fdtd,7a3e3bfb
2026-05-07,fdtd,7edaf462
2026-05-07,fdtd,8ae0a1c9
2026-05-07,fdtd,9084ec94
2026-05-07,fdtd,951a34d4
2026-05-07,fdtd,961d88b6
2026-05-07,fdtd,99f17920
2026-05-07,fdtd,9c2580c3
2026-05-07,fdtd,9f68f11b
2026-05-07,fdtd,a1007465
2026-05-07,fdtd,a66e8588
2026-05-07,fdtd,a6f90645
2026-05-07,fdtd,aa836d22
2026-05-07,fdtd,b5ce82ec
2026-05-07,fdtd,bb2d7910
2026-05-07,fdtd,c60d62b8
2026-05-07,fdtd,cb0fc29f
2026-05-07,fdtd,cf105b7e
2026-05-07,fdtd,d05017a5
2026-05-07,fdtd,d076c633
2026-05-07,fdtd,d2d18ee0
2026-05-07,fdtd,d93a500a
2026-05-07,fdtd,d9b771a0
2026-05-07,fdtd,e0e4b306
2026-05-07,fdtd,e182209d
2026-05-07,fdtd,e33f2de8
2026-05-07,fdtd,e4b9b470
2026-05-07,fdtd,ec96de0d
2026-05-07,fdtd,edd90334
2026-05-07,fdtd,fb153c66
2026-05-08,fdtd,236938c3
2026-05-08,fdtd,2e8a4974
2026-05-08,fdtd,38e7483b
2026-05-08,fdtd,3bb890b5
2026-05-08,fdtd,4348ba9a
2026-05-08,fdtd,58e75060
2026-05-08,fdtd,716de559
2026-05-08,fdtd,81a4699b
2026-05-08,fdtd,9e4b804c
2026-05-08,fdtd,ad60431e
2026-05-08,fdtd,b965fa6e
2026-05-08,fdtd,dc99ec08
2026-05-08,fdtd,de3461c8
2026-05-09,fdtd,2fe53818
2026-05-09,fdtd,a3f67545
2026-05-09,fdtd,caa1a1e6
2026-05-10,fdtd,1c8635c1
2026-05-10,fdtd,261d364f
2026-05-10,fdtd,4794f263
2026-05-10,fdtd,48c5c0b6
2026-05-10,fdtd,5293d816
2026-05-10,fdtd,53b1f91a
2026-05-10,fdtd,5526ad9b
2026-05-10,fdtd,66a48175
2026-05-10,fdtd,75f07573
2026-05-10,fdtd,921b5a4f
2026-05-10,fdtd,b6ae48d6
2026-05-10,fdtd,bcde9798
2026-05-10,fdtd,bf7c6375
2026-05-10,fdtd,c825dbbc
2026-05-11,fdtd,2710617c
2026-05-12,fdtd,26d9e35e
2026-05-12,fdtd,be545805
2026-05-13,fdtd,009ec151
2026-05-13,fdtd,0f61c8e7
2026-05-13,fdtd,1290700f
2026-05-13,fdtd,151f594d
2026-05-13,fdtd,2283dbed
2026-05-13,fdtd,250f676e
2026-05-13,fdtd,266fcda8
2026-05-13,fdtd,2dfc9a98
2026-05-13,fdtd,339f6077
2026-05-13,fdtd,367a6108
2026-05-13,fdtd,40010acd
2026-05-13,fdtd,41e59869
2026-05-13,fdtd,4216e841
2026-05-13,fdtd,48233c8c
2026-05-13,fdtd,51ca598a
2026-05-13,fdtd,529f0098
2026-05-13,fdtd,5a8affa1
2026-05-13,fdtd,5aa05a19
2026-05-13,fdtd,5f213ccb
2026-05-13,fdtd,627ef86e
2026-05-13,fdtd,6636b422
2026-05-13,fdtd,74a06041
2026-05-13,fdtd,78378e1f
2026-05-13,fdtd,7c33f6ad
2026-05-13,fdtd,9512d9cb
2026-05-13,fdtd,9fe76ba2
2026-05-13,fdtd,ae2b44af
2026-05-13,fdtd,af6914d5
2026-05-13,fdtd,b1008729
2026-05-13,fdtd,b25218a0
2026-05-13,fdtd,b4a512a7
2026-05-13,fdtd,b5b42576
2026-05-13,fdtd,ba6e5ced
2026-05-13,fdtd,bf7cec6a
2026-05-13,fdtd,c066833b
2026-05-13,fdtd,c0b191cc
2026-05-13,fdtd,c152d7a7
2026-05-13,fdtd,c2ec109b
2026-05-13,fdtd,d43b0bf0
2026-05-13,fdtd,dc0c8f66
2026-05-13,fdtd,e0bee5f2
2026-05-13,fdtd,e34ecdca
2026-05-13,fdtd,e416810c
2026-05-13,fdtd,e45a974d
2026-05-13,fdtd,e48122b6
2026-05-13,fdtd,fb93a9e7
2026-05-14,fdtd,3df938f0
2026-05-14,fdtd,cadb43ed
2026-05-17,fdtd,4a61dda4
2026-05-18,fdtd,51d43ae9
2026-05-18,fdtd,cf361deb
2026-05-18,fdtd,eccd8632
2026-05-19,fdtd,ab14fa8f
2026-05-19,fdtd,d4dcbb75
2026-05-20,fdtd,16085eb3
2026-05-20,fdtd,1d89af84
2026-05-21,fdtd,1e463825
2026-05-21,fdtd,28b5ab7f
2026-05-21,fdtd,487f9e35
2026-05-21,fdtd,4e9cff2e
2026-05-21,fdtd,93135a5a
2026-05-21,fdtd,bdd62dea
2026-05-21,fdtd,c2f44dd8
2026-05-21,fdtd,d1ffed5f
2026-05-21,fdtd,da0132ed
2026-06-02,fdtd,76ea14f5
2026-06-04,fdtd,35262671
2026-06-04,fdtd,511212ba
2026-06-04,fdtd,66dfba30
2026-06-05,fdtd,0f2b11b6
2026-06-05,fdtd,0fa083c9
2026-06-05,fdtd,59c6a1e7
2026-06-05,fdtd,64698e55
2026-06-05,fdtd,9728c85c
2026-06-06,fdtd,09ceeb98
2026-06-06,fdtd,27ae0076
2026-06-06,fdtd,413888bb
2026-06-06,fdtd,ca6279f1
2026-06-09,fdtd,07baa041
2026-06-09,fdtd,7d909562
2026-06-09,fdtd,94cdb4e6
2026-06-09,fdtd,f3b441f2
2026-06-10,fdtd,03a2f946
2026-06-10,fdtd,03e80c04
2026-06-10,fdtd,16b019d8
2026-06-10,fdtd,3df4e124
2026-06-10,fdtd,4d30ef6c
2026-06-10,fdtd,4f3bb585
2026-06-10,fdtd,55e1566a
2026-06-10,fdtd,5a0e5b83
2026-06-10,fdtd,786e170b
2026-06-10,fdtd,a0db0a5b
2026-06-10,fdtd,a2363632
2026-06-10,fdtd,b1c25b87
2026-06-10,fdtd,b28924ad
2026-06-10,fdtd,cfca5f8f
2026-06-10,fdtd,d64422b9
2026-06-10,fdtd,d6615b8d
2026-06-11,fdtd,00a1ea32
2026-06-11,fdtd,021fd93e
2026-06-11,fdtd,0b8060f2
2026-06-11,fdtd,0da8afab
2026-06-11,fdtd,21808398
2026-06-11,fdtd,248d5a4c
2026-06-11,fdtd,2a08b855
2026-06-11,fdtd,38e544f9
2026-06-11,fdtd,44acc44a
2026-06-11,fdtd,47b645ef
2026-06-11,fdtd,5bc2718a
2026-06-11,fdtd,67a71ece
2026-06-11,fdtd,6b78a632
2026-06-11,fdtd,6d216945
2026-06-11,fdtd,7a1a3256
2026-06-11,fdtd,7c9bf2b5
2026-06-11,fdtd,885d1830
2026-06-11,fdtd,8cc4a5bb
2026-06-11,fdtd,a2280b15
2026-06-11,fdtd,a3484c4a
2026-06-11,fdtd,a6699e7d
2026-06-11,fdtd,a75b9d68
2026-06-11,fdtd,a9a04a99
2026-06-11,fdtd,ab17d032
2026-06-11,fdtd,ac6370fd
2026-06-11,fdtd,ba9c0b42
2026-06-11,fdtd,c0089643
2026-06-11,fdtd,c2b896b5
2026-06-11,fdtd,cca595bc
2026-06-11,fdtd,d59087f7
2026-06-11,fdtd,db32c6b4
2026-06-11,fdtd,e245ab80
2026-06-11,fdtd,e654192f
2026-06-11,fdtd,f591c815
2026-06-12,fdtd,00a6ab68
2026-06-12,fdtd,05bc8303
2026-06-12,fdtd,085d3423
2026-06-12,fdtd,0b5fb716
2026-06-12,fdtd,268c3f4a
2026-06-12,fdtd,33ecd127
2026-06-12,fdtd,3aa9b442
2026-06-12,fdtd,3b63eb68
2026-06-12,fdtd,434ede1e
2026-06-12,fdtd,49518a67
2026-06-12,fdtd,4e4595d3
2026-06-12,fdtd,4f49d316
2026-06-12,fdtd,507acea3
2026-06-12,fdtd,50ebb100
2026-06-12,fdtd,589e1b21
2026-06-12,fdtd,5ef0c17f
2026-06-12,fdtd,6118dac8
2026-06-12,fdtd,622ffc6b
2026-06-12,fdtd,62316911
2026-06-12,fdtd,629021b5
2026-06-12,fdtd,67ff3ef9
2026-06-12,fdtd,6a03deda
2026-06-12,fdtd,848cec64
2026-06-12,fdtd,883029f3
2026-06-12,fdtd,89b50d69
2026-06-12,fdtd,8c50e52c
2026-06-12,fdtd,8f686355
2026-06-12,fdtd,9c1df837
2026-06-12,fdtd,9cdd5f7f
2026-06-12,fdtd,9fe57ddd
2026-06-12,fdtd,a4e6471e
2026-06-12,fdtd,a8ab4512
2026-06-12,fdtd,a8ba5a5c
2026-06-12,fdtd,af39f21b
2026-06-12,fdtd,b19c04f1
2026-06-12,fdtd,dbc15d5f
2026-06-12,fdtd,dc39214d
2026-06-12,fdtd,e27c9e46
2026-06-12,fdtd,e3ab0436
2026-06-12,fdtd,e3e5d0ac
2026-06-12,fdtd,eb32f488
2026-06-12,fdtd,ef69f0eb
2026-06-12,fdtd,efb91273
2026-06-12,fdtd,f1a1538e
2026-06-14,fdtd,400101f1
2026-06-14,fdtd,a40479b9
2026-06-15,fdtd,28d6201d
2026-06-15,fdtd,426b993f
2026-06-15,fdtd,49756ebb
2026-06-15,fdtd,8813c152
2026-06-15,fdtd,88d097d3
2026-06-15,fdtd,97ab0140
2026-06-15,fdtd,d3245827
2026-06-16,fdtd,02b30ad8
2026-06-16,fdtd,04296c92
2026-06-16,fdtd,0430505b
2026-06-16,fdtd,09e52f03
2026-06-16,fdtd,0e001306
2026-06-16,fdtd,14cdf436
2026-06-16,fdtd,1ad2eb3e
2026-06-16,fdtd,1b3daa6b
2026-06-16,fdtd,24a82061
2026-06-16,fdtd,24e41311
2026-06-16,fdtd,27207485
2026-06-16,fdtd,2871121d
2026-06-16,fdtd,2d477d06
2026-06-16,fdtd,3144f999
2026-06-16,fdtd,31981554
2026-06-16,fdtd,362c4203
2026-06-16,fdtd,3817cbdb
2026-06-16,fdtd,435c26b4
2026-06-16,fdtd,46cc1822
2026-06-16,fdtd,5130fc17
2026-06-16,fdtd,5ca3d26b
2026-06-16,fdtd,5d380905
2026-06-16,fdtd,5db059f6
2026-06-16,fdtd,5e589dde
2026-06-16,fdtd,5f285f59
2026-06-16,fdtd,61fa605c
2026-06-16,fdtd,66e4df70
2026-06-16,fdtd,6c795e6a
2026-06-16,fdtd,701a7ae8
2026-06-16,fdtd,739bb11f
2026-06-16,fdtd,743019b5
2026-06-16,fdtd,752b8d81
2026-06-16,fdtd,7611b9d2
2026-06-16,fdtd,7c1adf4f
2026-06-16,fdtd,80c8a6fe
2026-06-16,fdtd,81117f09
2026-06-16,fdtd,82553cbb
2026-06-16,fdtd,826a3b0f
2026-06-16,fdtd,8d200967
2026-06-16,fdtd,92dfc9d7
2026-06-16,fdtd,95c33703
2026-06-16,fdtd,9e674df3
2026-06-16,fdtd,a869af45
2026-06-16,fdtd,b243f994
2026-06-16,fdtd,b523620b
2026-06-16,fdtd,b82642db
2026-06-16,fdtd,b8bd40eb
2026-06-16,fdtd,b9899bea
2026-06-16,fdtd,b9e273cd
2026-06-16,fdtd,bb80442a
2026-06-16,fdtd,d5373536
2026-06-16,fdtd,d5ad4f04
2026-06-16,fdtd,d7eaaa15
2026-06-16,fdtd,d8afdf06
2026-06-16,fdtd,dbba9a26
2026-06-16,fdtd,e0bde5fd
2026-06-16,fdtd,e29645d8
2026-06-16,fdtd,e29c37ca
2026-06-16,fdtd,e2ace2c4
2026-06-16,fdtd,e3ffc2dc
2026-06-16,fdtd,e6b552cd
2026-06-16,fdtd,ec2f9524
2026-06-16,fdtd,ec6c4a3a
2026-06-16,fdtd,ee592182
2026-06-16,fdtd,f1750e91
2026-06-16,fdtd,fd1c5eac
2026-06-18,fdtd,0f9bcb3a
2026-06-18,fdtd,3dd4e6da
2026-06-22,fdtd,062f412b
2026-06-22,fdtd,07ddc06e
2026-06-22,fdtd,1b54b36b
2026-06-22,fdtd,1ef8387d
2026-06-22,fdtd,27fb5e5f
2026-06-22,fdtd,2b1b374d
2026-06-22,fdtd,30d138ae
2026-06-22,fdtd,385cef24
2026-06-22,fdtd,3ded6c5b
2026-06-22,fdtd,4ced3b68
2026-06-22,fdtd,51c2abe0
2026-06-22,fdtd,5998f68c
2026-06-22,fdtd,5e0c6fab
2026-06-22,fdtd,74087569
2026-06-22,fdtd,75a98e4a
2026-06-22,fdtd,87538d78
2026-06-22,fdtd,9be391f9
2026-06-22,fdtd,9d4a6bbf
2026-06-22,fdtd,a14354c4
2026-06-22,fdtd,a4ce3f33
2026-06-22,fdtd,a5a6d5fe
2026-06-22,fdtd,a7059a50
2026-06-22,fdtd,c85b55a8
2026-06-22,fdtd,d6a90118
2026-06-22,fdtd,d845a19f
2026-06-22,fdtd,da21f67b
2026-06-22,fdtd,da760987
2026-06-22,fdtd,ecc55a6b
2026-06-22,fdtd,f117eb58
2026-06-23,fdtd,271aabb8
2026-06-23,fdtd,d238531f
2026-06-23,fdtd,d460bf00
2026-06-24,fdtd,2db65228
2026-06-24,fdtd,7460588a
2026-06-24,fdtd,7786c5a8
2026-06-24,fdtd,94cb4d00
2026-06-24,fdtd,f2393d27
2026-06-24,fdtd,f6a3b32f
2026-06-26,fdtd,66ed2e2f
2026-06-26,fdtd,d7b49748
2026-06-29,fdtd,1847e353
2026-06-29,fdtd,efd2365c
2026-07-06,fdtd,5a59c8ad
2026-07-06,fdtd,5b1991dd
2026-07-06,fdtd,9020c769
2026-07-06,fdtd,e29f43e3
2026-07-08,fdtd,b3194193
2026-07-09,fdtd,029d0053
2026-07-09,fdtd,0959820d
2026-07-09,fdtd,0d290a51
2026-07-09,fdtd,112a24e4
2026-07-09,fdtd,12287ff9
2026-07-09,fdtd,136cdeec
2026-07-09,fdtd,185199df
2026-07-09,fdtd,1a47c82b
2026-07-09,fdtd,1aa7641e
2026-07-09,fdtd,1b579719
2026-07-09,fdtd,1e1f492c
2026-07-09,fdtd,1f96d184
2026-07-09,fdtd,205043c7
2026-07-09,fdtd,211a4c5f
2026-07-09,fdtd,268e1fb1
2026-07-09,fdtd,2724c6ab
2026-07-09,fdtd,3176770c
2026-07-09,fdtd,32ed7eee
2026-07-09,fdtd,33801478
2026-07-09,fdtd,34245dbc
2026-07-09,fdtd,3453d5a3
2026-07-09,fdtd,3b111d53
2026-07-09,fdtd,3e371a09
2026-07-09,fdtd,3e3b6820
2026-07-09,fdtd,429d319a
2026-07-09,fdtd,46a83908
2026-07-09,fdtd,47b36f75
2026-07-09,fdtd,4899f3e9
2026-07-09,fdtd,4aefe113
2026-07-09,fdtd,5421638e
2026-07-09,fdtd,55d4dcc5
2026-07-09,fdtd,5a9a0bd2
2026-07-09,fdtd,5b88983f
2026-07-09,fdtd,5e7e74a3
2026-07-09,fdtd,6a40849b
2026-07-09,fdtd,6e0c32e5
2026-07-09,fdtd,6eb83bfa
2026-07-09,fdtd,705090be
2026-07-09,fdtd,72cf0068
2026-07-09,fdtd,7621e922
2026-07-09,fdtd,78c14588
2026-07-09,fdtd,7f76f386
2026-07-09,fdtd,815ed798
2026-07-09,fdtd,81fb2039
2026-07-09,fdtd,83c1d5f7
2026-07-09,fdtd,865e1fb5
2026-07-09,fdtd,8679a1e6
2026-07-09,fdtd,90754450
2026-07-09,fdtd,92e2477e
2026-07-09,fdtd,965c7996
2026-07-09,fdtd,968a757f
2026-07-09,fdtd,975b416a
2026-07-09,fdtd,9a34c9e7
2026-07-09,fdtd,9a825ce8
2026-07-09,fdtd,9c561b70
2026-07-09,fdtd,9f15f2fb
2026-07-09,fdtd,a01c2ce8
2026-07-09,fdtd,ab4b5a92
2026-07-09,fdtd,b3a60be4
2026-07-09,fdtd,bc95e2de
2026-07-09,fdtd,c89dc8ba
2026-07-09,fdtd,cc1fb0f9
2026-07-09,fdtd,ccc9439c
2026-07-09,fdtd,cd00a4c6
2026-07-09,fdtd,cd5974f4
2026-07-09,fdtd,cebf22d0
2026-07-09,fdtd,cf02ef3d
2026-07-09,fdtd,d042b76b
2026-07-09,fdtd,d27a4cfe
2026-07-09,fdtd,d299b1ec
2026-07-09,fdtd,d4c965de
2026-07-09,fdtd,d6053fcb
2026-07-09,fdtd,d9168014
2026-07-09,fdtd,e016710d
2026-07-09,fdtd,e4b50497
2026-07-09,fdtd,ef7c25bb
2026-07-09,fdtd,efcb8aba
2026-07-09,fdtd,f3a5833e
2026-07-09,fdtd,f61ea1fe
2026-07-09,fdtd,fa85b9bc
2026-07-09,fdtd,fcb28ffd
2026-07-09,fdtd,fcc88759
2026-07-12,fdtd,19777f58
2026-07-12,fdtd,73d94241
2026-07-12,fdtd,a35bb40b
2026-07-12,fdtd,f7c859b3
2026-07-14,fdtd,02e2074e
2026-07-14,fdtd,042ac91c
2026-07-14,fdtd,044f4d02
2026-07-14,fdtd,047886d9
2026-07-14,fdtd,05b33204
2026-07-14,fdtd,064c84a7
2026-07-14,fdtd,0ae9767a
2026-07-14,fdtd,0c5194d7
2026-07-14,fdtd,0c8c9be6
2026-07-14,fdtd,0e83d25a
2026-07-14,fdtd,0eeba298
2026-07-14,fdtd,0f4dc5d2
2026-07-14,fdtd,10b43219
2026-07-14,fdtd,13f39de4
2026-07-14,fdtd,17cb4873
2026-07-14,fdtd,17fe1f13
2026-07-14,fdtd,19366ea3
2026-07-14,fdtd,1997b73b
2026-07-14,fdtd,1b30e5bb
2026-07-14,fdtd,1cb0a7cc
2026-07-14,fdtd,1d839a68
2026-07-14,fdtd,2014b52a
2026-07-14,fdtd,23727dd3
2026-07-14,fdtd,256d0755
2026-07-14,fdtd,2601fba3
2026-07-14,fdtd,284d5e2d
2026-07-14,fdtd,2c216e67
2026-07-14,fdtd,2e4e587e
2026-07-14,fdtd,3334f379
2026-07-14,fdtd,355333e6
2026-07-14,fdtd,35a1a043
2026-07-14,fdtd,3af617b8
2026-07-14,fdtd,3cb20ca4
2026-07-14,fdtd,3d336f61
2026-07-14,fdtd,406ff520
2026-07-14,fdtd,4362c4ad
2026-07-14,fdtd,455ffbd0
2026-07-14,fdtd,4915d126
2026-07-14,fdtd,4a22d5e3
2026-07-14,fdtd,4aad5f19
2026-07-14,fdtd,4c554e7a
2026-07-14,fdtd,500796b0
2026-07-14,fdtd,51381c04
2026-07-14,fdtd,516d78f5
2026-07-14,fdtd,533764e0
2026-07-14,fdtd,548ec993
2026-07-14,fdtd,54ed2e76
2026-07-14,fdtd,566ebbb0
2026-07-14,fdtd,567a3493
2026-07-14,fdtd,5707fbf5
2026-07-14,fdtd,58cc2076
2026-07-14,fdtd,58df22c9
2026-07-14,fdtd,590762e0
2026-07-14,fdtd,598668d6
2026-07-14,fdtd,5a84e7e3
2026-07-14,fdtd,5b01775a
2026-07-14,fdtd,5d1f2a00
2026-07-14,fdtd,5eeb8192
2026-07-14,fdtd,60de3a97
2026-07-14,fdtd,62d8f40f
2026-07-14,fdtd,6601f976
2026-07-14,fdtd,6746e37f
2026-07-14,fdtd,6a79b518
2026-07-14,fdtd,6ac90ee2
2026-07-14,fdtd,6adc7bfb
2026-07-14,fdtd,6d4f1466
2026-07-14,fdtd,6dc1f58f
2026-07-14,fdtd,6e6cd777
2026-07-14,fdtd,71d951e2
2026-07-14,fdtd,7401b6ae
2026-07-14,fdtd,74ecc2df
2026-07-14,fdtd,775e9308
2026-07-14,fdtd,78694fa2
2026-07-14,fdtd,7ad36d23
2026-07-14,fdtd,7b1409f4
2026-07-14,fdtd,7c2c72e4
2026-07-14,fdtd,7cc7816d
2026-07-14,fdtd,7e27d9d3
2026-07-14,fdtd,7f0f28c9
2026-07-14,fdtd,7f4985b6
2026-07-14,fdtd,8006b6c5
2026-07-14,fdtd,850d78ba
2026-07-14,fdtd,852eca0a
2026-07-14,fdtd,867d5719
2026-07-14,fdtd,86d8db30
2026-07-14,fdtd,8bd89df4
2026-07-14,fdtd,8dc4b983
2026-07-14,fdtd,94606a28
2026-07-14,fdtd,95db6062
2026-07-14,fdtd,983dae09
2026-07-14,fdtd,9b144ef6
2026-07-14,fdtd,9d1a01c3
2026-07-14,fdtd,9f6e8cff
2026-07-14,fdtd,a05b90da
2026-07-14,fdtd,a08a41d1
2026-07-14,fdtd,a1a1cac3
2026-07-14,fdtd,a2dc4a7d
2026-07-14,fdtd,a357c42e
2026-07-14,fdtd,a43e56df
2026-07-14,fdtd,a58337ec
2026-07-14,fdtd,a71f42cf
2026-07-14,fdtd,a88ad2a4
2026-07-14,fdtd,acf6a085
2026-07-14,fdtd,ad5d7d1f
2026-07-14,fdtd,af07a4ca
2026-07-14,fdtd,b15de3bc
2026-07-14,fdtd,b1a96ac7
2026-07-14,fdtd,b6408c58
2026-07-14,fdtd,b7281cf8
2026-07-14,fdtd,ba9adf08
2026-07-14,fdtd,bba64bcf
2026-07-14,fdtd,bc07141a
2026-07-14,fdtd,c1d3ecbc
2026-07-14,fdtd,c1d821f2
2026-07-14,fdtd,c1f892ad
2026-07-14,fdtd,c2ea233a
2026-07-14,fdtd,c445d9c9
2026-07-14,fdtd,c53adcbc
2026-07-14,fdtd,c7a99661
2026-07-14,fdtd,ca43093e
2026-07-14,fdtd,cba722a6
2026-07-14,fdtd,cbfa4262
2026-07-14,fdtd,ceb6ae2a
2026-07-14,fdtd,d2ef4d04
2026-07-14,fdtd,d5638783
2026-07-14,fdtd,dc0fd4a2
2026-07-14,fdtd,dc297b55
2026-07-14,fdtd,dc5114a6
2026-07-14,fdtd,dcc73857
2026-07-14,fdtd,e17ea4b3
2026-07-14,fdtd,e1f35702
2026-07-14,fdtd,e3300b63
2026-07-14,fdtd,e6f2f40a
2026-07-14,fdtd,e79c86eb
2026-07-14,fdtd,e8bf45ec
2026-07-14,fdtd,eb85979c
2026-07-14,fdtd,ec34141f
2026-07-14,fdtd,ed5a1861
2026-07-14,fdtd,ed6e640e
2026-07-14,fdtd,edf31e8c
2026-07-14,fdtd,ef5f4941
2026-07-14,fdtd,f0ff526e
2026-07-14,fdtd,f5fcb28f
2026-07-14,fdtd,f7bbd5e6
2026-07-14,fdtd,f7bfe244
2026-07-14,fdtd,f7f16143
2026-07-14,fdtd,f91b6ebc
2026-07-14,fdtd,faa1a6c9
2026-07-14,fdtd,fac671a9
2026-07-14,fdtd,fba78b4c
2026-07-14,fdtd,fd031845
2026-07-14,fdtd,fd30ea38
2026-07-14,fdtd,fd4828bd
2026-07-14,fdtd,fdae9a43
2026-07-14,fdtd,fddd6dc8
2026-07-14,fdtd,fe9beff4
2026-07-14,fdtd,fffd2ae3
2026-07-15,fdtd,013115ff
2026-07-15,fdtd,01ffe9dc
2026-07-15,fdtd,0a103f6a
2026-07-15,fdtd,0bba458b
2026-07-15,fdtd,0c4f01ee
2026-07-15,fdtd,0cba8d63
2026-07-15,fdtd,107d4908
2026-07-15,fdtd,109cc54c
2026-07-15,fdtd,14ea05d3
2026-07-15,fdtd,17c0146e
2026-07-15,fdtd,1df0ae9f
2026-07-15,fdtd,1e0900a6
2026-07-15,fdtd,26f60af0
2026-07-15,fdtd,2e70bfc8
2026-07-15,fdtd,35151d55
2026-07-15,fdtd,3ad4b623
2026-07-15,fdtd,4810fa3f
2026-07-15,fdtd,4fd0b0f2
2026-07-15,fdtd,504ca49a
2026-07-15,fdtd,583eb2cf
2026-07-15,fdtd,5fde5658
2026-07-15,fdtd,61f0bd7f
2026-07-15,fdtd,62bb2cb3
2026-07-15,fdtd,6b3072e5
2026-07-15,fdtd,6bbe5d65
2026-07-15,fdtd,6d5f64bd
2026-07-15,fdtd,6d6ac4a0
2026-07-15,fdtd,737a8758
2026-07-15,fdtd,7d9b141e
2026-07-15,fdtd,7f2b4c9b
2026-07-15,fdtd,8131a779
2026-07-15,fdtd,8a68bc68
2026-07-15,fdtd,8a9a42a9
2026-07-15,fdtd,8dd34ec5
2026-07-15,fdtd,8fb46d1b
2026-07-15,fdtd,92651c5f
2026-07-15,fdtd,934eab8c
2026-07-15,fdtd,935026ba
2026-07-15,fdtd,96b00957
2026-07-15,fdtd,9ecf1b59
2026-07-15,fdtd,a0dbc0df
2026-07-15,fdtd,a2b9b6b6
2026-07-15,fdtd,a54b8668
2026-07-15,fdtd,a5d901cf
2026-07-15,fdtd,a7506b86
2026-07-15,fdtd,a8cbf113
2026-07-15,fdtd,a9343511
2026-07-15,fdtd,ab211255
2026-07-15,fdtd,acbe0bd0
2026-07-15,fdtd,b3ca75e5
2026-07-15,fdtd,b818f67c
2026-07-15,fdtd,b9ea43f1
2026-07-15,fdtd,c192ccdf
2026-07-15,fdtd,ca279833
2026-07-15,fdtd,daa586db
2026-07-15,fdtd,e8ca2f64
2026-07-15,fdtd,ef98fb24
2026-07-15,fdtd,f74ae0fa
2026-07-16,fdtd,0086cd79
2026-07-16,fdtd,03c1897d
2026-07-16,fdtd,0b390072
2026-07-16,fdtd,0c72bdf9
2026-07-16,fdtd,0db29729
2026-07-16,fdtd,1de3a6e3
2026-07-16,fdtd,20d9de66
2026-07-16,fdtd,389a4e30
2026-07-16,fdtd,3eafbff7
2026-07-16,fdtd,420c9bfc
2026-07-16,fdtd,42bea846
2026-07-16,fdtd,532a539e
2026-07-16,fdtd,5d5c063f
2026-07-16,fdtd,5f29aa0e
2026-07-16,fdtd,6a1209e7
2026-07-16,fdtd,6f063bb2
2026-07-16,fdtd,7cbf4965
2026-07-16,fdtd,83073ac5
2026-07-16,fdtd,836eca51
2026-07-16,fdtd,83e4e170
2026-07-16,fdtd,977da94e
2026-07-16,fdtd,984394bc
2026-07-16,fdtd,a18e27aa
2026-07-16,fdtd,a1a33b69
2026-07-16,fdtd,a2399c17
2026-07-16,fdtd,b910679e
2026-07-16,fdtd,bb0993d8
2026-07-16,fdtd,cd709cb9
2026-07-16,fdtd,d1457c18
2026-07-16,fdtd,d16bd605
2026-07-16,fdtd,da714c7a
2026-07-16,fdtd,e4bfbee9
2026-07-16,fdtd,e86b8f9c
2026-07-16,fdtd,e89532d7
2026-07-16,fdtd,eb7a3c88
2026-07-16,fdtd,ef2e02d0
2026-07-16,fdtd,f369a749
2026-07-17,fdtd,0536868c
2026-07-17,fdtd,08e627ea
2026-07-17,fdtd,0a657b3c
2026-07-17,fdtd,0b37cf87
2026-07-17,fdtd,0dd835e8
2026-07-17,fdtd,0f9f245b
2026-07-17,fdtd,10c8fa88
2026-07-17,fdtd,126fcb5d
2026-07-17,fdtd,134b4bad
2026-07-17,fdtd,1735e61a
2026-07-17,fdtd,1866a3e7
2026-07-17,fdtd,18f1668d
2026-07-17,fdtd,1c390763
2026-07-17,fdtd,1cb0ea68
2026-07-17,fdtd,226c0121
2026-07-17,fdtd,24034e4f
2026-07-17,fdtd,266ba774
2026-07-17,fdtd,2833138e
2026-07-17,fdtd,28f2ec98
2026-07-17,fdtd,2e05d449
2026-07-17,fdtd,2fdadd45
2026-07-17,fdtd,346b82ed
2026-07-17,fdtd,38e7d824
2026-07-17,fdtd,3ab0f38b
2026-07-17,fdtd,3c852349
2026-07-17,fdtd,3fd48daf
2026-07-17,fdtd,42f0639e
2026-07-17,fdtd,45b6ef74
2026-07-17,fdtd,45e79c02
2026-07-17,fdtd,48156d21
2026-07-17,fdtd,48392268
2026-07-17,fdtd,4fbd6094
2026-07-17,fdtd,50164eb0
2026-07-17,fdtd,50399c40
2026-07-17,fdtd,53d04556
2026-07-17,fdtd,568fa066
2026-07-17,fdtd,56cfc6b6
2026-07-17,fdtd,604ffda4
2026-07-17,fdtd,60919a64
2026-07-17,fdtd,62339169
2026-07-17,fdtd,628787d1
2026-07-17,fdtd,6430b1f8
2026-07-17,fdtd,6dc4047d
2026-07-17,fdtd,6f8edf1c
2026-07-17,fdtd,716db4ed
2026-07-17,fdtd,731e53c8
2026-07-17,fdtd,778acee8
2026-07-17,fdtd,79cc74f5
2026-07-17,fdtd,803afd0f
2026-07-17,fdtd,81383ccd
2026-07-17,fdtd,82ff61d3
2026-07-17,fdtd,8b6157de
2026-07-17,fdtd,96501696
2026-07-17,fdtd,9a6cefbf
2026-07-17,fdtd,9c0ddf76
2026-07-17,fdtd,9c2c405f
2026-07-17,fdtd,a06c404c
2026-07-17,fdtd,a5eca3e7
2026-07-17,fdtd,a67fe0a1
2026-07-17,fdtd,a7b640b5
2026-07-17,fdtd,a93d2fae
2026-07-17,fdtd,a9d87750
2026-07-17,fdtd,ac89f027
2026-07-17,fdtd,b2338094
2026-07-17,fdtd,b429f7de
2026-07-17,fdtd,b44914ff
2026-07-17,fdtd,b69697ff
2026-07-17,fdtd,c1df738a
2026-07-17,fdtd,c30b8218
2026-07-17,fdtd,c33e7ed6
2026-07-17,fdtd,c4083a90
2026-07-17,fdtd,cd4a7705
2026-07-17,fdtd,d1018fdd
2026-07-17,fdtd,d26d761e
2026-07-17,fdtd,dca3911d
2026-07-17,fdtd,dce0aba5
2026-07-17,fdtd,e2e4fd65
2026-07-17,fdtd,e5f33f65
2026-07-17,fdtd,f62690b1
2026-07-17,fdtd,f74abf60
2026-07-17,fdtd,f8ffbb82
2026-07-17,fdtd,f972ad63
2026-07-18,fdtd,02e28e34
2026-07-18,fdtd,054cf861
2026-07-18,fdtd,06cefe98
2026-07-18,fdtd,116a2962
2026-07-18,fdtd,12258cf5
2026-07-18,fdtd,1326d70e
2026-07-18,fdtd,13571b23
2026-07-18,fdtd,1a85f30e
2026-07-18,fdtd,1f36bb16
2026-07-18,fdtd,26c82109
2026-07-18,fdtd,295f60df
2026-07-18,fdtd,29844eb7
2026-07-18,fdtd,2e304a15
2026-07-18,fdtd,2e31ddf5
2026-07-18,fdtd,31e15b8b
2026-07-18,fdtd,46d30538
2026-07-18,fdtd,4e0086ce
2026-07-18,fdtd,5f0a8c73
2026-07-18,fdtd,61886bdf
2026-07-18,fdtd,63100696
2026-07-18,fdtd,6c364bb9
2026-07-18,fdtd,7471b8f0
2026-07-18,fdtd,7d7745c6
2026-07-18,fdtd,802aeffb
2026-07-18,fdtd,85748a2d
2026-07-18,fdtd,88e9f82a
2026-07-18,fdtd,8b3ac919
2026-07-18,fdtd,8f74c8ea
2026-07-18,fdtd,93e60d02
2026-07-18,fdtd,943caee1
2026-07-18,fdtd,9a8aae27
2026-07-18,fdtd,9ce1bd32
2026-07-18,fdtd,9d102b3a
2026-07-18,fdtd,a499ff68
2026-07-18,fdtd,a4b2b5ad
2026-07-18,fdtd,a70d9bad
2026-07-18,fdtd,ad18bb0d
2026-07-18,fdtd,ba08b5fb
2026-07-18,fdtd,c16b33e7
2026-07-18,fdtd,c507b489
2026-07-18,fdtd,cc5f20cc
2026-07-18,fdtd,dc66635a
2026-07-18,fdtd,e12becc7
2026-07-18,fdtd,f14a54a4
2026-07-18,fdtd,fa5e6f30
2026-07-18,fdtd,fbbbaae5
2026-07-18,fdtd,fee8ed81
2026-07-19,fdtd,06a19759
2026-07-19,fdtd,06a3cec6
2026-07-19,fdtd,5cbf9ff2
2026-07-19,fdtd,7254c51d
2026-07-19,fdtd,8ad534ce
2026-07-19,fdtd,b00d2371
2026-07-19,fdtd,b1b99c26
2026-07-19,fdtd,e4eff03b
2026-07-19,fdtd,e7119108
2026-07-20,fdtd,0b39825c
2026-07-20,fdtd,51b68ad9
2026-07-20,fdtd,7d5bbded
2026-07-20,fdtd,8ecc037d
2026-07-20,fdtd,c704722e
2026-07-20,fdtd,e4b04271
2026-07-23,fdtd,381e6dee
2026-07-23,fdtd,6bfa5211
2026-07-23,fdtd,74ad243b
2026-07-23,fdtd,75408cad
2026-07-23,fdtd,87172880
2026-07-23,fdtd,b0e0c1f4
2026-07-23,fdtd,b8c0020b
2026-07-23,fdtd,bd3f9ea7
2026-07-23,fdtd,c4f679ba
2026-07-23,fdtd,e45857af
2026-07-23,fdtd,e663541d
2026-07-23,fdtd,f00be059
2026-07-23,fdtd,f9e1c15f
2026-07-24,fdtd,fc6efa9a
2026-07-26,fdtd,1b156dfe
2026-07-26,fdtd,5800dbf0
2026-07-27,fdtd,42a3320c
2026-07-28,fdtd,8e1d3cf9
2026-07-28,fdtd,8ef64d84
2026-07-29,fdtd,035492b8
2026-07-29,fdtd,04cfac4f
2026-07-29,fdtd,098b9f2c
2026-07-29,fdtd,0c0e01c4
2026-07-29,fdtd,0f560674
2026-07-29,fdtd,0f6ef528
2026-07-29,fdtd,13db0c53
2026-07-29,fdtd,146476d1
2026-07-29,fdtd,1996b7ee
2026-07-29,fdtd,37624d59
2026-07-29,fdtd,380f4ec8
2026-07-29,fdtd,5b327149
2026-07-29,fdtd,5c3ce36c
2026-07-29,fdtd,61d67f0c
2026-07-29,fdtd,7d48834a
2026-07-29,fdtd,990b70bd
2026-07-29,fdtd,9f130c0d
2026-07-29,fdtd,a0f1b3a6
2026-07-29,fdtd,a5aece9d
2026-07-29,fdtd,a74cc763
2026-07-29,fdtd,aa2a8b7f
2026-07-29,fdtd,af76a3a9
2026-07-29,fdtd,b11930b9
2026-07-29,fdtd,b8a63158
2026-07-29,fdtd,b94e9be2
2026-07-29,fdtd,c3f9d933
2026-07-29,fdtd,c9be4c16
2026-07-29,fdtd,ca89d8ff
2026-07-29,fdtd,e86c5056
2026-07-29,fdtd,e9ce2c4a
2026-07-29,fdtd,ea224b63
2026-07-29,fdtd,f9938cae
2026-08-01,fdtd,01d0af2e
2026-08-01,fdtd,0562d5b9
2026-08-01,fdtd,103dd078
2026-08-01,fdtd,12be591b
2026-08-01,fdtd,16c9bd61
2026-08-01,fdtd,1c8c9073
2026-08-01,fdtd,23205a6a
2026-08-01,fdtd,43e28553
2026-08-01,fdtd,4bb38151
2026-08-01,fdtd,6252054c
2026-08-01,fdtd,64b1d397
2026-08-01,fdtd,794c1bd8
2026-08-01,fdtd,82e0fa56
2026-08-01,fdtd,8b319d80
2026-08-01,fdtd,9f122cd8
2026-08-01,fdtd,a0a47004
2026-08-01,fdtd,b534049f
2026-08-01,fdtd,c7bf7ed0
2026-08-01,fdtd,df2c3a19
2026-08-01,fdtd,f46e7c72
2026-08-02,fdtd,08a0cd2e
2026-08-02,fdtd,0b3d90b9
2026-08-02,fdtd,11e9fde3
2026-08-02,fdtd,1482f1b4
2026-08-02,fdtd,15ad1bb0
2026-08-02,fdtd,1785dd11
2026-08-02,fdtd,1d6426fa
2026-08-02,fdtd,2331f92a
2026-08-02,fdtd,264994b1
2026-08-02,fdtd,27cb29d2
2026-08-02,fdtd,2fd6e7c6
2026-08-02,fdtd,38a0b5a8
2026-08-02,fdtd,3c05649e
2026-08-02,fdtd,3e179ddb
2026-08-02,fdtd,3ebf2688
2026-08-02,fdtd,407ae72c
2026-08-02,fdtd,464b3592
2026-08-02,fdtd,48712905
2026-08-02,fdtd,4d7d662a
2026-08-02,fdtd,5064ca07
2026-08-02,fdtd,52c82392
2026-08-02,fdtd,5ac3426f
2026-08-02,fdtd,5f1e1b86
2026-08-02,fdtd,638bce7d
2026-08-02,fdtd,63f701e8
2026-08-02,fdtd,661915ad
2026-08-02,fdtd,6725026e
2026-08-02,fdtd,6e9fa660
2026-08-02,fdtd,7414f7ea
2026-08-02,fdtd,80d68ef5
2026-08-02,fdtd,84467f91
2026-08-02,fdtd,85b4f5e8
2026-08-02,fdtd,895f4926
2026-08-02,fdtd,8a43377e
2026-08-02,fdtd,8a4b7c42
2026-08-02,fdtd,8c3af795
2026-08-02,fdtd,940a0420
2026-08-02,fdtd,9b3a13d9
2026-08-02,fdtd,a3a3d2c5
2026-08-02,fdtd,ab72170e
2026-08-02,fdtd,ab804af4
2026-08-02,fdtd,af976e17
2026-08-02,fdtd,b44262a8
2026-08-02,fdtd,b52b4d27
2026-08-02,fdtd,cb1b8405
2026-08-02,fdtd,cb3dea5c
2026-08-02,fdtd,d644ad0d
2026-08-02,fdtd,dcacb17c
2026-08-02,fdtd,f42f62ec
2026-08-02,fdtd,f51d2286
2026-08-02,fdtd,f71f9737
2026-08-02,fdtd,f9c53e7e
2026-08-02,fdtd,fda88d84
2026-08-02,fdtd,fef8b35d
2026-08-03,fdtd,0175bfbc
2026-08-03,fdtd,05d83c62
2026-08-03,fdtd,066df577
2026-08-03,fdtd,088faa02
2026-08-03,fdtd,0b0e3a97
2026-08-03,fdtd,0dd72504
2026-08-03,fdtd,0e6b25eb
2026-08-03,fdtd,0ee14bc1
2026-08-03,fdtd,10223b3e
2026-08-03,fdtd,10a05068
2026-08-03,fdtd,10ec025a
2026-08-03,fdtd,1159e13c
2026-08-03,fdtd,11cd54cb
2026-08-03,fdtd,1740515d
2026-08-03,fdtd,178280a1
2026-08-03,fdtd,18567a37
2026-08-03,fdtd,19557c6f
2026-08-03,fdtd,1b9143d7
2026-08-03,fdtd,1e114c2b
2026-08-03,fdtd,1e5fa41f
2026-08-03,fdtd,1f260b94
2026-08-03,fdtd,20e2346f
2026-08-03,fdtd,22154e2f
2026-08-03,fdtd,226c97eb
2026-08-03,fdtd,23e8fff9
2026-08-03,fdtd,242a817d
2026-08-03,fdtd,24becd48
2026-08-03,fdtd,2516f402
2026-08-03,fdtd,277676ee
2026-08-03,fdtd,284cf6b0
2026-08-03,fdtd,28c32902
2026-08-03,fdtd,2937890a
2026-08-03,fdtd,2e9e4a05
2026-08-03,fdtd,3008bf44
2026-08-03,fdtd,300b557b
2026-08-03,fdtd,3071bb25
2026-08-03,fdtd,3598e0f2
2026-08-03,fdtd,3ae76b6b
2026-08-03,fdtd,3b756624
2026-08-03,fdtd,3b8e48ff
2026-08-03,fdtd,3c89c1bf
2026-08-03,fdtd,3c971b8a
2026-08-03,fdtd,3dd29bd4
2026-08-03,fdtd,3de04538
2026-08-03,fdtd,3f3f6d95
2026-08-03,fdtd,3f9401cd
2026-08-03,fdtd,4080a348
2026-08-03,fdtd,424a593d
2026-08-03,fdtd,427d9460
2026-08-03,fdtd,42d59db9
2026-08-03,fdtd,441cfafa
2026-08-03,fdtd,44fd9bb7
2026-08-03,fdtd,45389e39
2026-08-03,fdtd,45686d38
2026-08-03,fdtd,4651cd99
2026-08-03,fdtd,4672db96
2026-08-03,fdtd,46ef74ed
2026-08-03,fdtd,46f511ed
2026-08-03,fdtd,46f81ae9
2026-08-03,fdtd,47a94150
2026-08-03,fdtd,48e985d9
2026-08-03,fdtd,4a124229
2026-08-03,fdtd,4ae9d636
2026-08-03,fdtd,4c0152bf
2026-08-03,fdtd,4f94205a
2026-08-03,fdtd,4f994792
2026-08-03,fdtd,50b227ad
2026-08-03,fdtd,5178c69d
2026-08-03,fdtd,51e0edec
2026-08-03,fdtd,52c413e2
2026-08-03,fdtd,532b6690
2026-08-03,fdtd,53531816
2026-08-03,fdtd,537040eb
2026-08-03,fdtd,5448cc4f
2026-08-03,fdtd,553eaef1
2026-08-03,fdtd,557ef340
2026-08-03,fdtd,5666b3a3
2026-08-03,fdtd,568d2620
2026-08-03,fdtd,56d13a68
2026-08-03,fdtd,570f2284
2026-08-03,fdtd,5867cb1d
2026-08-03,fdtd,58742ac7
2026-08-03,fdtd,59432aa1
2026-08-03,fdtd,5a4b7abf
2026-08-03,fdtd,5b7bdc94
2026-08-03,fdtd,5be67079
2026-08-03,fdtd,5ec2e382
2026-08-03,fdtd,63721f9f
2026-08-03,fdtd,64dbfe32
2026-08-03,fdtd,65cc9d46
2026-08-03,fdtd,6beb38a8
2026-08-03,fdtd,6cafc3e3
2026-08-03,fdtd,6da16786
2026-08-03,fdtd,6f3294a5
2026-08-03,fdtd,7034e8f1
2026-08-03,fdtd,70706e77
2026-08-03,fdtd,7111ec32
2026-08-03,fdtd,73d66775
2026-08-03,fdtd,73d66ac6
2026-08-03,fdtd,75efd717
2026-08-03,fdtd,76e8e36d
2026-08-03,fdtd,7873aade
2026-08-03,fdtd,793bbfc8
2026-08-03,fdtd,7cdcc8b5
2026-08-03,fdtd,7f605080
2026-08-03,fdtd,7faca9ed
2026-08-03,fdtd,8157cd00
2026-08-03,fdtd,834fbedc
2026-08-03,fdtd,83ec0940
2026-08-03,fdtd,84b265ec
2026-08-03,fdtd,86cefbc4
2026-08-03,fdtd,875f8aa9
2026-08-03,fdtd,8916e121
2026-08-03,fdtd,896acc90
2026-08-03,fdtd,898049b3
2026-08-03,fdtd,8a8f7ab9
2026-08-03,fdtd,8cd2a131
2026-08-03,fdtd,8cfa9dc2
2026-08-03,fdtd,8fb45022
2026-08-03,fdtd,8ffcf131
2026-08-03,fdtd,9233eddc
2026-08-03,fdtd,929b784c
2026-08-03,fdtd,93144d0e
2026-08-03,fdtd,95b988d2
2026-08-03,fdtd,967cfc64
2026-08-03,fdtd,9719b681
2026-08-03,fdtd,98299e12
2026-08-03,fdtd,99e44777
2026-08-03,fdtd,9aacb98d
2026-08-03,fdtd,9bfda731
2026-08-03,fdtd,9f65f87f
2026-08-03,fdtd,a0d55688
2026-08-03,fdtd,a2389c72
2026-08-03,fdtd,a2a6901b
2026-08-03,fdtd,a323a543
2026-08-03,fdtd,a36c44f4
2026-08-03,fdtd,a36d40be
2026-08-03,fdtd,a3eb12f5
2026-08-03,fdtd,a5f80604
2026-08-03,fdtd,ad6fdf33
2026-08-03,fdtd,adda67fd
2026-08-03,fdtd,af61f42d
2026-08-03,fdtd,b02c638f
2026-08-03,fdtd,b0388e15
2026-08-03,fdtd,b18781ca
2026-08-03,fdtd,b2381a99
2026-08-03,fdtd,b3a08f03
2026-08-03,fdtd,b46baa92
2026-08-03,fdtd,b5859e17
2026-08-03,fdtd,b5bb8942
2026-08-03,fdtd,b5d1a0f4
2026-08-03,fdtd,b789c7ae
2026-08-03,fdtd,ba83fd90
2026-08-03,fdtd,ba8ea530
2026-08-03,fdtd,bb0f5b22
2026-08-03,fdtd,bbe1f68a
2026-08-03,fdtd,bc2c647f
2026-08-03,fdtd,bd8b2e21
2026-08-03,fdtd,be7bc3d4
2026-08-03,fdtd,bf12138f
2026-08-03,fdtd,bfe8f086
2026-08-03,fdtd,bffe8a36
2026-08-03,fdtd,c06ea625
2026-08-03,fdtd,c09d3125
2026-08-03,fdtd,c194392c
2026-08-03,fdtd,c34cadc7
2026-08-03,fdtd,c4acc015
2026-08-03,fdtd,c5437059
2026-08-03,fdtd,c54e24a2
2026-08-03,fdtd,c5e3f5dc
2026-08-03,fdtd,c6492780
2026-08-03,fdtd,c76c8d82
2026-08-03,fdtd,c970703c
2026-08-03,fdtd,cb75f421
2026-08-03,fdtd,cd530e10
2026-08-03,fdtd,cfe92951
2026-08-03,fdtd,d20fe769
2026-08-03,fdtd,d2ace366
2026-08-03,fdtd,d4370e80
2026-08-03,fdtd,d500b77d
2026-08-03,fdtd,d56fec0d
2026-08-03,fdtd,d754d5d4
2026-08-03,fdtd,d766f8f0
2026-08-03,fdtd,d7c74b32
2026-08-03,fdtd,d8550683
2026-08-03,fdtd,d8862de3
2026-08-03,fdtd,d8ba154a
2026-08-03,fdtd,dad81a6c
2026-08-03,fdtd,dc009e4d
2026-08-03,fdtd,dc40aa3e
2026-08-03,fdtd,dd4a2114
2026-08-03,fdtd,de6aef17
2026-08-03,fdtd,de7ffa54
2026-08-03,fdtd,df6b0fc8
2026-08-03,fdtd,e161c81e
2026-08-03,fdtd,e2859529
2026-08-03,fdtd,e42dc100
2026-08-03,fdtd,e516478f
2026-08-03,fdtd,e658b720
2026-08-03,fdtd,e65cea8e
2026-08-03,fdtd,e6824a86
2026-08-03,fdtd,e7660e44
2026-08-03,fdtd,e7e00cf1
2026-08-03,fdtd,e9146660
2026-08-03,fdtd,e9bb6fbe
2026-08-03,fdtd,ea2957b1
2026-08-03,fdtd,eb68ed9a
2026-08-03,fdtd,ed52be29
2026-08-03,fdtd,ef0642de
2026-08-03,fdtd,ef252151
2026-08-03,fdtd,f0c76834
2026-08-03,fdtd,f1150164
2026-08-03,fdtd,f1c1b11f
2026-08-03,fdtd,f2126b36
2026-08-03,fdtd,f2a363f8
2026-08-03,fdtd,f307e9ab
2026-08-03,fdtd,f33229f4
2026-08-03,fdtd,f33a9351
2026-08-03,fdtd,f3b16429
2026-08-03,fdtd,f4cb1a25
2026-08-03,fdtd,f6aaec17
2026-08-03,fdtd,f7207b98
2026-08-03,fdtd,f7686cc7
2026-08-03,fdtd,f7887abe
2026-08-03,fdtd,fa2a2fd6
2026-08-03,fdtd,fa613b80
2026-08-03,fdtd,fcf9f41f
2026-08-03,fdtd,fdac74b7
2026-08-03,fdtd,fdfb79ed
2026-08-03,fdtd,fe20067e
2026-08-03,fdtd,fe4dc73e
2026-08-03,fdtd,fe551109
2026-08-03,fdtd,ff0f87d4
2026-08-04,fdtd,034ca962
2026-08-04,fdtd,0371882c
2026-08-04,fdtd,086f4140
2026-08-04,fdtd,095ab775
2026-08-04,fdtd,09bc231f
2026-08-04,fdtd,0ac744d2
2026-08-04,fdtd,0b1e880f
2026-08-04,fdtd,11d141e7
2026-08-04,fdtd,13b5ac33
2026-08-04,fdtd,149559ab
2026-08-04,fdtd,14cc2657
2026-08-04,fdtd,1591d803
2026-08-04,fdtd,16fcbf39
2026-08-04,fdtd,17da53ae
2026-08-04,fdtd,199687fd
2026-08-04,fdtd,1caf12f0
2026-08-04,fdtd,1d003437
2026-08-04,fdtd,1fc3cf6d
2026-08-04,fdtd,1fd2e274
2026-08-04,fdtd,21039fda
2026-08-04,fdtd,217a436a
2026-08-04,fdtd,2290eebb
2026-08-04,fdtd,22d0c9cc
2026-08-04,fdtd,24a71465
2026-08-04,fdtd,24c8c712
2026-08-04,fdtd,2579c3a0
2026-08-04,fdtd,26bdf856
2026-08-04,fdtd,27247d58
2026-08-04,fdtd,312f8d14
2026-08-04,fdtd,338dff22
2026-08-04,fdtd,34b43b44
2026-08-04,fdtd,35043f1f
2026-08-04,fdtd,36ae8dd3
2026-08-04,fdtd,37af391b
2026-08-04,fdtd,3ce71e66
2026-08-04,fdtd,48076255
2026-08-04,fdtd,48b92ea7
2026-08-04,fdtd,4c94fc5a
2026-08-04,fdtd,4ed85c9f
2026-08-04,fdtd,4ff4f3f9
2026-08-04,fdtd,51a42944
2026-08-04,fdtd,51f7b76d
2026-08-04,fdtd,53adc0d1
2026-08-04,fdtd,5524216e
2026-08-04,fdtd,57b278be
2026-08-04,fdtd,589181a3
2026-08-04,fdtd,5959f62e
2026-08-04,fdtd,5afa38fe
2026-08-04,fdtd,5b133c6d
2026-08-04,fdtd,5b2575fd
2026-08-04,fdtd,5ec4da0e
2026-08-04,fdtd,5f7871c2
2026-08-04,fdtd,5fa2e647
2026-08-04,fdtd,616656fc
2026-08-04,fdtd,619f659c
2026-08-04,fdtd,65d06808
2026-08-04,fdtd,66336a15
2026-08-04,fdtd,692c4be4
2026-08-04,fdtd,6b6c0078
2026-08-04,fdtd,71333ae9
2026-08-04,fdtd,723ca3ec
2026-08-04,fdtd,76475d7f
2026-08-04,fdtd,76df4597
2026-08-04,fdtd,76e58db5
2026-08-04,fdtd,7887798d
2026-08-04,fdtd,7a176c27
2026-08-04,fdtd,7d98e754
2026-08-04,fdtd,7dfb20d9
2026-08-04,fdtd,7e621f92
2026-08-04,fdtd,7f65767b
2026-08-04,fdtd,80974812
2026-08-04,fdtd,8177374b
2026-08-04,fdtd,82ca1596
2026-08-04,fdtd,84e747a8
2026-08-04,fdtd,8773e29d
2026-08-04,fdtd,893048c1
2026-08-04,fdtd,8b7014e6
2026-08-04,fdtd,8b72d5c4
2026-08-04,fdtd,8c427e33
2026-08-04,fdtd,8c841291
2026-08-04,fdtd,8e7f347c
2026-08-04,fdtd,8ee61cfb
2026-08-04,fdtd,90693b2a
2026-08-04,fdtd,9bc2d740
2026-08-04,fdtd,9f7a863a
2026-08-04,fdtd,a34b700d
2026-08-04,fdtd,a3912f96
2026-08-04,fdtd,a896fb66
2026-08-04,fdtd,ad34f843
2026-08-04,fdtd,ae82c4ff
2026-08-04,fdtd,afe55da7
2026-08-04,fdtd,b2cf7165
2026-08-04,fdtd,b2dc7dfa
2026-08-04,fdtd,b3c8d2a6
2026-08-04,fdtd,b651dd13
2026-08-04,fdtd,b792e95f
2026-08-04,fdtd,b7e0b5e9
2026-08-04,fdtd,b8abbd54
2026-08-04,fdtd,bd621f91
2026-08-04,fdtd,c0758c0b
2026-08-04,fdtd,c07fa3e4
2026-08-04,fdtd,c0a3a8dc
2026-08-04,fdtd,c9b4c198
2026-08-04,fdtd,cbc73426
2026-08-04,fdtd,cc2dcfd4
2026-08-04,fdtd,d3cf530f
2026-08-04,fdtd,d7d5c445
2026-08-04,fdtd,dd4fbb9a
2026-08-04,fdtd,e4323e37
2026-08-04,fdtd,e469cdef
2026-08-04,fdtd,e49f1c11
2026-08-04,fdtd,e662df1d
2026-08-04,fdtd,ea1917be
2026-08-04,fdtd,ed725e03
2026-08-04,fdtd,ede92e23
2026-08-04,fdtd,ef16e90c
2026-08-04,fdtd,f0a3664f
2026-08-04,fdtd,f25272d5
2026-08-04,fdtd,f490b7b7
2026-08-04,fdtd,f7c6c96b
2026-08-04,fdtd,f9e23cfd
2026-08-04,fdtd,fc2d0c87
2026-08-04,fdtd,fe49ba3f
2026-08-05,fdtd,00188025
2026-08-05,fdtd,052b0f41
2026-08-05,fdtd,057e4502
2026-08-05,fdtd,0b9bb34c
2026-08-05,fdtd,0be91684
2026-08-05,fdtd,0d12cf8e
2026-08-05,fdtd,0f056efa
2026-08-05,fdtd,102c93aa
2026-08-05,fdtd,10d4dd9e
2026-08-05,fdtd,110e6916
2026-08-05,fdtd,12aba877
2026-08-05,fdtd,13044c2a
2026-08-05,fdtd,137795ca
2026-08-05,fdtd,155ad821
2026-08-05,fdtd,16ba7267
2026-08-05,fdtd,17bcf5c1
2026-08-05,fdtd,1de7158b
2026-08-05,fdtd,1f2d1d7c
2026-08-05,fdtd,1f99d598
2026-08-05,fdtd,236fdf6e
2026-08-05,fdtd,24394498
2026-08-05,fdtd,24583481
2026-08-05,fdtd,257ee5d0
2026-08-05,fdtd,26258ea1
2026-08-05,fdtd,27460536
2026-08-05,fdtd,2c320492
2026-08-05,fdtd,2c755576
2026-08-05,fdtd,2cf7f7fb
2026-08-05,fdtd,2efba725
2026-08-05,fdtd,323d222b
2026-08-05,fdtd,3530645b
2026-08-05,fdtd,35e2fba7
2026-08-05,fdtd,395c8638
2026-08-05,fdtd,3ae3763e
2026-08-05,fdtd,3c11a78f
2026-08-05,fdtd,3cfa25d1
2026-08-05,fdtd,3db5e9e2
2026-08-05,fdtd,3f2293c1
2026-08-05,fdtd,41028666
2026-08-05,fdtd,428046f2
2026-08-05,fdtd,49b6989f
2026-08-05,fdtd,4ec1b3e9
2026-08-05,fdtd,51d385ad
2026-08-05,fdtd,5279ae0a
2026-08-05,fdtd,541bda83
2026-08-05,fdtd,5545c444
2026-08-05,fdtd,587a8bd3
2026-08-05,fdtd,5c95ce91
2026-08-05,fdtd,5d45038e
2026-08-05,fdtd,5d578862
2026-08-05,fdtd,5e7fd33f
2026-08-05,fdtd,6307468c
2026-08-05,fdtd,68388f60
2026-08-05,fdtd,694b37fa
2026-08-05,fdtd,69b017ab
2026-08-05,fdtd,6a321e88
2026-08-05,fdtd,6c1f6706
2026-08-05,fdtd,6c8e4996
2026-08-05,fdtd,70231d7f
2026-08-05,fdtd,752d005b
2026-08-05,fdtd,7552c543
2026-08-05,fdtd,75d36104
2026-08-05,fdtd,763baf43
2026-08-05,fdtd,76c55f3a
2026-08-05,fdtd,7aaebb3d
2026-08-05,fdtd,7c7f844b
2026-08-05,fdtd,7d1fe317
2026-08-05,fdtd,7f66b529
2026-08-05,fdtd,7f7456e1
2026-08-05,fdtd,827b776a
2026-08-05,fdtd,8528dae1
2026-08-05,fdtd,8eff733f
2026-08-05,fdtd,938eaf97
2026-08-05,fdtd,96870eb1
2026-08-05,fdtd,9f1a4675
2026-08-05,fdtd,9fbdcc11
2026-08-05,fdtd,a10b2c22
2026-08-05,fdtd,a23b1299
2026-08-05,fdtd,a3321958
2026-08-05,fdtd,a6fdce3f
2026-08-05,fdtd,a882b897
2026-08-05,fdtd,aa1f6f32
2026-08-05,fdtd,ad272228
2026-08-05,fdtd,ad359c4a
2026-08-05,fdtd,adafd496
2026-08-05,fdtd,af64de8d
2026-08-05,fdtd,b3e48858
2026-08-05,fdtd,b49e3020
2026-08-05,fdtd,b68d94ec
2026-08-05,fdtd,b927a334
2026-08-05,fdtd,c7a2cd35
2026-08-05,fdtd,cbcb281a
2026-08-05,fdtd,cde9f9e2
2026-08-05,fdtd,ce1e68d4
2026-08-05,fdtd,dad041cc
2026-08-05,fdtd,e8f7df73
2026-08-05,fdtd,e9842957
2026-08-05,fdtd,eaedd8f6
2026-08-05,fdtd,ed4eb456
2026-08-05,fdtd,f1049149
2026-08-05,fdtd,f1c87907
2026-08-05,fdtd,f2b7bfbd
2026-08-05,fdtd,f50aabcb
2026-08-05,fdtd,f7540a89
2026-08-05,fdtd,f9b33cdb
2026-08-05,fdtd,fbf854e2
2026-08-05,fdtd,fe28203d
2026-08-07,fdtd,09132935
2026-08-07,fdtd,10796215
2026-08-07,fdtd,25aba5f4
2026-08-07,fdtd,322d520a
2026-08-07,fdtd,3c314557
2026-08-07,fdtd,438ad189
2026-08-07,fdtd,4ae51e03
2026-08-07,fdtd,5206d8be
2026-08-07,fdtd,60f78451
2026-08-07,fdtd,64601976
2026-08-07,fdtd,66a69af6
2026-08-07,fdtd,6c4fb08a
2026-08-07,fdtd,6e74489c
2026-08-07,fdtd,6fa6f615
2026-08-07,fdtd,87f07388
2026-08-07,fdtd,8a7fb459
2026-08-07,fdtd,a0d3a832
2026-08-07,fdtd,a77c60e3
2026-08-07,fdtd,ac854258
2026-08-07,fdtd,b0cf400f
2026-08-07,fdtd,b6c94dad
2026-08-07,fdtd,bddb2058
2026-08-07,fdtd,ca266291
2026-08-07,fdtd,cfd881df
2026-08-07,fdtd,e10bb86d
2026-08-07,fdtd,f42fce36
2026-08-08,fdtd,1f9c4f9f
2026-08-08,fdtd,585ee509
2026-08-08,fdtd,66d02730
2026-08-08,fdtd,6b004d9a
2026-08-08,fdtd,6d77181a
2026-08-08,fdtd,6f43d034
2026-08-08,fdtd,7726494a
2026-08-08,fdtd,7b4566b6
2026-08-08,fdtd,a66846c9
2026-08-08,fdtd,a9f9004a
2026-08-08,fdtd,b76c397a
2026-08-08,fdtd,c2a7b3fe
2026-08-08,fdtd,d7247018
2026-08-08,fdtd,f70ded64
2026-08-09,fdtd,1c137e6b
2026-08-09,fdtd,30d8e26f
2026-08-09,fdtd,5cc239c7
2026-08-09,fdtd,68e65d85
2026-08-09,fdtd,75a93ebd
2026-08-09,fdtd,94396ecf
2026-08-09,fdtd,f0d4602e
2026-08-09,fdtd,f5be9a4d
2026-08-10,fdtd,0026ed30
2026-08-10,fdtd,0161e43f
2026-08-10,fdtd,01c76e8e
2026-08-10,fdtd,0275a5f3
2026-08-10,fdtd,0291067c
2026-08-10,fdtd,03559c48
2026-08-10,fdtd,0384d14d
2026-08-10,fdtd,07c46b11
2026-08-10,fdtd,08275e25
2026-08-10,fdtd,08cc68be
2026-08-10,fdtd,09e5f775
2026-08-10,fdtd,0b1eea57
2026-08-10,fdtd,0bcee2ce
2026-08-10,fdtd,0ea15bdc
2026-08-10,fdtd,0f3d80b0
2026-08-10,fdtd,0ff25660
2026-08-10,fdtd,11241e95
2026-08-10,fdtd,1156f292
2026-08-10,fdtd,1170c02e
2026-08-10,fdtd,11ce74c5
2026-08-10,fdtd,131810e0
2026-08-10,fdtd,136e9e19
2026-08-10,fdtd,13c5ba5f
2026-08-10,fdtd,161a4461
2026-08-10,fdtd,163522e8
2026-08-10,fdtd,172a8a64
2026-08-10,fdtd,177817d1
2026-08-10,fdtd,185380c8
2026-08-10,fdtd,1a78daa9
2026-08-10,fdtd,1ad4c0b9
2026-08-10,fdtd,1afcfff8
2026-08-10,fdtd,1b7caa83
2026-08-10,fdtd,1b939e92
2026-08-10,fdtd,1bafde01
2026-08-10,fdtd,1c11010c
2026-08-10,fdtd,1c8b476b
2026-08-10,fdtd,1d0d5616
2026-08-10,fdtd,1d913a24
2026-08-10,fdtd,1dab1048
2026-08-10,fdtd,1db1073a
2026-08-10,fdtd,1dc5f944
2026-08-10,fdtd,1e2006a5
2026-08-10,fdtd,1e33cb8d
2026-08-10,fdtd,1e81a5e0
2026-08-10,fdtd,1e8d7895
2026-08-10,fdtd,1e93801d
2026-08-10,fdtd,1fff6316
2026-08-10,fdtd,20118f21
2026-08-10,fdtd,201553a7
2026-08-10,fdtd,20974837
2026-08-10,fdtd,22548656
2026-08-10,fdtd,23286efc
2026-08-10,fdtd,2345ec80
2026-08-10,fdtd,2460f507
2026-08-10,fdtd,24c8b7e4
2026-08-10,fdtd,259e3ea5
2026-08-10,fdtd,25e3dc43
2026-08-10,fdtd,2671999d
2026-08-10,fdtd,267d3370
2026-08-10,fdtd,2768bb7f
2026-08-10,fdtd,27bae0b4
2026-08-10,fdtd,28c4366c
2026-08-10,fdtd,293ef496
2026-08-10,fdtd,2a5daf27
2026-08-10,fdtd,2a77df6c
2026-08-10,fdtd,2b424cc6
2026-08-10,fdtd,2bcc48ab
2026-08-10,fdtd,2d936f18
2026-08-10,fdtd,2da075d9
2026-08-10,fdtd,2da9a807
2026-08-10,fdtd,2de32b77
2026-08-10,fdtd,2de8171f
2026-08-10,fdtd,2e462dba
2026-08-10,fdtd,2eff2e35
2026-08-10,fdtd,3118a915
2026-08-10,fdtd,313631d5
2026-08-10,fdtd,32aae7b3
2026-08-10,fdtd,339f963d
2026-08-10,fdtd,340e2fe4
2026-08-10,fdtd,34141a48
2026-08-10,fdtd,34868db5
2026-08-10,fdtd,368b7b5c
2026-08-10,fdtd,36f6a041
2026-08-10,fdtd,372d3e83
2026-08-10,fdtd,3742326d
2026-08-10,fdtd,37cb9c91
2026-08-10,fdtd,38968c76
2026-08-10,fdtd,38c5b8ec
2026-08-10,fdtd,38d1e3c5
2026-08-10,fdtd,38d2f7d4
2026-08-10,fdtd,38ea82b5
2026-08-10,fdtd,390523c2
2026-08-10,fdtd,3940bf3f
2026-08-10,fdtd,3a8d9661
2026-08-10,fdtd,3aa5b7db
2026-08-10,fdtd,3b41abf3
2026-08-10,fdtd,3b77aa47
2026-08-10,fdtd,3b90c8e9
2026-08-10,fdtd,3bb58a10
2026-08-10,fdtd,3c774bfd
2026-08-10,fdtd,3e764085
2026-08-10,fdtd,3ed18685
2026-08-10,fdtd,3f890e65
2026-08-10,fdtd,4038b4c3
2026-08-10,fdtd,40523379
2026-08-10,fdtd,40ff9dc8
2026-08-10,fdtd,41ae1109
2026-08-10,fdtd,41e82e1f
2026-08-10,fdtd,424110f1
2026-08-10,fdtd,449a870e
2026-08-10,fdtd,44bf258c
2026-08-10,fdtd,44f34ef3
2026-08-10,fdtd,45058a44
2026-08-10,fdtd,453c8032
2026-08-10,fdtd,469c76e0
2026-08-10,fdtd,4706428d
2026-08-10,fdtd,478d7bb8
2026-08-10,fdtd,4795fba5
2026-08-10,fdtd,4797eaed
2026-08-10,fdtd,47aa52e6
2026-08-10,fdtd,483df481
2026-08-10,fdtd,489046c8
2026-08-10,fdtd,48cc8e2c
2026-08-10,fdtd,48dd7ddb
2026-08-10,fdtd,490c74bb
2026-08-10,fdtd,49364766
2026-08-10,fdtd,49d07923
2026-08-10,fdtd,4a5eba00
2026-08-10,fdtd,4b36811a
2026-08-10,fdtd,4c66c6ab
2026-08-10,fdtd,4c85633a
2026-08-10,fdtd,4c8d04ac
2026-08-10,fdtd,4cca3a00
2026-08-10,fdtd,4d324cdb
2026-08-10,fdtd,4dd1547a
2026-08-10,fdtd,4e76c159
2026-08-10,fdtd,4ea09631
2026-08-10,fdtd,4eef6c14
2026-08-10,fdtd,4f75c326
2026-08-10,fdtd,51d95298
2026-08-10,fdtd,51de6a49
2026-08-10,fdtd,528e8047
2026-08-10,fdtd,52c9bbb4
2026-08-10,fdtd,532a68d2
2026-08-10,fdtd,539aee14
2026-08-10,fdtd,53a9502c
2026-08-10,fdtd,53d74e40
2026-08-10,fdtd,53ef0195
2026-08-10,fdtd,5574681f
2026-08-10,fdtd,558d1c4b
2026-08-10,fdtd,55a39882
2026-08-10,fdtd,55b13471
2026-08-10,fdtd,55b9e682
2026-08-10,fdtd,567aeca1
2026-08-10,fdtd,56b15c26
2026-08-10,fdtd,570f0574
2026-08-10,fdtd,5746c414
2026-08-10,fdtd,57bd04af
2026-08-10,fdtd,58551785
2026-08-10,fdtd,591c7a18
2026-08-10,fdtd,5952b47d
2026-08-10,fdtd,5962682f
2026-08-10,fdtd,59705be3
2026-08-10,fdtd,59ab18cb
2026-08-10,fdtd,59ca90be
2026-08-10,fdtd,59d5db2d
2026-08-10,fdtd,59ff5959
2026-08-10,fdtd,59ffcb34
2026-08-10,fdtd,5aaa4670
2026-08-10,fdtd,5b35a089
2026-08-10,fdtd,5b70310f
2026-08-10,fdtd,5bcbd732
2026-08-10,fdtd,5c85850e
2026-08-10,fdtd,5c912667
2026-08-10,fdtd,5d75c33e
2026-08-10,fdtd,5e4504c3
2026-08-10,fdtd,5e88f2c1
2026-08-10,fdtd,5ec47d7b
2026-08-10,fdtd,5f2d3ce5
2026-08-10,fdtd,5fece703
2026-08-10,fdtd,6020df27
2026-08-10,fdtd,60a2edc0
2026-08-10,fdtd,60f50ae9
2026-08-10,fdtd,62473136
2026-08-10,fdtd,6257afe4
2026-08-10,fdtd,62720f29
2026-08-10,fdtd,62cb72f0
2026-08-10,fdtd,6311c8ed
2026-08-10,fdtd,63438c5b
2026-08-10,fdtd,6387cdff
2026-08-10,fdtd,647725b9
2026-08-10,fdtd,65916881
2026-08-10,fdtd,6602e67b
2026-08-10,fdtd,690c1257
2026-08-10,fdtd,691f2ad9
2026-08-10,fdtd,692397e5
2026-08-10,fdtd,695814b5
2026-08-10,fdtd,696117bb
2026-08-10,fdtd,69b27c8c
2026-08-10,fdtd,69f83b0b
2026-08-10,fdtd,6a6caf13
2026-08-10,fdtd,6ad946fc
2026-08-10,fdtd,6c183890
2026-08-10,fdtd,6c96a970
2026-08-10,fdtd,6ca13ab4
2026-08-10,fdtd,6d0f9c8c
2026-08-10,fdtd,6f9c3cdf
2026-08-10,fdtd,7109185a
2026-08-10,fdtd,71128ba5
2026-08-10,fdtd,71a167f8
2026-08-10,fdtd,7223b911
2026-08-10,fdtd,72342202
2026-08-10,fdtd,73032dd6
2026-08-10,fdtd,738ff7fa
2026-08-10,fdtd,73a422aa
2026-08-10,fdtd,73d957c4
2026-08-10,fdtd,73e0da20
2026-08-10,fdtd,743b00f4
2026-08-10,fdtd,746a094d
2026-08-10,fdtd,7539fafe
2026-08-10,fdtd,75927df4
2026-08-10,fdtd,7595ad93
2026-08-10,fdtd,75a0fc15
2026-08-10,fdtd,75e95e65
2026-08-10,fdtd,7626a10f
2026-08-10,fdtd,76684c93
2026-08-10,fdtd,77c09a2b
2026-08-10,fdtd,78119693
2026-08-10,fdtd,7903a765
2026-08-10,fdtd,792b1d79
2026-08-10,fdtd,7a3fbb3d
2026-08-10,fdtd,7a713e84
2026-08-10,fdtd,7a942a0b
2026-08-10,fdtd,7bceffcc
2026-08-10,fdtd,7c5d371d
2026-08-10,fdtd,7cb885e1
2026-08-10,fdtd,7d82f6b3
2026-08-10,fdtd,7dd8d327
2026-08-10,fdtd,7e605c3f
2026-08-10,fdtd,7e78adae
2026-08-10,fdtd,7ee3c4b2
2026-08-10,fdtd,7f16d1bc
2026-08-10,fdtd,7f530414
2026-08-10,fdtd,81c54477
2026-08-10,fdtd,832b3f95
2026-08-10,fdtd,83828604
2026-08-10,fdtd,85b3513b
2026-08-10,fdtd,85bde448
2026-08-10,fdtd,86d14ac7
2026-08-10,fdtd,87446786
2026-08-10,fdtd,87e5e27d
2026-08-10,fdtd,88e8a5df
2026-08-10,fdtd,89c2897d
2026-08-10,fdtd,8a6d9efe
2026-08-10,fdtd,8aa14bed
2026-08-10,fdtd,8afcd4f9
2026-08-10,fdtd,8b01846e
2026-08-10,fdtd,903ae905
2026-08-10,fdtd,908e611c
2026-08-10,fdtd,911c2d91
2026-08-10,fdtd,9231eebd
2026-08-10,fdtd,9252fe88
2026-08-10,fdtd,92831a5d
2026-08-10,fdtd,92e9b189
2026-08-10,fdtd,938d2764
2026-08-10,fdtd,9395245b
2026-08-10,fdtd,95700ba2
2026-08-10,fdtd,957926dd
2026-08-10,fdtd,9695b42d
2026-08-10,fdtd,96da51b7
2026-08-10,fdtd,98a70152
2026-08-10,fdtd,9a0c7e4f
2026-08-10,fdtd,9a5e58b8
2026-08-10,fdtd,9b73d66c
2026-08-10,fdtd,9b967861
2026-08-10,fdtd,9d986216
2026-08-10,fdtd,9f1b1528
2026-08-10,fdtd,9f1fdfdc
2026-08-10,fdtd,a06ab84c
2026-08-10,fdtd,a134115e
2026-08-10,fdtd,a1b02d32
2026-08-10,fdtd,a2a12b34
2026-08-10,fdtd,a39d543e
2026-08-10,fdtd,a411ddd6
2026-08-10,fdtd,a418572a
2026-08-10,fdtd,a53146a9
2026-08-10,fdtd,a55fdafd
2026-08-10,fdtd,a565b74f
2026-08-10,fdtd,a5acfd84
2026-08-10,fdtd,a5b01615
2026-08-10,fdtd,a5b92026
2026-08-10,fdtd,a5d3e3ad
2026-08-10,fdtd,a6374852
2026-08-10,fdtd,a64267e5
2026-08-10,fdtd,a64ee1a6
2026-08-10,fdtd,a6a4650f
2026-08-10,fdtd,a6f69237
2026-08-10,fdtd,a729e5d6
2026-08-10,fdtd,a73af1c5
2026-08-10,fdtd,a76b66dd
2026-08-10,fdtd,a78acbc1
2026-08-10,fdtd,a7b7d716
2026-08-10,fdtd,a8114080
2026-08-10,fdtd,a8cb603b
2026-08-10,fdtd,a8dc1d8f
2026-08-10,fdtd,a95a11be
2026-08-10,fdtd,a9f80cb8
2026-08-10,fdtd,aa480fcc
2026-08-10,fdtd,aad38153
2026-08-10,fdtd,aadbf80e
2026-08-10,fdtd,aae17638
2026-08-10,fdtd,ab9455fb
2026-08-10,fdtd,ab9a5ea5
2026-08-10,fdtd,ac3e716c
2026-08-10,fdtd,ac77d82f
2026-08-10,fdtd,acd55a12
2026-08-10,fdtd,acdb1c2f
2026-08-10,fdtd,ace0c431
2026-08-10,fdtd,acef86bb
2026-08-10,fdtd,ad34558e
2026-08-10,fdtd,ad66f2bd
2026-08-10,fdtd,ad7a5b95
2026-08-10,fdtd,adf83a1f
2026-08-10,fdtd,ae072352
2026-08-10,fdtd,aea1c04d
2026-08-10,fdtd,aed686ef
2026-08-10,fdtd,afcc86de
2026-08-10,fdtd,affb6bfb
2026-08-10,fdtd,b032cc00
2026-08-10,fdtd,b0614247
2026-08-10,fdtd,b0ace0c9
2026-08-10,fdtd,b1580763
2026-08-10,fdtd,b15e1443
2026-08-10,fdtd,b22ee43b
2026-08-10,fdtd,b2d622bd
2026-08-10,fdtd,b2f2ac87
2026-08-10,fdtd,b43903cf
2026-08-10,fdtd,b44542d6
2026-08-10,fdtd,b556e96b
2026-08-10,fdtd,b5b9e35b
2026-08-10,fdtd,b5d83f1f
2026-08-10,fdtd,b5dc5251
2026-08-10,fdtd,b6fe5d83
2026-08-10,fdtd,b9ec30b6
2026-08-10,fdtd,bb1ee39d
2026-08-10,fdtd,bbad4400
2026-08-10,fdtd,bd3981d8
2026-08-10,fdtd,bdcac246
2026-08-10,fdtd,be2b2fa5
2026-08-10,fdtd,be52254d
2026-08-10,fdtd,be9f473e
2026-08-10,fdtd,bf4c1828
2026-08-10,fdtd,c08916fe
2026-08-10,fdtd,c17a8876
2026-08-10,fdtd,c45cf84e
2026-08-10,fdtd,c4bc8458
2026-08-10,fdtd,c4f0684e
2026-08-10,fdtd,c576c182
2026-08-10,fdtd,c6046752
2026-08-10,fdtd,c82757a7
2026-08-10,fdtd,c959c340
2026-08-10,fdtd,c9f80ae7
2026-08-10,fdtd,c9fe1dc6
2026-08-10,fdtd,caed2dcf
2026-08-10,fdtd,caf4d29f
2026-08-10,fdtd,cc917ff3
2026-08-10,fdtd,ccd594f2
2026-08-10,fdtd,cd63d062
2026-08-10,fdtd,cddefb2e
2026-08-10,fdtd,ce2a224e
2026-08-10,fdtd,cf769ec9
2026-08-10,fdtd,d01ea9a1
2026-08-10,fdtd,d0588180
2026-08-10,fdtd,d0955018
2026-08-10,fdtd,d111c299
2026-08-10,fdtd,d114f3b4
2026-08-10,fdtd,d1bbbf2f
2026-08-10,fdtd,d1c22249
2026-08-10,fdtd,d20fa86e
2026-08-10,fdtd,d2d7b466
2026-08-10,fdtd,d30079d8
2026-08-10,fdtd,d316492b
2026-08-10,fdtd,d372f6ea
2026-08-10,fdtd,d3782828
2026-08-10,fdtd,d43dc2ee
2026-08-10,fdtd,d4513029
2026-08-10,fdtd,d4ae77f4
2026-08-10,fdtd,d4aeddda
2026-08-10,fdtd,d4d9a3d9
2026-08-10,fdtd,d52dc9cf
2026-08-10,fdtd,d5aaac19
2026-08-10,fdtd,d5be5521
2026-08-10,fdtd,d60cba9d
2026-08-10,fdtd,d6a36bd6
2026-08-10,fdtd,d768db2d
2026-08-10,fdtd,dac5d8a3
2026-08-10,fdtd,dacc5b5c
2026-08-10,fdtd,db085a1e
2026-08-10,fdtd,db5b06c9
2026-08-10,fdtd,dc1f4b46
2026-08-10,fdtd,dc3a7a65
2026-08-10,fdtd,dc813bef
2026-08-10,fdtd,ddb7b858
2026-08-10,fdtd,ddc4e94d
2026-08-10,fdtd,ddf0dace
2026-08-10,fdtd,de8d9178
2026-08-10,fdtd,df16cf3b
2026-08-10,fdtd,df26f284
2026-08-10,fdtd,df2deb80
2026-08-10,fdtd,e002ebdf
2026-08-10,fdtd,e06fb42f
2026-08-10,fdtd,e0d13c78
2026-08-10,fdtd,e0d1ebfe
2026-08-10,fdtd,e1346725
2026-08-10,fdtd,e160e2ff
2026-08-10,fdtd,e21b20c2
2026-08-10,fdtd,e256d654
2026-08-10,fdtd,e301c7cc
2026-08-10,fdtd,e32b1330
2026-08-10,fdtd,e3461c9b
2026-08-10,fdtd,e370321c
2026-08-10,fdtd,e41147d4
2026-08-10,fdtd,e48e1fe8
2026-08-10,fdtd,e4b19ec5
2026-08-10,fdtd,e4d30aa3
2026-08-10,fdtd,e529b19d
2026-08-10,fdtd,e5c1aab4
2026-08-10,fdtd,e64381a4
2026-08-10,fdtd,e6677312
2026-08-10,fdtd,e72a5d02
2026-08-10,fdtd,e8e3c643
2026-08-10,fdtd,e8f22397
2026-08-10,fdtd,e9e056e9
2026-08-10,fdtd,e9eb80e4
2026-08-10,fdtd,eb6d0f4e
2026-08-10,fdtd,ec3a990e
2026-08-10,fdtd,ed0209d7
2026-08-10,fdtd,ed15db23
2026-08-10,fdtd,ed38ac3f
2026-08-10,fdtd,ee1d0bed
2026-08-10,fdtd,eeaf8e6b
2026-08-10,fdtd,efd615af
2026-08-10,fdtd,f0350ae9
2026-08-10,fdtd,f09d3764
2026-08-10,fdtd,f121dd34
2026-08-10,fdtd,f178b637
2026-08-10,fdtd,f2be6bca
2026-08-10,fdtd,f3221150
2026-08-10,fdtd,f3384572
2026-08-10,fdtd,f3463c8c
2026-08-10,fdtd,f3a5924d
2026-08-10,fdtd,f3cd202f
2026-08-10,fdtd,f3e1975a
2026-08-10,fdtd,f47c9e8b
2026-08-10,fdtd,f4aff20a
2026-08-10,fdtd,f56857f7
2026-08-10,fdtd,f58f8584
2026-08-10,fdtd,f5b7d316
2026-08-10,fdtd,f5dde61a
2026-08-10,fdtd,f6a8406f
2026-08-10,fdtd,f7886c7f
2026-08-10,fdtd,f799fe73
2026-08-10,fdtd,f7c31403
2026-08-10,fdtd,f882265f
2026-08-10,fdtd,f8b0a6ca
2026-08-10,fdtd,f91e25f3
2026-08-10,fdtd,f969a699
2026-08-10,fdtd,f96ad8e6
2026-08-10,fdtd,fb1dad2b
2026-08-10,fdtd,fc5933ca
2026-08-10,fdtd,fca99d81
2026-08-10,fdtd,fd428ae0
2026-08-10,fdtd,fda05d2a
2026-08-10,fdtd,feb51cb2
2026-08-11,fdtd,028bb4ae
2026-08-11,fdtd,03ab797a
2026-08-11,fdtd,0b1f8093
2026-08-11,fdtd,0bc0e6e3
2026-08-11,fdtd,0d7d5f7d
2026-08-11,fdtd,0d86529a
2026-08-11,fdtd,0db479b5
2026-08-11,fdtd,0f3ca5e2
2026-08-11,fdtd,174dbd9b
2026-08-11,fdtd,178feb90
2026-08-11,fdtd,1e519790
2026-08-11,fdtd,1f051936
2026-08-11,fdtd,27870d56
2026-08-11,fdtd,291785bc
2026-08-11,fdtd,29add575
2026-08-11,fdtd,2a6e4107
2026-08-11,fdtd,2b657d64
2026-08-11,fdtd,2cd2fc1e
2026-08-11,fdtd,2cd8ea7e
2026-08-11,fdtd,2effd500
2026-08-11,fdtd,3157280a
2026-08-11,fdtd,3270c27e
2026-08-11,fdtd,33d60588
2026-08-11,fdtd,35ff79e1
2026-08-11,fdtd,36a4ac77
2026-08-11,fdtd,38c69032
2026-08-11,fdtd,3a92b000
2026-08-11,fdtd,3b438ef8
2026-08-11,fdtd,3d668c05
2026-08-11,fdtd,3dfbac93
2026-08-11,fdtd,3ff56b0f
2026-08-11,fdtd,40d12063
2026-08-11,fdtd,4305e609
2026-08-11,fdtd,452b12e2
2026-08-11,fdtd,454a738b
2026-08-11,fdtd,45f85f57
2026-08-11,fdtd,487f36cc
2026-08-11,fdtd,4acdfe74
2026-08-11,fdtd,4bb72586
2026-08-11,fdtd,4f3cfe65
2026-08-11,fdtd,4f4f2564
2026-08-11,fdtd,4fbf5667
2026-08-11,fdtd,55626786
2026-08-11,fdtd,562b804b
2026-08-11,fdtd,56c008b9
2026-08-11,fdtd,571fd710
2026-08-11,fdtd,574ab2f4
2026-08-11,fdtd,575fc866
2026-08-11,fdtd,5abe64d1
2026-08-11,fdtd,5ad83632
2026-08-11,fdtd,620c5c67
2026-08-11,fdtd,626fd16c
2026-08-11,fdtd,6431ed3b
2026-08-11,fdtd,66776dbc
2026-08-11,fdtd,6fe70246
2026-08-11,fdtd,77ef2856
2026-08-11,fdtd,78dff51f
2026-08-11,fdtd,7a9a56e5
2026-08-11,fdtd,7b05e4cb
2026-08-11,fdtd,7bae7384
2026-08-11,fdtd,7c17611a
2026-08-11,fdtd,7eb61379
2026-08-11,fdtd,7ed3d5a7
2026-08-11,fdtd,81461ed5
2026-08-11,fdtd,845293fc
2026-08-11,fdtd,86d0f86c
2026-08-11,fdtd,87018dfd
2026-08-11,fdtd,877a8245
2026-08-11,fdtd,8b688646
2026-08-11,fdtd,8bc9dc8a
2026-08-11,fdtd,8c9f0e40
2026-08-11,fdtd,8d00670e
2026-08-11,fdtd,8d305efa
2026-08-11,fdtd,8d366396
2026-08-11,fdtd,8d605d8c
2026-08-11,fdtd,8e970d8a
2026-08-11,fdtd,90f1f91c
2026-08-11,fdtd,910dfbec
2026-08-11,fdtd,93791e58
2026-08-11,fdtd,9462c23d
2026-08-11,fdtd,94ebb87e
2026-08-11,fdtd,97b2042b
2026-08-11,fdtd,9803cdb9
2026-08-11,fdtd,9a7a2c41
2026-08-11,fdtd,9b2e23d0
2026-08-11,fdtd,9b7ad2e6
2026-08-11,fdtd,9dff772b
2026-08-11,fdtd,9f8a1011
2026-08-11,fdtd,a25029e4
2026-08-11,fdtd,a284114f
2026-08-11,fdtd,a5a8f3c4
2026-08-11,fdtd,a5b19cf0
2026-08-11,fdtd,a8503bf9
2026-08-11,fdtd,aac39e45
2026-08-11,fdtd,ac88e5cd
2026-08-11,fdtd,ad37e244
2026-08-11,fdtd,aec65185
2026-08-11,fdtd,b05dab85
2026-08-11,fdtd,b06f8c2b
2026-08-11,fdtd,b0d5567f
2026-08-11,fdtd,b49da140
2026-08-11,fdtd,b5417329
2026-08-11,fdtd,b5762a34
2026-08-11,fdtd,b595268d
2026-08-11,fdtd,b9f80d2f
2026-08-11,fdtd,bb0e516f
2026-08-11,fdtd,bc4e1eba
2026-08-11,fdtd,befe2ff9
2026-08-11,fdtd,bf5fa215
2026-08-11,fdtd,bfe33ddd
2026-08-11,fdtd,c0ab0118
2026-08-11,fdtd,c3d8c013
2026-08-11,fdtd,c3e69d8c
2026-08-11,fdtd,c3ec61bc
2026-08-11,fdtd,c628cd8b
2026-08-11,fdtd,c76a605a
2026-08-11,fdtd,c85f5eef
2026-08-11,fdtd,ca6881e4
2026-08-11,fdtd,ce8c1683
2026-08-11,fdtd,cf67d46b
2026-08-11,fdtd,d04d4427
2026-08-11,fdtd,d300ba36
2026-08-11,fdtd,d3d83e71
2026-08-11,fdtd,d5e4be82
2026-08-11,fdtd,d96f7a1b
2026-08-11,fdtd,d9b19f9a
2026-08-11,fdtd,da9d645f
2026-08-11,fdtd,dd0ab29f
2026-08-11,fdtd,e3c24cc2
2026-08-11,fdtd,e7654b22
2026-08-11,fdtd,eb04e9a4
2026-08-11,fdtd,f311b649
2026-08-11,fdtd,f555a452
2026-08-11,fdtd,f5617936
2026-08-11,fdtd,fa2f9557
2026-08-11,fdtd,fb38eb9f
2026-08-11,fdtd,fd360720
2026-08-11,fdtd,fe18bb36
2026-08-11,fdtd,feeb7637
2026-08-12,fdtd,00c50ce8
2026-08-12,fdtd,0162b26d
2026-08-12,fdtd,030c7657
2026-08-12,fdtd,03673770
2026-08-12,fdtd,0446bf40
2026-08-12,fdtd,055476da
2026-08-12,fdtd,0566be94
2026-08-12,fdtd,057fc1de
2026-08-12,fdtd,06726664
2026-08-12,fdtd,072aafa7
2026-08-12,fdtd,07440677
2026-08-12,fdtd,0790a9e7
2026-08-12,fdtd,0810d4b5
2026-08-12,fdtd,0812e21f
2026-08-12,fdtd,093146fb
2026-08-12,fdtd,0a450697
2026-08-12,fdtd,0ab2ac2e
2026-08-12,fdtd,0aff1284
2026-08-12,fdtd,0ba191ce
2026-08-12,fdtd,0e19f91e
2026-08-12,fdtd,0ebb4598
2026-08-12,fdtd,0ee83e69
2026-08-12,fdtd,0fac5f3d
2026-08-12,fdtd,0fcb4bee
2026-08-12,fdtd,110b60c3
2026-08-12,fdtd,11136874
2026-08-12,fdtd,11dfd199
2026-08-12,fdtd,12a4fc0e
2026-08-12,fdtd,12de67f1
2026-08-12,fdtd,13bc0de1
2026-08-12,fdtd,14dd869e
2026-08-12,fdtd,14f28cf6
2026-08-12,fdtd,1753a8a8
2026-08-12,fdtd,1775f62a
2026-08-12,fdtd,1787d228
2026-08-12,fdtd,17bb16d6
2026-08-12,fdtd,1993cd67
2026-08-12,fdtd,19b5a199
2026-08-12,fdtd,1a4d58e3
2026-08-12,fdtd,1a5a3580
2026-08-12,fdtd,1bcf7a24
2026-08-12,fdtd,1c81fcbb
2026-08-12,fdtd,1c98ece5
2026-08-12,fdtd,1d1966ea
2026-08-12,fdtd,21ccf081
2026-08-12,fdtd,251c9735
2026-08-12,fdtd,26248a5c
2026-08-12,fdtd,29cb409c
2026-08-12,fdtd,2a6f47b0
2026-08-12,fdtd,2ac439ca
2026-08-12,fdtd,2b2293e8
2026-08-12,fdtd,2bdc5f3a
2026-08-12,fdtd,2c2f8f7d
2026-08-12,fdtd,2c6c11ea
2026-08-12,fdtd,2dc97650
2026-08-12,fdtd,30142f10
2026-08-12,fdtd,305258d8
2026-08-12,fdtd,3094bb8e
2026-08-12,fdtd,312cadb4
2026-08-12,fdtd,3153974e
2026-08-12,fdtd,31733a91
2026-08-12,fdtd,33a8cc1e
2026-08-12,fdtd,33ce325e
2026-08-12,fdtd,3444eeee
2026-08-12,fdtd,34ca4261
2026-08-12,fdtd,35d4090c
2026-08-12,fdtd,35e20c3c
2026-08-12,fdtd,386f420d
2026-08-12,fdtd,390cb3cd
2026-08-12,fdtd,3918a154
2026-08-12,fdtd,39a343cc
2026-08-12,fdtd,3b17738d
2026-08-12,fdtd,3d145ab2
2026-08-12,fdtd,3d3fd3f6
2026-08-12,fdtd,3d4fb27d
2026-08-12,fdtd,42dd6bd4
2026-08-12,fdtd,46baa9f5
2026-08-12,fdtd,46f8985f
2026-08-12,fdtd,483ae2e5
2026-08-12,fdtd,49643a21
2026-08-12,fdtd,49f9e2d7
2026-08-12,fdtd,4a4d9be0
2026-08-12,fdtd,4c683c5c
2026-08-12,fdtd,4d77bfbe
2026-08-12,fdtd,4e99aae6
2026-08-12,fdtd,4ea59505
2026-08-12,fdtd,4f37b976
2026-08-12,fdtd,518a4af3
2026-08-12,fdtd,5249edbb
2026-08-12,fdtd,53019b44
2026-08-12,fdtd,5336d002
2026-08-12,fdtd,54abd8b9
2026-08-12,fdtd,56d205d3
2026-08-12,fdtd,578d79dd
2026-08-12,fdtd,59428d4a
2026-08-12,fdtd,5a346561
2026-08-12,fdtd,5a462b6e
2026-08-12,fdtd,5c5396fe
2026-08-12,fdtd,5cdd79ee
2026-08-12,fdtd,5f725fa3
2026-08-12,fdtd,5fc7c199
2026-08-12,fdtd,60699a27
2026-08-12,fdtd,61860575
2026-08-12,fdtd,61ae61a8
2026-08-12,fdtd,62e99bfa
2026-08-12,fdtd,639e0697
2026-08-12,fdtd,640a11b3
2026-08-12,fdtd,6715dfb6
2026-08-12,fdtd,67a08106
2026-08-12,fdtd,67e8a183
2026-08-12,fdtd,68ae6711
2026-08-12,fdtd,68cab458
2026-08-12,fdtd,69dbeca6
2026-08-12,fdtd,6a174272
2026-08-12,fdtd,6a60e18c
2026-08-12,fdtd,6bf7614a
2026-08-12,fdtd,6c11242b
2026-08-12,fdtd,6dd17f37
2026-08-12,fdtd,6dd1d4c2
2026-08-12,fdtd,6e407ecc
2026-08-12,fdtd,6ef66400
2026-08-12,fdtd,6f419483
2026-08-12,fdtd,6fc39abf
2026-08-12,fdtd,70bad1d4
2026-08-12,fdtd,710f1bd3
2026-08-12,fdtd,724f2a96
2026-08-12,fdtd,736d3eff
2026-08-12,fdtd,73e8672b
2026-08-12,fdtd,73e9d50d
2026-08-12,fdtd,77a00aac
2026-08-12,fdtd,78c5801d
2026-08-12,fdtd,78c8aa8e
2026-08-12,fdtd,7bbc2ee1
2026-08-12,fdtd,7c24bb91
2026-08-12,fdtd,7c726d6d
2026-08-12,fdtd,7c99a395
2026-08-12,fdtd,7c9c6bab
2026-08-12,fdtd,7d8758fc
2026-08-12,fdtd,7e1dcd35
2026-08-12,fdtd,7f6c2d57
2026-08-12,fdtd,800c257b
2026-08-12,fdtd,8041206b
2026-08-12,fdtd,811d64ab
2026-08-12,fdtd,81c9c94e
2026-08-12,fdtd,84a9ac72
2026-08-12,fdtd,858faaa2
2026-08-12,fdtd,85c48510
2026-08-12,fdtd,85f01760
2026-08-12,fdtd,85fe9549
2026-08-12,fdtd,86dbfbd5
2026-08-12,fdtd,87ac1070
2026-08-12,fdtd,88b9bd8f
2026-08-12,fdtd,8dc4ee55
2026-08-12,fdtd,8e066c6b
2026-08-12,fdtd,8eb65fc4
2026-08-12,fdtd,9058e404
2026-08-12,fdtd,92aa296b
2026-08-12,fdtd,92d8690b
2026-08-12,fdtd,934b730a
2026-08-12,fdtd,941081a3
2026-08-12,fdtd,95527eeb
2026-08-12,fdtd,96fcd020
2026-08-12,fdtd,9962303f
2026-08-12,fdtd,997635e8
2026-08-12,fdtd,9997e15a
2026-08-12,fdtd,9b53f55a
2026-08-12,fdtd,9b62cf09
2026-08-12,fdtd,9ca7c4aa
2026-08-12,fdtd,9cd00ed3
2026-08-12,fdtd,9dbad328
2026-08-12,fdtd,9dfaa099
2026-08-12,fdtd,9f5e58d4
2026-08-12,fdtd,9fafa76e
2026-08-12,fdtd,a055d647
2026-08-12,fdtd,a0ad8881
2026-08-12,fdtd,a11be3bf
2026-08-12,fdtd,a1256987
2026-08-12,fdtd,a19ff625
2026-08-12,fdtd,a213a4b8
2026-08-12,fdtd,a36051d0
2026-08-12,fdtd,a45e2986
2026-08-12,fdtd,a4f7d5cd
2026-08-12,fdtd,a518e04a
2026-08-12,fdtd,a5a376d6
2026-08-12,fdtd,a5aa20e3
2026-08-12,fdtd,a6b0dd42
2026-08-12,fdtd,a74864bb
2026-08-12,fdtd,a79124d6
2026-08-12,fdtd,a8111b9d
2026-08-12,fdtd,a82fdfd9
2026-08-12,fdtd,a8f4b4b0
2026-08-12,fdtd,a99d1c80
2026-08-12,fdtd,ac23b3f6
2026-08-12,fdtd,af87060e
2026-08-12,fdtd,af9f3ad4
2026-08-12,fdtd,afce5b73
2026-08-12,fdtd,b022378f
2026-08-12,fdtd,b0d80a12
2026-08-12,fdtd,b122da96
2026-08-12,fdtd,b291b0c3
2026-08-12,fdtd,b3ba18e4
2026-08-12,fdtd,b494ed67
2026-08-12,fdtd,b7ac8536
2026-08-12,fdtd,b86a302f
2026-08-12,fdtd,b8a5c2a2
2026-08-12,fdtd,b8da1211
2026-08-12,fdtd,b9aeb020
2026-08-12,fdtd,ba5577d9
2026-08-12,fdtd,bac5471b
2026-08-12,fdtd,bc1a0a0e
2026-08-12,fdtd,bc85fdf5
2026-08-12,fdtd,bc941739
2026-08-12,fdtd,be3caef5
2026-08-12,fdtd,bf0fc26b
2026-08-12,fdtd,bf4e7b20
2026-08-12,fdtd,c035f098
2026-08-12,fdtd,c037b25d
2026-08-12,fdtd,c16d73ff
2026-08-12,fdtd,c1c4893f
2026-08-12,fdtd,c35e4562
2026-08-12,fdtd,c37963e0
2026-08-12,fdtd,c401a8c4
2026-08-12,fdtd,c41e7c52
2026-08-12,fdtd,c5663b39
2026-08-12,fdtd,c58bcb14
2026-08-12,fdtd,c5e52be8
2026-08-12,fdtd,c7049c7b
2026-08-12,fdtd,c70cb655
2026-08-12,fdtd,c9a975e2
2026-08-12,fdtd,ce03ebb6
2026-08-12,fdtd,cf0dafea
2026-08-12,fdtd,d08f97e4
2026-08-12,fdtd,d11a7c55
2026-08-12,fdtd,d124b3b7
2026-08-12,fdtd,d1a015ca
2026-08-12,fdtd,d1c4ff6a
2026-08-12,fdtd,d206d4db
2026-08-12,fdtd,d20c4c5d
2026-08-12,fdtd,d23380e3
2026-08-12,fdtd,d4d0470e
2026-08-12,fdtd,d50121bf
2026-08-12,fdtd,d505c4c6
2026-08-12,fdtd,d57d8b78
2026-08-12,fdtd,d5bb0d5f
2026-08-12,fdtd,d63052ed
2026-08-12,fdtd,d7992d27
2026-08-12,fdtd,d81e8a5e
2026-08-12,fdtd,d83db20c
2026-08-12,fdtd,d864e9a6
2026-08-12,fdtd,d8df72d2
2026-08-12,fdtd,d942823b
2026-08-12,fdtd,d94a7f73
2026-08-12,fdtd,d94bf93d
2026-08-12,fdtd,da5b689d
2026-08-12,fdtd,dae31782
2026-08-12,fdtd,db980391
2026-08-12,fdtd,dba9868e
2026-08-12,fdtd,dbf8c8d3
2026-08-12,fdtd,de5ab126
2026-08-12,fdtd,de91cb24
2026-08-12,fdtd,e018e820
2026-08-12,fdtd,e2870eba
2026-08-12,fdtd,e3325f84
2026-08-12,fdtd,e46bffa9
2026-08-12,fdtd,e511dfd6
2026-08-12,fdtd,e612cc9c
2026-08-12,fdtd,e641c4d2
2026-08-12,fdtd,e6a6e922
2026-08-12,fdtd,e78f4873
2026-08-12,fdtd,e84fc4fd
2026-08-12,fdtd,e9f158d9
2026-08-12,fdtd,eb975607
2026-08-12,fdtd,edb627cb
2026-08-12,fdtd,ee1bfcb4
2026-08-12,fdtd,ee8564d0
2026-08-12,fdtd,f5b08843
2026-08-12,fdtd,f5f7a42c
2026-08-12,fdtd,f686f143
2026-08-12,fdtd,f6ee6930
2026-08-12,fdtd,f7b056a6
2026-08-12,fdtd,f84bcf32
2026-08-12,fdtd,f9686cbc
2026-08-12,fdtd,fa26787c
2026-08-12,fdtd,fa90afed
2026-08-12,fdtd,fad4f7ff
2026-08-12,fdtd,fb7cd44b
2026-08-12,fdtd,fc19784a
2026-08-12,fdtd,fe22f07e
2026-08-12,fdtd,fef2e54e
2026-08-12,fdtd,ff8686ac
2026-08-12,fdtd,ffe88baf
2026-08-13,fdtd,083b740c
2026-08-13,fdtd,0adf6ed6
2026-08-13,fdtd,1d06b66e
2026-08-13,fdtd,41207ff1
2026-08-13,fdtd,44e15a79
2026-08-13,fdtd,6c9f438f
2026-08-13,fdtd,70823f64
2026-08-13,fdtd,8a0d73f2
2026-08-13,fdtd,9ce72ea6
2026-08-13,fdtd,9e397f5a
2026-08-13,fdtd,aa347d6e
2026-08-13,fdtd,b2cf9ed5
2026-08-13,fdtd,b5459b49
2026-08-13,fdtd,b829d7cc
2026-08-13,fdtd,d1fe8a4d
2026-08-13,fdtd,d20e2f92
2026-08-13,fdtd,e8a11fe9
2026-08-13,fdtd,e8c8a3f7
2026-08-13,fdtd,f88a541b
2026-08-13,fdtd,fd391c73
2026-08-15,fdtd,001c2425
2026-08-15,fdtd,0025f90f
2026-08-15,fdtd,03ff3556
2026-08-15,fdtd,04755d58
2026-08-15,fdtd,04bc07ff
2026-08-15,fdtd,05c80fb6
2026-08-15,fdtd,08aa0295
2026-08-15,fdtd,0c080434
2026-08-15,fdtd,0d1395ae
2026-08-15,fdtd,0d25f765
2026-08-15,fdtd,0fba1050
2026-08-15,fdtd,14c7494c
2026-08-15,fdtd,17444f13
2026-08-15,fdtd,18c385ed
2026-08-15,fdtd,18f8100a
2026-08-15,fdtd,1a7de902
2026-08-15,fdtd,1a8458ba
2026-08-15,fdtd,1c4d45c6
2026-08-15,fdtd,1f006942
2026-08-15,fdtd,21ab62d8
2026-08-15,fdtd,23f1c6ba
2026-08-15,fdtd,24c29ed1
2026-08-15,fdtd,2649a1aa
2026-08-15,fdtd,2843241a
2026-08-15,fdtd,287fb086
2026-08-15,fdtd,29b4f411
2026-08-15,fdtd,2a01c444
2026-08-15,fdtd,2d569e60
2026-08-15,fdtd,2da07ee1
2026-08-15,fdtd,33847228
2026-08-15,fdtd,362e906d
2026-08-15,fdtd,376ff0b1
2026-08-15,fdtd,37e1d0c6
2026-08-15,fdtd,3865c86e
2026-08-15,fdtd,387c84c2
2026-08-15,fdtd,3939d7fa
2026-08-15,fdtd,3b740fdc
2026-08-15,fdtd,3c70903b
2026-08-15,fdtd,3ca49d29
2026-08-15,fdtd,3e3c31e7
2026-08-15,fdtd,4384311d
2026-08-15,fdtd,43fd6f40
2026-08-15,fdtd,45ed4459
2026-08-15,fdtd,467485a0
2026-08-15,fdtd,477ff587
2026-08-15,fdtd,48d411ab
2026-08-15,fdtd,4d4c5fae
2026-08-15,fdtd,4e502a05
2026-08-15,fdtd,50ad4c6b
2026-08-15,fdtd,51b4f021
2026-08-15,fdtd,52846179
2026-08-15,fdtd,52c15a22
2026-08-15,fdtd,53a32f9e
2026-08-15,fdtd,55afa1f1
2026-08-15,fdtd,56d8e596
2026-08-15,fdtd,5706af15
2026-08-15,fdtd,5730999a
2026-08-15,fdtd,58bd2c44
2026-08-15,fdtd,5a7350db
2026-08-15,fdtd,5c058019
2026-08-15,fdtd,5d5002d8
2026-08-15,fdtd,5f84f1be
2026-08-15,fdtd,608f28f5
2026-08-15,fdtd,60a08a5e
2026-08-15,fdtd,61aaad76
2026-08-15,fdtd,6214d08b
2026-08-15,fdtd,6b294b3b
2026-08-15,fdtd,6b79ddb3
2026-08-15,fdtd,6b84d02c
2026-08-15,fdtd,6d81912d
2026-08-15,fdtd,6e7f554f
2026-08-15,fdtd,71ef5dd9
2026-08-15,fdtd,72066b48
2026-08-15,fdtd,76437c17
2026-08-15,fdtd,772897cc
2026-08-15,fdtd,790b118e
2026-08-15,fdtd,79627ad4
2026-08-15,fdtd,799398ce
2026-08-15,fdtd,7c274d86
2026-08-15,fdtd,7c49a21c
2026-08-15,fdtd,7e5760b7
2026-08-15,fdtd,7f75ad70
2026-08-15,fdtd,7fe49aa3
2026-08-15,fdtd,81296fb9
2026-08-15,fdtd,85e6995c
2026-08-15,fdtd,88d0d66e
2026-08-15,fdtd,8dc0caea
2026-08-15,fdtd,8fe3671d
2026-08-15,fdtd,91cf382e
2026-08-15,fdtd,926f5d88
2026-08-15,fdtd,92d7b676
2026-08-15,fdtd,969fe801
2026-08-15,fdtd,970e6b35
2026-08-15,fdtd,9774d717
2026-08-15,fdtd,9852e977
2026-08-15,fdtd,9a596a08
2026-08-15,fdtd,9bb83c88
2026-08-15,fdtd,9c0ba8b6
2026-08-15,fdtd,9c6469f7
2026-08-15,fdtd,9c70a62c
2026-08-15,fdtd,a17008e8
2026-08-15,fdtd,a21b22be
2026-08-15,fdtd,a28bf42c
2026-08-15,fdtd,a7027a28
2026-08-15,fdtd,a9a55a5b
2026-08-15,fdtd,ac5032af
2026-08-15,fdtd,ad7d2982
2026-08-15,fdtd,b0dea70e
2026-08-15,fdtd,b4bbad24
2026-08-15,fdtd,b7963320
2026-08-15,fdtd,b85c35ec
2026-08-15,fdtd,b8bca0e2
2026-08-15,fdtd,b91dc94f
2026-08-15,fdtd,ba8b99dc
2026-08-15,fdtd,bba26cd6
2026-08-15,fdtd,bee55769
2026-08-15,fdtd,c0eb85c4
2026-08-15,fdtd,c220af37
2026-08-15,fdtd,c30b3f1b
2026-08-15,fdtd,c3ef008b
2026-08-15,fdtd,c62f58a6
2026-08-15,fdtd,c6c5c68c
2026-08-15,fdtd,c7b4d11b
2026-08-15,fdtd,cb21e360
2026-08-15,fdtd,cb6b016e
2026-08-15,fdtd,cbf178cd
2026-08-15,fdtd,cc7ac1f2
2026-08-15,fdtd,ce17ab5e
2026-08-15,fdtd,cf2da89a
2026-08-15,fdtd,d03bcc7e
2026-08-15,fdtd,d1285124
2026-08-15,fdtd,d183a409
2026-08-15,fdtd,d2cd2769
2026-08-15,fdtd,d34f2f45
2026-08-15,fdtd,d6a3e019
2026-08-15,fdtd,d75fc2bc
2026-08-15,fdtd,d7da741f
2026-08-15,fdtd,d7fc9e1c
2026-08-15,fdtd,d8dd18ad
2026-08-15,fdtd,db348a94
2026-08-15,fdtd,db70ee05
2026-08-15,fdtd,dd76f475
2026-08-15,fdtd,ddc13192
2026-08-15,fdtd,de14a202
2026-08-15,fdtd,de2f7f23
2026-08-15,fdtd,df8b3a34
2026-08-15,fdtd,e4502706
2026-08-15,fdtd,e6610de1
2026-08-15,fdtd,e77a13f7
2026-08-15,fdtd,e835f7a9
2026-08-15,fdtd,ed819a86
2026-08-15,fdtd,f1067147
2026-08-15,fdtd,f1c749f2
2026-08-15,fdtd,f1ce782f
2026-08-15,fdtd,f41f1262
2026-08-15,fdtd,f5a2c71c
2026-08-15,fdtd,f5e81aca
2026-08-15,fdtd,f6122df9
2026-08-15,fdtd,f6653fda
2026-08-15,fdtd,f6cffac6
2026-08-15,fdtd,fb5e4084
2026-08-15,fdtd,fbd5f74e
2026-08-15,fdtd,fd3a1d3f
2026-08-15,fdtd,fd459632
2026-08-16,fdtd,00234333
2026-08-16,fdtd,00d0bb93
2026-08-16,fdtd,00efb614
2026-08-16,fdtd,02eab09f
2026-08-16,fdtd,03552c6a
2026-08-16,fdtd,035ce4da
2026-08-16,fdtd,05c6afa8
2026-08-16,fdtd,06714e5e
2026-08-16,fdtd,069a67d8
2026-08-16,fdtd,075ae177
2026-08-16,fdtd,07d66d18
2026-08-16,fdtd,080b6cf8
2026-08-16,fdtd,0b1518a0
2026-08-16,fdtd,0e85085c
2026-08-16,fdtd,0ed48bec
2026-08-16,fdtd,10038908
2026-08-16,fdtd,131c92d7
2026-08-16,fdtd,136e1eb3
2026-08-16,fdtd,137d6947
2026-08-16,fdtd,13e11908
2026-08-16,fdtd,17eba346
2026-08-16,fdtd,1828a372
2026-08-16,fdtd,1a81c2c1
2026-08-16,fdtd,1aee32cb
2026-08-16,fdtd,1b78d7e5
2026-08-16,fdtd,1bd0fa2c
2026-08-16,fdtd,1c5891f0
2026-08-16,fdtd,1cab1521
2026-08-16,fdtd,1d44202d
2026-08-16,fdtd,1d92d4f4
2026-08-16,fdtd,1df0a8ec
2026-08-16,fdtd,1ec3e88e
2026-08-16,fdtd,1f3b0299
2026-08-16,fdtd,24ad92fb
2026-08-16,fdtd,25ad305e
2026-08-16,fdtd,25f8f941
2026-08-16,fdtd,291bfd10
2026-08-16,fdtd,2d8469fc
2026-08-16,fdtd,339060d0
2026-08-16,fdtd,33edc941
2026-08-16,fdtd,33fc98d7
2026-08-16,fdtd,3459452c
2026-08-16,fdtd,368dab0c
2026-08-16,fdtd,3924d00e
2026-08-16,fdtd,3a487574
2026-08-16,fdtd,3b4b34e0
2026-08-16,fdtd,3f647fd9
2026-08-16,fdtd,3fb45b88
2026-08-16,fdtd,44a605db
2026-08-16,fdtd,46f24275
2026-08-16,fdtd,47478a1c
2026-08-16,fdtd,484cd2c9
2026-08-16,fdtd,4a248c13
2026-08-16,fdtd,4b0363a3
2026-08-16,fdtd,4c468c8e
2026-08-16,fdtd,4c6dacad
2026-08-16,fdtd,4ea570af
2026-08-16,fdtd,4ee7b05d
2026-08-16,fdtd,52070f5b
2026-08-16,fdtd,52e5a050
2026-08-16,fdtd,54036903
2026-08-16,fdtd,55c9f07b
2026-08-16,fdtd,55eb6f29
2026-08-16,fdtd,57ee9662
2026-08-16,fdtd,5a10e1ba
2026-08-16,fdtd,5bc0974f
2026-08-16,fdtd,5c8e7242
2026-08-16,fdtd,5d181971
2026-08-16,fdtd,5faf9883
2026-08-16,fdtd,6039e1e1
2026-08-16,fdtd,60c13b3c
2026-08-16,fdtd,61b8b6bd
2026-08-16,fdtd,646e72dd
2026-08-16,fdtd,650a23e6
2026-08-16,fdtd,6c6ba262
2026-08-16,fdtd,6ca8307e
2026-08-16,fdtd,6dacbe06
2026-08-16,fdtd,6f3ec0da
2026-08-16,fdtd,71885cbb
2026-08-16,fdtd,72c2bdac
2026-08-16,fdtd,733e8db1
2026-08-16,fdtd,753cd678
2026-08-16,fdtd,769069fb
2026-08-16,fdtd,77490c47
2026-08-16,fdtd,7c09eb37
2026-08-16,fdtd,7d48813d
2026-08-16,fdtd,7d65dc61
2026-08-16,fdtd,7e6d5e42
2026-08-16,fdtd,7fb7c7e0
2026-08-16,fdtd,80c6d47d
2026-08-16,fdtd,83271532
2026-08-16,fdtd,834bc721
2026-08-16,fdtd,8462aa4f
2026-08-16,fdtd,86f0e43f
2026-08-16,fdtd,89e78c49
2026-08-16,fdtd,8b944cb0
2026-08-16,fdtd,8e4e7701
2026-08-16,fdtd,8e634279
2026-08-16,fdtd,8e9a1c2a
2026-08-16,fdtd,8fc3d65a
2026-08-16,fdtd,90ffde04
2026-08-16,fdtd,9196def6
2026-08-16,fdtd,9261688d
2026-08-16,fdtd,932afba6
2026-08-16,fdtd,9433bfe3
2026-08-16,fdtd,95107768
2026-08-16,fdtd,97613ef4
2026-08-16,fdtd,988535df
2026-08-16,fdtd,98868b8f
2026-08-16,fdtd,99605f63
2026-08-16,fdtd,997a2f10
2026-08-16,fdtd,9c4cd2fe
2026-08-16,fdtd,a1a549bc
2026-08-16,fdtd,a4431d94
2026-08-16,fdtd,a4ea3107
2026-08-16,fdtd,a5184aec
2026-08-16,fdtd,a61bf618
2026-08-16,fdtd,a7b2bf34
2026-08-16,fdtd,aaeab9f3
2026-08-16,fdtd,ae9e468d
2026-08-16,fdtd,aecc3a83
2026-08-16,fdtd,b30228c2
2026-08-16,fdtd,b55c82cc
2026-08-16,fdtd,b5ecc6a0
2026-08-16,fdtd,b6419ab8
2026-08-16,fdtd,b782fe6f
2026-08-16,fdtd,bb3f20f7
2026-08-16,fdtd,bc33ef31
2026-08-16,fdtd,bcd162b3
2026-08-16,fdtd,be20ee53
2026-08-16,fdtd,bef5e6e5
2026-08-16,fdtd,c036d996
2026-08-16,fdtd,c092006b
2026-08-16,fdtd,c40b4faf
2026-08-16,fdtd,c4b74394
2026-08-16,fdtd,c651f601
2026-08-16,fdtd,c8c5d2b7
2026-08-16,fdtd,cadf6500
2026-08-16,fdtd,cc1aec1f
2026-08-16,fdtd,cc8712ee
2026-08-16,fdtd,ce49fc73
2026-08-16,fdtd,d18fd793
2026-08-16,fdtd,d21ebf91
2026-08-16,fdtd,d3fd5a97
2026-08-16,fdtd,d5b77a1a
2026-08-16,fdtd,d5c22642
2026-08-16,fdtd,d65be2e6
2026-08-16,fdtd,d65dbdc6
2026-08-16,fdtd,d78be20e
2026-08-16,fdtd,d7c083e4
2026-08-16,fdtd,d8967233
2026-08-16,fdtd,d926f6df
2026-08-16,fdtd,dcbf3d8c
2026-08-16,fdtd,dd60c0fb
2026-08-16,fdtd,ddaa13a9
2026-08-16,fdtd,df1f5dbf
2026-08-16,fdtd,df218c22
2026-08-16,fdtd,e1436d1f
2026-08-16,fdtd,e475f926
2026-08-16,fdtd,e55a8ecc
2026-08-16,fdtd,e656bc87
2026-08-16,fdtd,ec16adc2
2026-08-16,fdtd,ed4dc4e5
2026-08-16,fdtd,ef9935e7
2026-08-16,fdtd,efa3d70c
2026-08-16,fdtd,f0b6e8d4
2026-08-16,fdtd,f0f2acf8
2026-08-16,fdtd,f16f8f6f
2026-08-16,fdtd,f522b8b5
2026-08-16,fdtd,f7857cea
2026-08-16,fdtd,f7b7c1a9
2026-08-16,fdtd,fb2324f6
2026-08-16,fdtd,fc873125
2026-08-16,fdtd,fdb12513
2026-08-16,fdtd,febdd1a8
2026-08-17,fdtd,0022972d
2026-08-17,fdtd,14ea322c
2026-08-17,fdtd,3c5bb034
2026-08-17,fdtd,52067b6c
2026-08-17,fdtd,54a2ed70
2026-08-17,fdtd,5ea8302b
2026-08-17,fdtd,65e1fc5f
2026-08-17,fdtd,83f1a177
2026-08-17,fdtd,97fc0e1b
2026-08-17,fdtd,a18faa14
2026-08-17,fdtd,b8f5e7da
2026-08-17,fdtd,d4f5b428
2026-08-17,fdtd,ef89bdd6
2026-08-17,fdtd,f87911b4
2026-08-18,fdtd,0097e04a
2026-08-18,fdtd,0162814a
2026-08-18,fdtd,01c55aa8
2026-08-18,fdtd,0312a38a
2026-08-18,fdtd,03af69d7
2026-08-18,fdtd,044a9957
2026-08-18,fdtd,05369c43
2026-08-18,fdtd,058c090c
2026-08-18,fdtd,0a1ddb8b
2026-08-18,fdtd,1110c1d3
2026-08-18,fdtd,13629e6a
2026-08-18,fdtd,1acf1878
2026-08-18,fdtd,1d1ca234
2026-08-18,fdtd,1f0a7e7e
2026-08-18,fdtd,1f5b8505
2026-08-18,fdtd,22c51f0e
2026-08-18,fdtd,22f6b93b
2026-08-18,fdtd,237c5b20
2026-08-18,fdtd,26aa36d7
2026-08-18,fdtd,28137b66
2026-08-18,fdtd,287b5254
2026-08-18,fdtd,2aab8278
2026-08-18,fdtd,2da74deb
2026-08-18,fdtd,2f9a5348
2026-08-18,fdtd,33ff73d2
2026-08-18,fdtd,35d5ac33
2026-08-18,fdtd,38895535
2026-08-18,fdtd,3a489145
2026-08-18,fdtd,3d8a830e
2026-08-18,fdtd,418d044c
2026-08-18,fdtd,44010bc2
2026-08-18,fdtd,450928b0
2026-08-18,fdtd,4a058602
2026-08-18,fdtd,4ab08531
2026-08-18,fdtd,4ef1f803
2026-08-18,fdtd,50c067cf
2026-08-18,fdtd,55d118df
2026-08-18,fdtd,572b21ac
2026-08-18,fdtd,58c25552
2026-08-18,fdtd,622a6d45
2026-08-18,fdtd,6390407d
2026-08-18,fdtd,6a8876bd
2026-08-18,fdtd,6b5235ad
2026-08-18,fdtd,6f24b342
2026-08-18,fdtd,6faf61b1
2026-08-18,fdtd,7f486c45
2026-08-18,fdtd,84265ee3
2026-08-18,fdtd,870bf4b6
2026-08-18,fdtd,8a46ea45
2026-08-18,fdtd,8e23d9a7
2026-08-18,fdtd,95403aee
2026-08-18,fdtd,98eaaf06
2026-08-18,fdtd,98f196d3
2026-08-18,fdtd,9929e6d5
2026-08-18,fdtd,9f156cb1
2026-08-18,fdtd,9f2d3fe3
2026-08-18,fdtd,9ffb7769
2026-08-18,fdtd,a27ce4ca
2026-08-18,fdtd,a29a6b59
2026-08-18,fdtd,a4377db4
2026-08-18,fdtd,a8c18f9e
2026-08-18,fdtd,ac61d94d
2026-08-18,fdtd,b01aff55
2026-08-18,fdtd,b549bf7b
2026-08-18,fdtd,b944bdab
2026-08-18,fdtd,b9f52a8f
2026-08-18,fdtd,be38054f
2026-08-18,fdtd,c2dfc029
2026-08-18,fdtd,c3f15046
2026-08-18,fdtd,c4320999
2026-08-18,fdtd,c84e6428
2026-08-18,fdtd,ca15a982
2026-08-18,fdtd,ce1f3acd
2026-08-18,fdtd,d0b2cc65
2026-08-18,fdtd,d5d4662c
2026-08-18,fdtd,d72f8ff9
2026-08-18,fdtd,d9fc6aa3
2026-08-18,fdtd,dda6d16d
2026-08-18,fdtd,de0e032b
2026-08-18,fdtd,e02d12a7
2026-08-18,fdtd,e079b586
2026-08-18,fdtd,e130736d
2026-08-18,fdtd,e29aafd5
2026-08-18,fdtd,e31a4014
2026-08-18,fdtd,e3a15710
2026-08-18,fdtd,e3f7ce47
2026-08-18,fdtd,e65118a8
2026-08-18,fdtd,e8482a2b
2026-08-18,fdtd,eb868d1b
2026-08-18,fdtd,eef38705
2026-08-18,fdtd,fbee05b2
2026-08-19,fdtd,00000c5f
2026-08-19,fdtd,09f4c185
2026-08-19,fdtd,0af1325c
2026-08-19,fdtd,0d8e47c5
2026-08-19,fdtd,0fab6ed7
2026-08-19,fdtd,1400d8f0
2026-08-19,fdtd,15783984
2026-08-19,fdtd,1d47900e
2026-08-19,fdtd,204429f3
2026-08-19,fdtd,2183116d
2026-08-19,fdtd,223c7c54
2026-08-19,fdtd,22949713
2026-08-19,fdtd,22c605d0
2026-08-19,fdtd,253d197d
2026-08-19,fdtd,2616bbea
2026-08-19,fdtd,28b907c5
2026-08-19,fdtd,2f718283
2026-08-19,fdtd,2ff0a70d
2026-08-19,fdtd,30916b7e
2026-08-19,fdtd,34b054af
2026-08-19,fdtd,370b247b
2026-08-19,fdtd,3a2f7e09
2026-08-19,fdtd,3d41874d
2026-08-19,fdtd,3fe013c5
2026-08-19,fdtd,3fe3cf2e
2026-08-19,fdtd,40a834d5
2026-08-19,fdtd,43eb23d8
2026-08-19,fdtd,44c37884
2026-08-19,fdtd,45b7f087
2026-08-19,fdtd,47ce6570
2026-08-19,fdtd,483fec1b
2026-08-19,fdtd,48b9f633
2026-08-19,fdtd,502d404d
2026-08-19,fdtd,59173aa4
2026-08-19,fdtd,598c1294
2026-08-19,fdtd,5c7ee3f8
2026-08-19,fdtd,5cc7d408
2026-08-19,fdtd,5e68f87a
2026-08-19,fdtd,5fef6190
2026-08-19,fdtd,6705dea3
2026-08-19,fdtd,67283aed
2026-08-19,fdtd,675f97b0
2026-08-19,fdtd,6825a823
2026-08-19,fdtd,6be6aaa5
2026-08-19,fdtd,6cc0d7aa
2026-08-19,fdtd,706d0abe
2026-08-19,fdtd,7094c48f
2026-08-19,fdtd,749a483c
2026-08-19,fdtd,74c7ae70
2026-08-19,fdtd,764ab2f9
2026-08-19,fdtd,788bf3e3
2026-08-19,fdtd,7ac8412e
2026-08-19,fdtd,7b489a0d
2026-08-19,fdtd,7b808f35
2026-08-19,fdtd,7e2c3bc9
2026-08-19,fdtd,7f966723
2026-08-19,fdtd,8e6d639d
2026-08-19,fdtd,903c423d
2026-08-19,fdtd,90dd1a5d
2026-08-19,fdtd,9263b5f0
2026-08-19,fdtd,949fa136
2026-08-19,fdtd,9a321ee9
2026-08-19,fdtd,9d5c01ed
2026-08-19,fdtd,a05d9d4a
2026-08-19,fdtd,a2b2acb1
2026-08-19,fdtd,a45700dc
2026-08-19,fdtd,a66f39f5
2026-08-19,fdtd,b06e9379
2026-08-19,fdtd,b337ba17
2026-08-19,fdtd,b577f9b9
2026-08-19,fdtd,b5c026a1
2026-08-19,fdtd,baeffa7f
2026-08-19,fdtd,bfc43df1
2026-08-19,fdtd,c3dce86b
2026-08-19,fdtd,c74ce67b
2026-08-19,fdtd,c8cf9cca
2026-08-19,fdtd,c919c167
2026-08-19,fdtd,cd3b5989
2026-08-19,fdtd,d1e714de
2026-08-19,fdtd,d3f8e59f
2026-08-19,fdtd,d74923c7
2026-08-19,fdtd,d767cb38
2026-08-19,fdtd,d7e93b9b
2026-08-19,fdtd,d8cab1f4
2026-08-19,fdtd,d977f341
2026-08-19,fdtd,de8fae3d
2026-08-19,fdtd,e15bf0f0
2026-08-19,fdtd,e1fda836
2026-08-19,fdtd,e200665a
2026-08-19,fdtd,e2af3328
2026-08-19,fdtd,e387589f
2026-08-19,fdtd,e67c4220
2026-08-19,fdtd,ebd1b4d2
2026-08-19,fdtd,ef797207
2026-08-19,fdtd,f0397bea
2026-08-19,fdtd,f3f373d2
2026-08-19,fdtd,f61ca6f9
2026-08-19,fdtd,f6df65ab
2026-08-19,fdtd,ff24b181
2026-08-20,fdtd,15193470
2026-08-20,fdtd,8a7ad42c
2026-08-20,fdtd,94fed5e0
2026-08-20,fdtd,b56133a8
2026-08-24,dft,21113726
2026-08-24,dft,21158193
2026-08-25,dft,21189647
2026-08-25,dft,21232049
2026-08-27,dft,21386445
2026-08-27,fdtd,ccfe4ff1
2026-08-27,fdtd,f3c0dea4
2026-08-28,dft,21504377
2026-08-28,dft,21504379
2026-08-28,dft,21504390
2026-08-28,dft,21504394
2026-08-28,dft,21504398
2026-08-28,dft,21511597
2026-08-28,dft,21511598
2026-08-28,dft,21511599
2026-08-28,dft,21511600
2026-08-28,fdtd,b913cd17
2026-08-29,dft,21537502
2026-08-29,dft,21549490
2026-08-29,dft,21549491
2026-08-29,dft,21549492
2026-08-29,dft,21554683
2026-08-29,dft,21554684
2026-08-29,dft,21554685
2026-08-29,dft,21554686
2026-08-29,dft,21554687
2026-08-29,dft,21554688
2026-08-29,dft,21554690
2026-08-29,dft,21555045
2026-08-29,dft,21555205
2026-08-29,dft,21555206
2026-08-29,dft,21563594
2026-08-29,dft,21563595
2026-08-29,dft,21570327
2026-08-29,dft,21570329
2026-08-29,dft,21572402
2026-08-29,dft,21572403
2026-08-29,dft,21574318
2026-08-29,fdtd,a3b410de
2026-08-29,fdtd,e4bc8eb8
2026-08-30,dft,21537652
2026-08-30,dft,21604202
2026-08-30,dft,21620942
2026-08-30,fdtd,03a747dd
2026-08-30,fdtd,2baf2aa6
2026-08-30,fdtd,2f19cef0
2026-08-30,fdtd,306108b2
2026-08-30,fdtd,36ba07d1
2026-08-30,fdtd,385ab8d9
2026-08-30,fdtd,3fed2b3f
2026-08-30,fdtd,4d418a59
2026-08-30,fdtd,4f4d5e83
2026-08-30,fdtd,60b9a019
2026-08-30,fdtd,6941e862
2026-08-30,fdtd,7c397fcf
2026-08-30,fdtd,81f0f05d
2026-08-30,fdtd,845113af
2026-08-30,fdtd,85374fb6
2026-08-30,fdtd,86609b21
2026-08-30,fdtd,8ea8d23d
2026-08-30,fdtd,93d9c2f6
2026-08-30,fdtd,97d7054c
2026-08-30,fdtd,a8d5d407
2026-08-30,fdtd,ba1d1c38
2026-08-30,fdtd,c09efc1a
2026-08-30,fdtd,c79c662a
2026-08-30,fdtd,ccec1c76
2026-08-30,fdtd,d3dc632d
2026-08-30,fdtd,dabe0876
2026-08-30,fdtd,dbe10a13
2026-08-30,fdtd,f3bb318b
2026-08-30,fdtd,f417779f
2026-08-30,fdtd,f66391d5
2026-08-30,fdtd,fa45dc64
2026-08-30,fdtd,fd7ec187
2026-08-31,dft,21631916
2026-08-31,dft,21631917
2026-08-31,dft,21658086
2026-08-31,dft,21658087
2026-08-31,dft,21658088
2026-08-31,dft,21673632
2026-08-31,dft,21673635
2026-08-31,dft,21673636
2026-08-31,dft,21674557
2026-08-31,dft,21696148
2026-08-31,dft,21696150
2026-08-31,dft,21696152
2026-08-31,dft,21700438
2026-08-31,fdtd,020be081
2026-08-31,fdtd,0b550e98
2026-08-31,fdtd,0c691e33
2026-08-31,fdtd,0cc0be7c
2026-08-31,fdtd,0d056e6c
2026-08-31,fdtd,0ef23ab9
2026-08-31,fdtd,0f0f2128
2026-08-31,fdtd,106fb5df
2026-08-31,fdtd,10a3a435
2026-08-31,fdtd,12c0461a
2026-08-31,fdtd,13940241
2026-08-31,fdtd,1f5076bb
2026-08-31,fdtd,2371c680
2026-08-31,fdtd,2582fe94
2026-08-31,fdtd,28839897
2026-08-31,fdtd,28ca1a3b
2026-08-31,fdtd,2c4b469d
2026-08-31,fdtd,2dd51110
2026-08-31,fdtd,2fecce66
2026-08-31,fdtd,34ab6492
2026-08-31,fdtd,35ab4ecb
2026-08-31,fdtd,35b70716
2026-08-31,fdtd,3a1bd51a
2026-08-31,fdtd,3e16e0e3
2026-08-31,fdtd,3f776eb5
2026-08-31,fdtd,4033f8e8
2026-08-31,fdtd,487b45d8
2026-08-31,fdtd,4b6f18b6
2026-08-31,fdtd,4c6b21e4
2026-08-31,fdtd,4cb348d0
2026-08-31,fdtd,4e153262
2026-08-31,fdtd,4e61945d
2026-08-31,fdtd,511819df
2026-08-31,fdtd,51561feb
2026-08-31,fdtd,52f439b2
2026-08-31,fdtd,5a6642f9
2026-08-31,fdtd,5e5966df
2026-08-31,fdtd,5f7eb95a
2026-08-31,fdtd,5ffca9c5
2026-08-31,fdtd,6581fbe5
2026-08-31,fdtd,6887af58
2026-08-31,fdtd,69e53fd2
2026-08-31,fdtd,6a35ac06
2026-08-31,fdtd,6b259fe7
2026-08-31,fdtd,6b3e7fce
2026-08-31,fdtd,6f623bf1
2026-08-31,fdtd,7053f148
2026-08-31,fdtd,752c7fd9
2026-08-31,fdtd,787cb8a6
2026-08-31,fdtd,7dc48a16
2026-08-31,fdtd,8b96cdaf
2026-08-31,fdtd,9135f021
2026-08-31,fdtd,97807057
2026-08-31,fdtd,99dab281
2026-08-31,fdtd,9fcfeca3
2026-08-31,fdtd,a3b1beb3
2026-08-31,fdtd,a9782f9e
2026-08-31,fdtd,ac92ffed
2026-08-31,fdtd,af788266
2026-08-31,fdtd,af835dcf
2026-08-31,fdtd,afe392d1
2026-08-31,fdtd,b3b92fcf
2026-08-31,fdtd,b4acad8b
2026-08-31,fdtd,bcb10553
2026-08-31,fdtd,bebfda02
2026-08-31,fdtd,bf0ad01a
2026-08-31,fdtd,c0175fe6
2026-08-31,fdtd,c0351cb3
2026-08-31,fdtd,c09b15ae
2026-08-31,fdtd,c6bbff13
2026-08-31,fdtd,cac16e71
2026-08-31,fdtd,cb35ce67
2026-08-31,fdtd,cddd5d60
2026-08-31,fdtd,cfcb16d4
2026-08-31,fdtd,d2115d5c
2026-08-31,fdtd,d4cbb2ad
2026-08-31,fdtd,d714b992
2026-08-31,fdtd,da3039dd
2026-08-31,fdtd,db4c571f
2026-08-31,fdtd,e720c0a5
2026-08-31,fdtd,ea04b88c
2026-08-31,fdtd,eabbb6a2
2026-08-31,fdtd,edd4e82b
2026-08-31,fdtd,ee86460c
2026-08-31,fdtd,f2f001e4
2026-08-31,fdtd,f7e22bed
2026-08-31,fdtd,f9a69c46
2026-08-31,fdtd,fb5766a7
2026-09-01,fdtd,0047f3a5
2026-09-01,fdtd,01d9943b
2026-09-01,fdtd,03f87f1e
2026-09-01,fdtd,04854789
2026-09-01,fdtd,05c3ce70
2026-09-01,fdtd,06af169b
2026-09-01,fdtd,08eff5b1
2026-09-01,fdtd,0a8655f9
2026-09-01,fdtd,0ce9cb0e
2026-09-01,fdtd,2364277c
2026-09-01,fdtd,276fb9da
2026-09-01,fdtd,29867bc3
2026-09-01,fdtd,2d43b501
2026-09-01,fdtd,2e7c9409
2026-09-01,fdtd,33a7d0a1
2026-09-01,fdtd,354464e3
2026-09-01,fdtd,41a8e83f
2026-09-01,fdtd,448824cf
2026-09-01,fdtd,4801026c
2026-09-01,fdtd,49f76b3d
2026-09-01,fdtd,49fb7aad
2026-09-01,fdtd,4b6477c5
2026-09-01,fdtd,4be48f39
2026-09-01,fdtd,4fc325cd
2026-09-01,fdtd,527e327b
2026-09-01,fdtd,54a3b98f
2026-09-01,fdtd,57fdd0a0
2026-09-01,fdtd,5997fbff
2026-09-01,fdtd,5b5fa28c
2026-09-01,fdtd,5d1777c8
2026-09-01,fdtd,5fb8b7d2
2026-09-01,fdtd,5ff0ee8e
2026-09-01,fdtd,64675864
2026-09-01,fdtd,672a1fb1
2026-09-01,fdtd,75f084a5
2026-09-01,fdtd,76ac43ce
2026-09-01,fdtd,788670d5
2026-09-01,fdtd,7ab23e92
2026-09-01,fdtd,7de2d0da
2026-09-01,fdtd,8bf6f1be
2026-09-01,fdtd,8ee21910
2026-09-01,fdtd,9b8ef47a
2026-09-01,fdtd,9bb3dd35
2026-09-01,fdtd,a10d8fad
2026-09-01,fdtd,a4884cfe
2026-09-01,fdtd,a5fdcbf6
2026-09-01,fdtd,a76a779f
2026-09-01,fdtd,a77b4e9d
2026-09-01,fdtd,aacedacf
2026-09-01,fdtd,b0ca89c8
2026-09-01,fdtd,b0fc4e8b
2026-09-01,fdtd,b10e67a7
2026-09-01,fdtd,b234c27d
2026-09-01,fdtd,b3e41e7e
2026-09-01,fdtd,b8d5a07f
2026-09-01,fdtd,baebf24b
2026-09-01,fdtd,bd53d90b
2026-09-01,fdtd,bfee9aed
2026-09-01,fdtd,c04a3cc1
2026-09-01,fdtd,c4b7853a
2026-09-01,fdtd,ca85ee3a
2026-09-01,fdtd,ceaaf199
2026-09-01,fdtd,cf6d0840
2026-09-01,fdtd,d05fe7d2
2026-09-01,fdtd,d55db5bc
2026-09-01,fdtd,d5c87f12
2026-09-01,fdtd,d673dfa1
2026-09-01,fdtd,db75415c
2026-09-01,fdtd,db96a25b
2026-09-01,fdtd,e1fa3556
2026-09-01,fdtd,eb8e2646
2026-09-01,fdtd,ee27aa4b
2026-09-01,fdtd,f1d30efe
2026-09-01,fdtd,f5e5be0a
2026-09-01,fdtd,f89f6cd6
2026-09-01,fdtd,f91b0e06
2026-09-01,fdtd,f930022e
2026-09-01,fdtd,fe22fa22
2026-09-01,fdtd,ff67ee3d
2026-09-02,dft,21746319
2026-09-02,dft,21830431
2026-09-02,fdtd,03e95e3f
2026-09-02,fdtd,09809694
2026-09-02,fdtd,0a7ac8b0
2026-09-02,fdtd,0bb56f5b
2026-09-02,fdtd,0d8e2dfd
2026-09-02,fdtd,21ac8310
2026-09-02,fdtd,23b2eb3e
2026-09-02,fdtd,2a48d035
2026-09-02,fdtd,31e64913
2026-09-02,fdtd,31fbc984
2026-09-02,fdtd,3a1335ff
2026-09-02,fdtd,3d7d6895
2026-09-02,fdtd,41118aaa
2026-09-02,fdtd,45457ff9
2026-09-02,fdtd,454f28a1
2026-09-02,fdtd,45ba4e7e
2026-09-02,fdtd,48cc410e
2026-09-02,fdtd,4eeb636d
2026-09-02,fdtd,564f8cf3
2026-09-02,fdtd,591c1367
2026-09-02,fdtd,5aaaf86e
2026-09-02,fdtd,5b07d72b
2026-09-02,fdtd,68d06dea
2026-09-02,fdtd,74b2aec2
2026-09-02,fdtd,780e2323
2026-09-02,fdtd,848705ad
2026-09-02,fdtd,88d69172
2026-09-02,fdtd,8b261809
2026-09-02,fdtd,8f918beb
2026-09-02,fdtd,9254da29
2026-09-02,fdtd,963555b1
2026-09-02,fdtd,a943a9f1
2026-09-02,fdtd,ade99133
2026-09-02,fdtd,b1638309
2026-09-02,fdtd,b1c7879b
2026-09-02,fdtd,b81b7125
2026-09-02,fdtd,c31b51e6
2026-09-02,fdtd,c4dd9a03
2026-09-02,fdtd,c5daa871
2026-09-02,fdtd,c6f672c9
2026-09-02,fdtd,c8425c6e
2026-09-02,fdtd,ca94fe68
2026-09-02,fdtd,cb32d7f9
2026-09-02,fdtd,cc275271
2026-09-02,fdtd,cd2880e1
2026-09-02,fdtd,cd58a7fa
2026-09-02,fdtd,ddd4a7c1
2026-09-02,fdtd,e53927d4
2026-09-02,fdtd,e548ba9f
2026-09-02,fdtd,e63ec47f
2026-09-02,fdtd,e70d6766
2026-09-02,fdtd,ea87f2e8
2026-09-02,fdtd,eb0e0907
2026-09-02,fdtd,fd03dca8
2026-09-03,dft,21918961
2026-09-03,dft,21923448
2026-09-03,dft,21923449
2026-09-03,dft,21923452
2026-09-03,dft,21923454
2026-09-03,dft,21923455
2026-09-03,dft,21923456
2026-09-03,dft,21923457
2026-09-03,dft,21931211
2026-09-03,dft,21941749
2026-09-03,dft,21942043
2026-09-03,dft,21942045
2026-09-03,dft,21942046
2026-09-03,dft,21942047
2026-09-03,dft,21942048
2026-09-03,dft,21942433
2026-09-03,dft,21942434
2026-09-03,dft,21942435
2026-09-03,dft,21942436
2026-09-03,dft,21942437
2026-09-03,dft,21942438
2026-09-03,dft,21942440
2026-09-04,dft,21942934
2026-09-04,dft,21942935
2026-09-04,dft,21942936
2026-09-04,dft,21942940
2026-09-04,dft,21942968
2026-09-04,dft,21942970
2026-09-04,dft,21943173
2026-09-04,dft,21943175
2026-09-04,dft,21943176
2026-09-04,dft,21943178
2026-09-04,dft,21943180
2026-09-04,dft,21943182
2026-09-04,dft,21943960
2026-09-04,dft,21943961
2026-09-04,dft,21943962
2026-09-04,dft,21959754
2026-09-04,dft,21959755
2026-09-04,dft,22005246
2026-09-04,dft,22005247
2026-09-04,dft,22005248
2026-09-04,dft,22005249
2026-09-04,dft,22005250
2026-09-04,dft,22005251
2026-09-04,dft,22005252
2026-09-04,dft,22005253
2026-09-04,dft,22005255
2026-09-04,dft,22005256
2026-09-04,fdtd,051b5ac5
2026-09-04,fdtd,1c5b7d0b
2026-09-04,fdtd,2ebe8ab8
2026-09-04,fdtd,330fe4ba
2026-09-04,fdtd,3408b648
2026-09-04,fdtd,42b0f998
2026-09-04,fdtd,4d246d90
2026-09-04,fdtd,542da369
2026-09-04,fdtd,6a17ceb4
2026-09-04,fdtd,7eb625f4
2026-09-04,fdtd,7f9d2578
2026-09-04,fdtd,8acff1dc
2026-09-04,fdtd,df8fe72f
2026-09-04,fdtd,e099982c
2026-09-05,dft,22005257
2026-09-05,dft,22012654
2026-09-05,fdtd,187bdc49
2026-09-05,fdtd,2384f8fb
2026-09-05,fdtd,25817dd4
2026-09-05,fdtd,32cecf25
2026-09-05,fdtd,439f1125
2026-09-05,fdtd,51d7dc96
2026-09-05,fdtd,73def105
2026-09-05,fdtd,7635327c
2026-09-05,fdtd,9eba3006
2026-09-05,fdtd,b7b0608a
2026-09-05,fdtd,babaee7c
2026-09-05,fdtd,bc436f2f
2026-09-05,fdtd,bd5c066d
2026-09-05,fdtd,c26abd57
2026-09-05,fdtd,c5f5f2a1
2026-09-05,fdtd,c663da48
2026-09-05,fdtd,d76ac2aa
2026-09-05,fdtd,fefa9552
2026-09-07,fdtd,241b9662
2026-09-07,fdtd,2a8f14e0
2026-09-07,fdtd,30893f32
2026-09-07,fdtd,41f40bfe
2026-09-07,fdtd,4c2a1cd8
2026-09-07,fdtd,50b83bc4
2026-09-07,fdtd,61da3ecc
2026-09-07,fdtd,7381cedf
2026-09-07,fdtd,8a63373e
2026-09-07,fdtd,c6d1b3ff
2026-09-07,fdtd,cc3ff08b
2026-09-07,fdtd,fb4c1186
2026-09-08,fdtd,03362ec8
2026-09-08,fdtd,035f2cf5
2026-09-08,fdtd,09d3eb0d
2026-09-08,fdtd,16134bfb
2026-09-08,fdtd,2092d952
2026-09-08,fdtd,33af9657
2026-09-08,fdtd,4d2ce7fd
2026-09-08,fdtd,6a78deff
2026-09-08,fdtd,78ef176a
2026-09-08,fdtd,7e81e1c0
2026-09-08,fdtd,82ee457e
2026-09-08,fdtd,8d533d6e
2026-09-08,fdtd,9ab5c1db
2026-09-08,fdtd,e8650283
2026-09-08,fdtd,faef9226
2026-09-12,dft,22647429
2026-09-12,dft,22651956
2026-09-15,dft,22775531
2026-09-15,dft,22799862
2026-09-15,dft,22799863
2026-09-15,dft,22799864
2026-09-15,dft,22799865
2026-09-15,dft,22799866
2026-09-15,dft,22799867
2026-09-15,dft,22799868
2026-09-15,dft,22799869
2026-09-15,dft,22799871
2026-09-15,dft,22799872
2026-09-15,dft,22799873
2026-09-16,dft,22824433
2026-09-16,dft,22824435
2026-09-16,dft,22824437
2026-09-17,dft,22924417
2026-09-17,dft,22924418
2026-09-17,dft,22924419
2026-09-18,dft,23013495
2026-09-18,dft,23013496
2026-09-18,dft,23013497
2026-09-18,dft,23042998
2026-09-19,dft,23042864
2026-09-19,dft,23102075
2026-09-19,dft,23102077
2026-09-19,dft,23102080
2026-09-19,dft,23102081
2026-09-19,dft,23102082
2026-09-19,dft,23102083
2026-09-19,dft,23102084
2026-09-19,dft,23102104
2026-09-20,dft,23102105
2026-09-20,dft,23102106
2026-09-20,dft,23320350
2026-09-20,dft,23320352
2026-09-20,fdtd,783006db
2026-09-20,fdtd,cdd99a6a
2026-09-21,dft,23320353
2026-09-21,dft,23320354
2026-09-21,dft,23320418
2026-09-21,dft,23358722
2026-09-21,dft,23358723
2026-09-21,dft,23358724
2026-09-21,dft,23358725
2026-09-21,dft,23406895
2026-09-21,dft,23406906
2026-09-21,dft,23407246
2026-09-21,dft,23407254
2026-09-21,dft,23407255
2026-09-21,dft,23407256
2026-09-21,dft,23407257
2026-09-21,dft,23407258
2026-09-21,dft,23407360
2026-09-21,dft,23407979
2026-09-21,dft,23407980
2026-09-21,dft,23407981
2026-09-21,dft,23407982
2026-09-21,dft,23407983
2026-09-21,dft,23407984
2026-09-21,dft,23407985
2026-09-21,dft,23407986
2026-09-21,dft,23407987
2026-09-21,dft,23407988
2026-09-21,dft,23407989
2026-09-21,dft,23407990
2026-09-21,dft,23408117
2026-09-21,dft,23408118
2026-09-21,dft,23408129
2026-09-21,dft,23408692
2026-09-21,dft,23408693
2026-09-21,dft,23408694
2026-09-21,dft,23408738
2026-09-21,dft,23408739
2026-09-21,dft,23408740
2026-09-21,dft,23408741
2026-09-22,dft,23511081
2026-09-22,dft,23511082
2026-09-22,dft,23511083
2026-09-22,dft,23511084
2026-09-22,dft,23511085
2026-09-22,dft,23511086
2026-09-22,dft,23511087
2026-09-22,dft,23511088
2026-09-22,dft,23511089
2026-09-22,dft,23511090
2026-09-22,dft,23511091
2026-09-22,dft,23511092
2026-09-22,dft,23511093
2026-09-22,dft,23511094
2026-09-22,dft,23511095
2026-09-22,dft,23511098
2026-09-22,dft,23511101
2026-09-22,dft,23511102
2026-09-22,dft,23511103
2026-09-22,dft,23511104
2026-09-23,dft,23511099
2026-09-23,dft,23511100
2026-09-23,fdtd,1667b6cf
2026-09-23,fdtd,20f52d27
2026-09-23,fdtd,220fd52b
2026-09-23,fdtd,35eafbad
2026-09-23,fdtd,42ef704b
2026-09-23,fdtd,478e0cba
2026-09-23,fdtd,4bbef29f
2026-09-23,fdtd,5c7368cd
2026-09-23,fdtd,69a0a31d
2026-09-23,fdtd,72537ecc
2026-09-23,fdtd,75b0c6ff
2026-09-23,fdtd,a3ed4abd
2026-09-23,fdtd,b2a22b15
2026-09-23,fdtd,b30145c0
2026-09-23,fdtd,c8d97866
2026-09-23,fdtd,cc67b9af
2026-09-23,fdtd,cf29bac2
2026-09-23,fdtd,e338b31a
2026-09-23,fdtd,ebedc160
2026-09-23,fdtd,fa80448b
